id,table,text,translation
PLANT:SINGLE-GRAIN_WHEAT,PLANT:NAME:SINGULAR,single-grain wheat,외알밀
PLANT:SINGLE-GRAIN_WHEAT,PLANT:NAME:PLURAL,single-grain wheat,외알밀
PLANT:SINGLE-GRAIN_WHEAT,PLANT:NAME:ADJECTIVE,single-grain wheat,외알밀
PLANT:SINGLE-GRAIN_WHEAT,PLANT:SEED:SINGULAR,single-grain wheat seed,외알밀 씨앗
PLANT:SINGLE-GRAIN_WHEAT,PLANT:SEED:PLURAL,single-grain wheat seeds,외알밀 씨앗
PLANT:SINGLE-GRAIN_WHEAT,PLANT:PREFSTRING,beer,맥주
PLANT:SINGLE-GRAIN_WHEAT:LEAVES,PLANT:GROWTH:NAME:SINGULAR,single-grain wheat leaf,외알밀 잎
PLANT:SINGLE-GRAIN_WHEAT:LEAVES,PLANT:GROWTH:NAME:PLURAL,single-grain wheat leaves,외알밀 잎
PLANT:TWO-GRAIN_WHEAT,PLANT:NAME:SINGULAR,two-grain wheat,두알밀
PLANT:TWO-GRAIN_WHEAT,PLANT:NAME:PLURAL,two-grain wheat,두알밀
PLANT:TWO-GRAIN_WHEAT,PLANT:NAME:ADJECTIVE,two-grain wheat,두알밀
PLANT:TWO-GRAIN_WHEAT,PLANT:SEED:SINGULAR,two-grain wheat seed,두알밀 씨앗
PLANT:TWO-GRAIN_WHEAT,PLANT:SEED:PLURAL,two-grain wheat seeds,두알밀 씨앗
PLANT:TWO-GRAIN_WHEAT,PLANT:PREFSTRING,beer,맥주
PLANT:TWO-GRAIN_WHEAT:LEAVES,PLANT:GROWTH:NAME:SINGULAR,two-grain wheat leaf,두알밀 잎
PLANT:TWO-GRAIN_WHEAT:LEAVES,PLANT:GROWTH:NAME:PLURAL,two-grain wheat leaves,두알밀 잎
PLANT:SOFT_WHEAT,PLANT:NAME:SINGULAR,soft wheat,연질밀
PLANT:SOFT_WHEAT,PLANT:NAME:PLURAL,soft wheat,연질밀
PLANT:SOFT_WHEAT,PLANT:NAME:ADJECTIVE,soft wheat,연질밀
PLANT:SOFT_WHEAT,PLANT:SEED:SINGULAR,soft wheat seed,연질밀 씨앗
PLANT:SOFT_WHEAT,PLANT:SEED:PLURAL,soft wheat seeds,연질밀 씨앗
PLANT:SOFT_WHEAT,PLANT:PREFSTRING,beer,맥주
PLANT:SOFT_WHEAT:LEAVES,PLANT:GROWTH:NAME:SINGULAR,soft wheat leaf,연질밀 잎
PLANT:SOFT_WHEAT:LEAVES,PLANT:GROWTH:NAME:PLURAL,soft wheat leaves,연질밀 잎
PLANT:HARD_WHEAT,PLANT:NAME:SINGULAR,hard wheat,경질밀
PLANT:HARD_WHEAT,PLANT:NAME:PLURAL,hard wheat,경질밀
PLANT:HARD_WHEAT,PLANT:NAME:ADJECTIVE,hard wheat,경질밀
PLANT:HARD_WHEAT,PLANT:SEED:SINGULAR,hard wheat seed,경질밀 씨앗
PLANT:HARD_WHEAT,PLANT:SEED:PLURAL,hard wheat seeds,경질밀 씨앗
PLANT:HARD_WHEAT,PLANT:PREFSTRING,beer,맥주
PLANT:HARD_WHEAT:LEAVES,PLANT:GROWTH:NAME:SINGULAR,hard wheat leaf,경질밀 잎
PLANT:HARD_WHEAT:LEAVES,PLANT:GROWTH:NAME:PLURAL,hard wheat leaves,경질밀 잎
PLANT:SPELT,PLANT:NAME:SINGULAR,spelt,스펠트밀
PLANT:SPELT,PLANT:NAME:PLURAL,spelt,스펠트밀
PLANT:SPELT,PLANT:NAME:ADJECTIVE,spelt,스펠트밀
PLANT:SPELT,PLANT:SEED:SINGULAR,spelt seed,스펠트밀 씨앗
PLANT:SPELT,PLANT:SEED:PLURAL,spelt seeds,스펠트밀 씨앗
PLANT:SPELT,PLANT:PREFSTRING,beer,맥주
PLANT:SPELT:LEAVES,PLANT:GROWTH:NAME:SINGULAR,spelt leaf,스펠트밀 잎
PLANT:SPELT:LEAVES,PLANT:GROWTH:NAME:PLURAL,spelt leaves,스펠트밀 잎
PLANT:BARLEY,PLANT:NAME:SINGULAR,barley,보리
PLANT:BARLEY,PLANT:NAME:PLURAL,barley,보리
PLANT:BARLEY,PLANT:NAME:ADJECTIVE,barley,보리
PLANT:BARLEY,PLANT:SEED:SINGULAR,barley seed,보리 씨앗
PLANT:BARLEY,PLANT:SEED:PLURAL,barley seeds,보리 씨앗
PLANT:BARLEY,PLANT:PREFSTRING,wine,와인
PLANT:BARLEY:LEAVES,PLANT:GROWTH:NAME:SINGULAR,barley leaf,보리 잎
PLANT:BARLEY:LEAVES,PLANT:GROWTH:NAME:PLURAL,barley leaves,보리 잎
PLANT:BUCKWHEAT,PLANT:NAME:SINGULAR,buckwheat,메밀
PLANT:BUCKWHEAT,PLANT:NAME:PLURAL,buckwheat,메밀
PLANT:BUCKWHEAT,PLANT:NAME:ADJECTIVE,buckwheat,메밀
PLANT:BUCKWHEAT,PLANT:SEED:SINGULAR,buckwheat seed,메밀 씨앗
PLANT:BUCKWHEAT,PLANT:SEED:PLURAL,buckwheat seeds,메밀 씨앗
PLANT:BUCKWHEAT,PLANT:PREFSTRING,beer,맥주
PLANT:BUCKWHEAT:LEAVES,PLANT:GROWTH:NAME:SINGULAR,buckwheat leaf,메밀 잎
PLANT:BUCKWHEAT:LEAVES,PLANT:GROWTH:NAME:PLURAL,buckwheat leaves,메밀 잎
PLANT:BUCKWHEAT:FLOWERS,PLANT:GROWTH:NAME:SINGULAR,buckwheat flower,메밀 꽃
PLANT:BUCKWHEAT:FLOWERS,PLANT:GROWTH:NAME:PLURAL,buckwheat flowers,메밀 꽃
PLANT:OATS,PLANT:NAME:SINGULAR,oat,귀리
PLANT:OATS,PLANT:NAME:PLURAL,oats,귀리
PLANT:OATS,PLANT:NAME:ADJECTIVE,oat,귀리
PLANT:OATS,PLANT:SEED:SINGULAR,oat seed,귀리 씨앗
PLANT:OATS,PLANT:SEED:PLURAL,oat seeds,귀리 씨앗
PLANT:OATS,PLANT:PREFSTRING,beer,맥주
PLANT:OATS:LEAVES,PLANT:GROWTH:NAME:SINGULAR,oat leaf,귀리 잎
PLANT:OATS:LEAVES,PLANT:GROWTH:NAME:PLURAL,oat leaves,귀리 잎
PLANT:ALFALFA,PLANT:NAME:SINGULAR,alfalfa,알팔파
PLANT:ALFALFA,PLANT:NAME:PLURAL,alfalfa,알팔파
PLANT:ALFALFA,PLANT:NAME:ADJECTIVE,alfalfa,알팔파
PLANT:ALFALFA,PLANT:SEED:SINGULAR,alfalfa seed,알팔파 씨앗
PLANT:ALFALFA,PLANT:SEED:PLURAL,alfalfa seeds,알팔파 씨앗
PLANT:ALFALFA,PLANT:PREFSTRING,sprouts,새싹
PLANT:ALFALFA:LEAVES,PLANT:GROWTH:NAME:SINGULAR,alfalfa leaf,알팔파 잎
PLANT:ALFALFA:LEAVES,PLANT:GROWTH:NAME:PLURAL,alfalfa leaves,알팔파 잎
PLANT:ALFALFA:FLOWERS,PLANT:GROWTH:NAME:SINGULAR,alfalfa flower cluster,알팔파 꽃송이
PLANT:ALFALFA:FLOWERS,PLANT:GROWTH:NAME:PLURAL,alfalfa flower clusters,알팔파 꽃송이
PLANT:RYE,PLANT:NAME:SINGULAR,rye,호밀
PLANT:RYE,PLANT:NAME:PLURAL,rye,호밀
PLANT:RYE,PLANT:NAME:ADJECTIVE,rye,호밀
PLANT:RYE,PLANT:SEED:SINGULAR,rye seed,호밀 씨앗
PLANT:RYE,PLANT:SEED:PLURAL,rye seeds,호밀 씨앗
PLANT:RYE,PLANT:PREFSTRING,beer,맥주
PLANT:RYE:LEAVES,PLANT:GROWTH:NAME:SINGULAR,rye leaf,호밀 잎
PLANT:RYE:LEAVES,PLANT:GROWTH:NAME:PLURAL,rye leaves,호밀 잎
PLANT:SORGHUM,PLANT:NAME:SINGULAR,sorghum,수수
PLANT:SORGHUM,PLANT:NAME:PLURAL,sorghum,수수
PLANT:SORGHUM,PLANT:NAME:ADJECTIVE,sorghum,수수
PLANT:SORGHUM,PLANT:SEED:SINGULAR,sorghum seed,수수 씨앗
PLANT:SORGHUM,PLANT:SEED:PLURAL,sorghum seeds,수수 씨앗
PLANT:SORGHUM,PLANT:PREFSTRING,beer,맥주
PLANT:SORGHUM:LEAVES,PLANT:GROWTH:NAME:SINGULAR,sorghum leaf,수수 잎
PLANT:SORGHUM:LEAVES,PLANT:GROWTH:NAME:PLURAL,sorghum leaves,수수 잎
PLANT:SORGHUM:FLOWERS,PLANT:GROWTH:NAME:SINGULAR,sorghum flower cluster,수수 꽃송이
PLANT:SORGHUM:FLOWERS,PLANT:GROWTH:NAME:PLURAL,sorghum flower clusters,수수 꽃송이
PLANT:RICE,PLANT:NAME:SINGULAR,rice plant,벼
PLANT:RICE,PLANT:NAME:PLURAL,rice plants,벼
PLANT:RICE,PLANT:NAME:ADJECTIVE,rice plant,벼
PLANT:RICE,PLANT:SEED:SINGULAR,rice,쌀
PLANT:RICE,PLANT:SEED:PLURAL,rice,쌀
PLANT:RICE,PLANT:PREFSTRING,grain,곡물
PLANT:RICE:LEAVES,PLANT:GROWTH:NAME:SINGULAR,rice leaf,벼 잎
PLANT:RICE:LEAVES,PLANT:GROWTH:NAME:PLURAL,rice leaves,벼 잎
PLANT:MAIZE,PLANT:NAME:SINGULAR,maize plant,옥수수 식물
PLANT:MAIZE,PLANT:NAME:PLURAL,maize plants,옥수수 식물
PLANT:MAIZE,PLANT:NAME:ADJECTIVE,maize plant,옥수수 식물
PLANT:MAIZE,PLANT:SEED:SINGULAR,maize,옥수수
PLANT:MAIZE,PLANT:SEED:PLURAL,maize,옥수수
PLANT:MAIZE,PLANT:PREFSTRING,popped kernels,팝콘
PLANT:MAIZE:LEAVES,PLANT:GROWTH:NAME:SINGULAR,maize leaf,옥수수 잎
PLANT:MAIZE:LEAVES,PLANT:GROWTH:NAME:PLURAL,maize leaves,옥수수 잎
PLANT:QUINOA,PLANT:NAME:SINGULAR,quinoa,퀴노아
PLANT:QUINOA,PLANT:NAME:PLURAL,quinoa,퀴노아
PLANT:QUINOA,PLANT:NAME:ADJECTIVE,quinoa,퀴노아
PLANT:QUINOA,PLANT:SEED:SINGULAR,quinoa seed,퀴노아 씨앗
PLANT:QUINOA,PLANT:SEED:PLURAL,quinoa seeds,퀴노아 씨앗
PLANT:QUINOA,PLANT:PREFSTRING,beer,맥주
PLANT:QUINOA:LEAVES,PLANT:GROWTH:NAME:SINGULAR,quinoa leaf,퀴노아 잎
PLANT:QUINOA:LEAVES,PLANT:GROWTH:NAME:PLURAL,quinoa leaves,퀴노아 잎
PLANT:QUINOA:FLOWERS,PLANT:GROWTH:NAME:SINGULAR,quinoa flower,퀴노아 꽃
PLANT:QUINOA:FLOWERS,PLANT:GROWTH:NAME:PLURAL,quinoa flowers,퀴노아 꽃
PLANT:KANIWA,PLANT:NAME:SINGULAR,kaniwa,카니와
PLANT:KANIWA,PLANT:NAME:PLURAL,kaniwa,카니와
PLANT:KANIWA,PLANT:NAME:ADJECTIVE,kaniwa,카니와
PLANT:KANIWA,PLANT:SEED:SINGULAR,kaniwa seed,카니와 씨앗
PLANT:KANIWA,PLANT:SEED:PLURAL,kaniwa seeds,카니와 씨앗
PLANT:KANIWA,PLANT:PREFSTRING,beer,맥주
PLANT:KANIWA:LEAVES,PLANT:GROWTH:NAME:SINGULAR,kaniwa leaf,카니와 잎
PLANT:KANIWA:LEAVES,PLANT:GROWTH:NAME:PLURAL,kaniwa leaves,카니와 잎
PLANT:KANIWA:FLOWERS,PLANT:GROWTH:NAME:SINGULAR,kaniwa flower,카니와 꽃
PLANT:KANIWA:FLOWERS,PLANT:GROWTH:NAME:PLURAL,kaniwa flowers,카니와 꽃
PLANT:BITTER_VETCH,PLANT:NAME:SINGULAR,bitter vetch,쓴베치
PLANT:BITTER_VETCH,PLANT:NAME:PLURAL,bitter vetch,쓴베치
PLANT:BITTER_VETCH,PLANT:NAME:ADJECTIVE,bitter vetch,쓴베치
PLANT:BITTER_VETCH,PLANT:SEED:SINGULAR,bitter vetch seed,쓴베치 씨앗
PLANT:BITTER_VETCH,PLANT:SEED:PLURAL,bitter vetch seeds,쓴베치 씨앗
PLANT:BITTER_VETCH,PLANT:PREFSTRING,grain,곡물
PLANT:BITTER_VETCH:LEAVES,PLANT:GROWTH:NAME:SINGULAR,bitter vetch leaf,쓴베치 잎
PLANT:BITTER_VETCH:LEAVES,PLANT:GROWTH:NAME:PLURAL,bitter vetch leaves,쓴베치 잎
PLANT:BITTER_VETCH:FLOWERS,PLANT:GROWTH:NAME:SINGULAR,bitter vetch flower,쓴베치 꽃
PLANT:BITTER_VETCH:FLOWERS,PLANT:GROWTH:NAME:PLURAL,bitter vetch flowers,쓴베치 꽃
PLANT:BITTER_VETCH:POD,PLANT:GROWTH:NAME:SINGULAR,bitter vetch pod,쓴베치 꼬투리
PLANT:BITTER_VETCH:POD,PLANT:GROWTH:NAME:PLURAL,bitter vetch pods,쓴베치 꼬투리
PLANT:PENDANT_AMARANTH,PLANT:NAME:SINGULAR,pendant amaranth,꼬리비름
PLANT:PENDANT_AMARANTH,PLANT:NAME:PLURAL,pendant amaranths,꼬리비름
PLANT:PENDANT_AMARANTH,PLANT:NAME:ADJECTIVE,pendant amaranth,꼬리비름
PLANT:PENDANT_AMARANTH,PLANT:SEED:SINGULAR,pendant amaranth seed,꼬리비름 씨앗
PLANT:PENDANT_AMARANTH,PLANT:SEED:PLURAL,pendant amaranth seeds,꼬리비름 씨앗
PLANT:PENDANT_AMARANTH,PLANT:PREFSTRING,striking color,강렬한 색
PLANT:PENDANT_AMARANTH:LEAVES,PLANT:GROWTH:NAME:SINGULAR,pendant amaranth leaf,꼬리비름 잎
PLANT:PENDANT_AMARANTH:LEAVES,PLANT:GROWTH:NAME:PLURAL,pendant amaranth leaves,꼬리비름 잎
PLANT:PENDANT_AMARANTH:FLOWERS,PLANT:GROWTH:NAME:SINGULAR,pendant amaranth inflorescence,늘어진비름 꽃차례
PLANT:PENDANT_AMARANTH:FLOWERS,PLANT:GROWTH:NAME:PLURAL,pendant amaranth inflorescences,늘어진비름 꽃차례
PLANT:BLOOD_AMARANTH,PLANT:NAME:SINGULAR,blood amaranth,피비름
PLANT:BLOOD_AMARANTH,PLANT:NAME:PLURAL,blood amaranths,피비름
PLANT:BLOOD_AMARANTH,PLANT:NAME:ADJECTIVE,blood amaranth,피비름
PLANT:BLOOD_AMARANTH,PLANT:SEED:SINGULAR,blood amaranth seed,피비름 씨앗
PLANT:BLOOD_AMARANTH,PLANT:SEED:PLURAL,blood amaranth seeds,피비름 씨앗
PLANT:BLOOD_AMARANTH,PLANT:PREFSTRING,striking color,눈에 띄는 색채
PLANT:BLOOD_AMARANTH:LEAVES,PLANT:GROWTH:NAME:SINGULAR,blood amaranth leaf,피비름 잎
PLANT:BLOOD_AMARANTH:LEAVES,PLANT:GROWTH:NAME:PLURAL,blood amaranth leaves,피비름 잎
PLANT:BLOOD_AMARANTH:FLOWERS,PLANT:GROWTH:NAME:SINGULAR,blood amaranth inflorescence,피비름 꽃차례
PLANT:BLOOD_AMARANTH:FLOWERS,PLANT:GROWTH:NAME:PLURAL,blood amaranth inflorescences,피비름 꽃차례
PLANT:PURPLE_AMARANTH,PLANT:NAME:SINGULAR,purple amaranth,자주비름
PLANT:PURPLE_AMARANTH,PLANT:NAME:PLURAL,purple amaranths,자주비름
PLANT:PURPLE_AMARANTH,PLANT:NAME:ADJECTIVE,purple amaranth,자주비름
PLANT:PURPLE_AMARANTH,PLANT:SEED:SINGULAR,purple amaranth seed,자주비름 씨앗
PLANT:PURPLE_AMARANTH,PLANT:SEED:PLURAL,purple amaranth seeds,자주비름 씨앗
PLANT:PURPLE_AMARANTH,PLANT:PREFSTRING,striking color,눈에 띄는 색채
PLANT:PURPLE_AMARANTH:LEAVES,PLANT:GROWTH:NAME:SINGULAR,purple amaranth leaf,자주비름 잎
PLANT:PURPLE_AMARANTH:LEAVES,PLANT:GROWTH:NAME:PLURAL,purple amaranth leaves,자주비름 잎
PLANT:PURPLE_AMARANTH:FLOWERS,PLANT:GROWTH:NAME:SINGULAR,purple amaranth inflorescence,자주비름 꽃차례
PLANT:PURPLE_AMARANTH:FLOWERS,PLANT:GROWTH:NAME:PLURAL,purple amaranth inflorescences,자주비름 꽃차례
PLANT:RED_SPINACH,PLANT:NAME:SINGULAR,red spinach,붉은 시금치
PLANT:RED_SPINACH,PLANT:NAME:PLURAL,red spinach,붉은 시금치
PLANT:RED_SPINACH,PLANT:NAME:ADJECTIVE,red spinach,붉은 시금치
PLANT:RED_SPINACH,PLANT:SEED:SINGULAR,red spinach seed,붉은 시금치 씨앗
PLANT:RED_SPINACH,PLANT:SEED:PLURAL,red spinach seeds,붉은 시금치 씨앗
PLANT:RED_SPINACH,PLANT:PREFSTRING,leaves,잎
PLANT:RED_SPINACH:LEAVES,PLANT:GROWTH:NAME:SINGULAR,red spinach leaf,붉은 시금치 잎
PLANT:RED_SPINACH:LEAVES,PLANT:GROWTH:NAME:PLURAL,red spinach leaves,붉은 시금치 잎
PLANT:RED_SPINACH:FLOWERS,PLANT:GROWTH:NAME:SINGULAR,red spinach inflorescence,붉은 시금치 꽃차례
PLANT:RED_SPINACH:FLOWERS,PLANT:GROWTH:NAME:PLURAL,red spinach inflorescences,붉은 시금치 꽃차례
PLANT:ELEPHANT-HEAD_AMARANTH,PLANT:NAME:SINGULAR,elephant-head amaranth,코끼리머리비름
PLANT:ELEPHANT-HEAD_AMARANTH,PLANT:NAME:PLURAL,elephant-head amaranths,코끼리머리비름
PLANT:ELEPHANT-HEAD_AMARANTH,PLANT:NAME:ADJECTIVE,elephant-head amaranth,코끼리머리비름
PLANT:ELEPHANT-HEAD_AMARANTH,PLANT:SEED:SINGULAR,elephant-head amaranth seed,코끼리머리비름 씨앗
PLANT:ELEPHANT-HEAD_AMARANTH,PLANT:SEED:PLURAL,elephant-head amaranth seeds,코끼리머리비름 씨앗
PLANT:ELEPHANT-HEAD_AMARANTH,PLANT:PREFSTRING,leaf coloration,잎의 색채
PLANT:ELEPHANT-HEAD_AMARANTH:LEAVES,PLANT:GROWTH:NAME:SINGULAR,elephant-head amaranth leaf,코끼리머리비름 잎
PLANT:ELEPHANT-HEAD_AMARANTH:LEAVES,PLANT:GROWTH:NAME:PLURAL,elephant-head amaranth leaves,코끼리머리비름 잎
PLANT:ELEPHANT-HEAD_AMARANTH:FLOWERS,PLANT:GROWTH:NAME:SINGULAR,elephant-head amaranth inflorescence,코끼리머리비름 꽃차례
PLANT:ELEPHANT-HEAD_AMARANTH:FLOWERS,PLANT:GROWTH:NAME:PLURAL,elephant-head amaranth inflorescences,코끼리머리비름 꽃차례
PLANT:PEARL_MILLET,PLANT:NAME:SINGULAR,pearl millet plant,진주조 식물
PLANT:PEARL_MILLET,PLANT:NAME:PLURAL,pearl millet plants,진주조 식물
PLANT:PEARL_MILLET,PLANT:NAME:ADJECTIVE,pearl millet plant,진주조 식물
PLANT:PEARL_MILLET,PLANT:SEED:SINGULAR,pearl millet,진주조
PLANT:PEARL_MILLET,PLANT:SEED:PLURAL,pearl millet,진주조
PLANT:PEARL_MILLET,PLANT:PREFSTRING,grain,곡물
PLANT:PEARL_MILLET:LEAVES,PLANT:GROWTH:NAME:SINGULAR,pearl millet leaf,진주조 잎
PLANT:PEARL_MILLET:LEAVES,PLANT:GROWTH:NAME:PLURAL,pearl millet leaves,진주조 잎
PLANT:WHITE_MILLET,PLANT:NAME:SINGULAR,white millet plant,흰 기장 식물
PLANT:WHITE_MILLET,PLANT:NAME:PLURAL,white millet plants,흰 기장 식물
PLANT:WHITE_MILLET,PLANT:NAME:ADJECTIVE,white millet plant,흰 기장 식물
PLANT:WHITE_MILLET,PLANT:SEED:SINGULAR,white millet,흰 기장
PLANT:WHITE_MILLET,PLANT:SEED:PLURAL,white millet,흰 기장
PLANT:WHITE_MILLET,PLANT:PREFSTRING,grain,곡물
PLANT:WHITE_MILLET:LEAVES,PLANT:GROWTH:NAME:SINGULAR,white millet leaf,흰 기장 잎
PLANT:WHITE_MILLET:LEAVES,PLANT:GROWTH:NAME:PLURAL,white millet leaves,흰 기장 잎
PLANT:FINGER_MILLET,PLANT:NAME:SINGULAR,finger millet plant,손가락 기장 식물
PLANT:FINGER_MILLET,PLANT:NAME:PLURAL,finger millet plants,손가락 기장 식물
PLANT:FINGER_MILLET,PLANT:NAME:ADJECTIVE,finger millet plant,손가락 기장 식물
PLANT:FINGER_MILLET,PLANT:SEED:SINGULAR,finger millet,손가락 기장
PLANT:FINGER_MILLET,PLANT:SEED:PLURAL,finger millet,손가락 기장
PLANT:FINGER_MILLET,PLANT:PREFSTRING,grain,곡물
PLANT:FINGER_MILLET:LEAVES,PLANT:GROWTH:NAME:SINGULAR,finger millet leaf,손가락 기장 잎
PLANT:FINGER_MILLET:LEAVES,PLANT:GROWTH:NAME:PLURAL,finger millet leaves,손가락 기장 잎
PLANT:FOXTAIL_MILLET,PLANT:NAME:SINGULAR,foxtail millet plant,여우꼬리 기장 식물
PLANT:FOXTAIL_MILLET,PLANT:NAME:PLURAL,foxtail millet plants,여우꼬리 기장 식물
PLANT:FOXTAIL_MILLET,PLANT:NAME:ADJECTIVE,foxtail millet plant,여우꼬리 기장 식물
PLANT:FOXTAIL_MILLET,PLANT:SEED:SINGULAR,foxtail millet,여우꼬리 기장
PLANT:FOXTAIL_MILLET,PLANT:SEED:PLURAL,foxtail millet,여우꼬리 기장
PLANT:FOXTAIL_MILLET,PLANT:PREFSTRING,grain,곡물
PLANT:FOXTAIL_MILLET:LEAVES,PLANT:GROWTH:NAME:SINGULAR,foxtail millet leaf,여우꼬리 기장 잎
PLANT:FOXTAIL_MILLET:LEAVES,PLANT:GROWTH:NAME:PLURAL,foxtail millet leaves,여우꼬리 기장 잎
PLANT:FONIO,PLANT:NAME:SINGULAR,fonio plant,포니오 식물
PLANT:FONIO,PLANT:NAME:PLURAL,fonio plants,포니오 식물
PLANT:FONIO,PLANT:NAME:ADJECTIVE,fonio plant,포니오 식물
PLANT:FONIO,PLANT:SEED:SINGULAR,fonio,포니오
PLANT:FONIO,PLANT:SEED:PLURAL,fonio,포니오
PLANT:FONIO,PLANT:PREFSTRING,grain,곡물
PLANT:FONIO:LEAVES,PLANT:GROWTH:NAME:SINGULAR,fonio leaf,포니오 잎
PLANT:FONIO:LEAVES,PLANT:GROWTH:NAME:PLURAL,fonio leaves,포니오 잎
PLANT:TEFF,PLANT:NAME:SINGULAR,teff plant,테프 식물
PLANT:TEFF,PLANT:NAME:PLURAL,teff plants,테프 식물
PLANT:TEFF,PLANT:NAME:ADJECTIVE,teff plant,테프 식물
PLANT:TEFF,PLANT:SEED:SINGULAR,teff,테프
PLANT:TEFF,PLANT:SEED:PLURAL,teff,테프
PLANT:TEFF,PLANT:PREFSTRING,grain,곡물
PLANT:TEFF:LEAVES,PLANT:GROWTH:NAME:SINGULAR,teff leaf,테프 잎
PLANT:TEFF:LEAVES,PLANT:GROWTH:NAME:PLURAL,teff leaves,테프 잎
PLANT:FLAX,PLANT:NAME:SINGULAR,flax plant,아마 식물
PLANT:FLAX,PLANT:NAME:PLURAL,flax plants,아마 식물
PLANT:FLAX,PLANT:NAME:ADJECTIVE,flax plant,아마 식물
PLANT:FLAX,PLANT:SEED:SINGULAR,flax seed,아마 씨앗
PLANT:FLAX,PLANT:SEED:PLURAL,flax seeds,아마 씨앗
PLANT:FLAX,PLANT:PREFSTRING,flowers,꽃
PLANT:FLAX:LEAVES,PLANT:GROWTH:NAME:SINGULAR,flax leaf,아마 잎
PLANT:FLAX:LEAVES,PLANT:GROWTH:NAME:PLURAL,flax leaves,아마 잎
PLANT:FLAX:FLOWERS,PLANT:GROWTH:NAME:SINGULAR,flax flower,아마 꽃
PLANT:FLAX:FLOWERS,PLANT:GROWTH:NAME:PLURAL,flax flowers,아마 꽃
PLANT:JUTE,PLANT:NAME:SINGULAR,jute plant,황마 식물
PLANT:JUTE,PLANT:NAME:PLURAL,jute plants,황마 식물
PLANT:JUTE,PLANT:NAME:ADJECTIVE,jute plant,황마 식물
PLANT:JUTE,PLANT:SEED:SINGULAR,jute seed,황마 씨앗
PLANT:JUTE,PLANT:SEED:PLURAL,jute seeds,황마 씨앗
PLANT:JUTE,PLANT:PREFSTRING,fibrous stems,섬유질 줄기
PLANT:JUTE:LEAVES,PLANT:GROWTH:NAME:SINGULAR,jute leaf,황마 잎
PLANT:JUTE:LEAVES,PLANT:GROWTH:NAME:PLURAL,jute leaves,황마 잎
PLANT:JUTE:FLOWERS,PLANT:GROWTH:NAME:SINGULAR,jute flower,황마 꽃
PLANT:JUTE:FLOWERS,PLANT:GROWTH:NAME:PLURAL,jute flowers,황마 꽃
PLANT:HEMP,PLANT:NAME:SINGULAR,hemp plant,대마 식물
PLANT:HEMP,PLANT:NAME:PLURAL,hemp plants,대마 식물
PLANT:HEMP,PLANT:NAME:ADJECTIVE,hemp plant,대마 식물
PLANT:HEMP,PLANT:SEED:SINGULAR,hemp seed,대마 씨앗
PLANT:HEMP,PLANT:SEED:PLURAL,hemp seeds,대마 씨앗
PLANT:HEMP,PLANT:PREFSTRING,leaves,잎
PLANT:HEMP:LEAVES,PLANT:GROWTH:NAME:SINGULAR,hemp leaf,대마 잎
PLANT:HEMP:LEAVES,PLANT:GROWTH:NAME:PLURAL,hemp leaves,대마 잎
PLANT:COTTON,PLANT:NAME:SINGULAR,cotton plant,면화 식물
PLANT:COTTON,PLANT:NAME:PLURAL,cotton plants,면화 식물
PLANT:COTTON,PLANT:NAME:ADJECTIVE,cotton plant,면화 식물
PLANT:COTTON,PLANT:SEED:SINGULAR,cotton seed,면화 씨앗
PLANT:COTTON,PLANT:SEED:PLURAL,cotton seeds,면화 씨앗
PLANT:COTTON,PLANT:PREFSTRING,flowers,꽃
PLANT:COTTON:LEAVES,PLANT:GROWTH:NAME:SINGULAR,cotton leaf,면화 잎
PLANT:COTTON:LEAVES,PLANT:GROWTH:NAME:PLURAL,cotton leaves,면화 잎
PLANT:COTTON:FLOWERS,PLANT:GROWTH:NAME:SINGULAR,cotton flower,면화 꽃
PLANT:COTTON:FLOWERS,PLANT:GROWTH:NAME:PLURAL,cotton flowers,면화 꽃
PLANT:RAMIE,PLANT:NAME:SINGULAR,ramie plant,저마 식물
PLANT:RAMIE,PLANT:NAME:PLURAL,ramie plants,저마 식물
PLANT:RAMIE,PLANT:NAME:ADJECTIVE,ramie plant,저마 식물
PLANT:RAMIE,PLANT:SEED:SINGULAR,ramie seed,저마 씨앗
PLANT:RAMIE,PLANT:SEED:PLURAL,ramie seeds,저마 씨앗
PLANT:RAMIE,PLANT:PREFSTRING,useful stems,유용한 줄기
PLANT:RAMIE:LEAVES,PLANT:GROWTH:NAME:SINGULAR,ramie leaf,저마 잎
PLANT:RAMIE:LEAVES,PLANT:GROWTH:NAME:PLURAL,ramie leaves,저마 잎
PLANT:KENAF,PLANT:NAME:SINGULAR,kenaf plant,케나프 식물
PLANT:KENAF,PLANT:NAME:PLURAL,kenaf plants,케나프 식물
PLANT:KENAF,PLANT:NAME:ADJECTIVE,kenaf plant,케나프 식물
PLANT:KENAF,PLANT:SEED:SINGULAR,kenaf seed,케나프 씨앗
PLANT:KENAF,PLANT:SEED:PLURAL,kenaf seeds,케나프 씨앗
PLANT:KENAF,PLANT:PREFSTRING,flowers,꽃
PLANT:KENAF:LEAVES,PLANT:GROWTH:NAME:SINGULAR,kenaf leaf,케나프 잎
PLANT:KENAF:LEAVES,PLANT:GROWTH:NAME:PLURAL,kenaf leaves,케나프 잎
PLANT:KENAF:FLOWERS,PLANT:GROWTH:NAME:SINGULAR,kenaf flower,케나프 꽃
PLANT:KENAF:FLOWERS,PLANT:GROWTH:NAME:PLURAL,kenaf flowers,케나프 꽃
PLANT:PAPYRUS_SEDGE,PLANT:NAME:SINGULAR,papyrus sedge,파피루스 사초
PLANT:PAPYRUS_SEDGE,PLANT:NAME:PLURAL,papyrus sedges,파피루스 사초
PLANT:PAPYRUS_SEDGE,PLANT:NAME:ADJECTIVE,papyrus sedge,파피루스 사초
PLANT:PAPYRUS_SEDGE,PLANT:SEED:SINGULAR,papyrus seed,파피루스 씨앗
PLANT:PAPYRUS_SEDGE,PLANT:SEED:PLURAL,papyrus seeds,파피루스 씨앗
PLANT:PAPYRUS_SEDGE,PLANT:PREFSTRING,useful stems,유용한 줄기
PLANT:PAPYRUS_SEDGE:LEAVES,PLANT:GROWTH:NAME:SINGULAR,papyrus leaf,파피루스 잎
PLANT:PAPYRUS_SEDGE:LEAVES,PLANT:GROWTH:NAME:PLURAL,papyrus leaves,파피루스 잎
PLANT:PAPYRUS_SEDGE:FLOWERS,PLANT:GROWTH:NAME:SINGULAR,papyrus flower cluster,파피루스 꽃송이
PLANT:PAPYRUS_SEDGE:FLOWERS,PLANT:GROWTH:NAME:PLURAL,papyrus flower clusters,파피루스 꽃송이
PLANT:ARTICHOKE,PLANT:NAME:SINGULAR,artichoke,아티초크
PLANT:ARTICHOKE,PLANT:NAME:PLURAL,artichokes,아티초크
PLANT:ARTICHOKE,PLANT:NAME:ADJECTIVE,artichoke,아티초크
PLANT:ARTICHOKE,PLANT:SEED:SINGULAR,artichoke seed,아티초크 씨앗
PLANT:ARTICHOKE,PLANT:SEED:PLURAL,artichoke seeds,아티초크 씨앗
PLANT:ARTICHOKE,PLANT:PREFSTRING,yummy hearts,맛있는 심
PLANT:ARTICHOKE:LEAVES,PLANT:GROWTH:NAME:SINGULAR,artichoke leaf,아티초크 잎
PLANT:ARTICHOKE:LEAVES,PLANT:GROWTH:NAME:PLURAL,artichoke leaves,아티초크 잎
PLANT:ARTICHOKE:HEART,PLANT:GROWTH:NAME:SINGULAR,artichoke heart,아티초크 심
PLANT:ARTICHOKE:HEART,PLANT:GROWTH:NAME:PLURAL,artichoke hearts,아티초크 심
PLANT:ARTICHOKE:FLOWERS,PLANT:GROWTH:NAME:SINGULAR,artichoke flower,아티초크 꽃
PLANT:ARTICHOKE:FLOWERS,PLANT:GROWTH:NAME:PLURAL,artichoke flowers,아티초크 꽃
PLANT:ASPARAGUS,PLANT:NAME:SINGULAR,asparagus,아스파라거스
PLANT:ASPARAGUS,PLANT:NAME:PLURAL,asparagus,아스파라거스
PLANT:ASPARAGUS,PLANT:NAME:ADJECTIVE,asparagus,아스파라거스
PLANT:ASPARAGUS,PLANT:SEED:SINGULAR,asparagus seed,아스파라거스 씨앗
PLANT:ASPARAGUS,PLANT:SEED:PLURAL,asparagus seeds,아스파라거스 씨앗
PLANT:ASPARAGUS,PLANT:PREFSTRING,delicious shoots,맛있는 어린순
PLANT:ASPARAGUS:LEAVES,PLANT:GROWTH:NAME:SINGULAR,asparagus leaf,아스파라거스 잎
PLANT:ASPARAGUS:LEAVES,PLANT:GROWTH:NAME:PLURAL,asparagus leaves,아스파라거스 잎
PLANT:ASPARAGUS:FLOWERS,PLANT:GROWTH:NAME:SINGULAR,asparagus flower,아스파라거스 꽃
PLANT:ASPARAGUS:FLOWERS,PLANT:GROWTH:NAME:PLURAL,asparagus flowers,아스파라거스 꽃
PLANT:ASPARAGUS:FRUIT,PLANT:GROWTH:NAME:SINGULAR,asparagus berry,아스파라거스 베리
PLANT:ASPARAGUS:FRUIT,PLANT:GROWTH:NAME:PLURAL,asparagus berries,아스파라거스 베리
PLANT:BAMBARA_GROUNDNUT,PLANT:NAME:SINGULAR,bambara groundnut plant,밤바라 땅콩 식물
PLANT:BAMBARA_GROUNDNUT,PLANT:NAME:PLURAL,bambara groundnut plants,밤바라 땅콩 식물
PLANT:BAMBARA_GROUNDNUT,PLANT:NAME:ADJECTIVE,bambara groundnut plant,밤바라 땅콩 식물
PLANT:BAMBARA_GROUNDNUT,PLANT:SEED:SINGULAR,bambara groundnut,밤바라 땅콩
PLANT:BAMBARA_GROUNDNUT,PLANT:SEED:PLURAL,bambara groundnuts,밤바라 땅콩
PLANT:BAMBARA_GROUNDNUT,PLANT:PREFSTRING,edible nuts,식용 견과류
PLANT:BAMBARA_GROUNDNUT:LEAVES,PLANT:GROWTH:NAME:SINGULAR,bambara groundnut leaf,밤바라 땅콩 잎
PLANT:BAMBARA_GROUNDNUT:LEAVES,PLANT:GROWTH:NAME:PLURAL,bambara groundnut leaves,밤바라 땅콩 잎
PLANT:BAMBARA_GROUNDNUT:FLOWERS,PLANT:GROWTH:NAME:SINGULAR,bambara groundnut flower,밤바라 땅콩 꽃
PLANT:BAMBARA_GROUNDNUT:FLOWERS,PLANT:GROWTH:NAME:PLURAL,bambara groundnut flowers,밤바라 땅콩 꽃
PLANT:BAMBARA_GROUNDNUT:FRUIT,PLANT:GROWTH:NAME:SINGULAR,bambara groundnut pod,밤바라 땅콩 꼬투리
PLANT:BAMBARA_GROUNDNUT:FRUIT,PLANT:GROWTH:NAME:PLURAL,bambara groundnut pods,밤바라 땅콩 꼬투리
PLANT:STRING_BEAN,PLANT:NAME:SINGULAR,string bean plant,그린빈 식물
PLANT:STRING_BEAN,PLANT:NAME:PLURAL,string bean plants,그린빈 식물
PLANT:STRING_BEAN,PLANT:NAME:ADJECTIVE,string bean plant,그린빈 식물
PLANT:STRING_BEAN,PLANT:SEED:SINGULAR,string bean,그린빈
PLANT:STRING_BEAN,PLANT:SEED:PLURAL,string beans,그린빈
PLANT:STRING_BEAN,PLANT:PREFSTRING,pods,꼬투리
PLANT:STRING_BEAN:LEAVES,PLANT:GROWTH:NAME:SINGULAR,string bean leaf,그린빈 잎
PLANT:STRING_BEAN:LEAVES,PLANT:GROWTH:NAME:PLURAL,string bean leaves,그린빈 잎
PLANT:STRING_BEAN:FLOWERS,PLANT:GROWTH:NAME:SINGULAR,string bean flower,풋강낭콩 꽃
PLANT:STRING_BEAN:FLOWERS,PLANT:GROWTH:NAME:PLURAL,string bean flowers,풋강낭콩 꽃
PLANT:STRING_BEAN:POD,PLANT:GROWTH:NAME:SINGULAR,string bean pod,풋강낭콩 꼬투리
PLANT:STRING_BEAN:POD,PLANT:GROWTH:NAME:PLURAL,string bean pods,풋강낭콩 꼬투리
PLANT:BROAD_BEAN,PLANT:NAME:SINGULAR,broad bean plant,잠두 식물
PLANT:BROAD_BEAN,PLANT:NAME:PLURAL,broad bean plants,잠두 식물
PLANT:BROAD_BEAN,PLANT:NAME:ADJECTIVE,broad bean plant,잠두 식물
PLANT:BROAD_BEAN,PLANT:SEED:SINGULAR,broad bean,잠두
PLANT:BROAD_BEAN,PLANT:SEED:PLURAL,broad beans,잠두
PLANT:BROAD_BEAN,PLANT:PREFSTRING,pods,꼬투리
PLANT:BROAD_BEAN:LEAVES,PLANT:GROWTH:NAME:SINGULAR,broad bean leaf,잠두 잎
PLANT:BROAD_BEAN:LEAVES,PLANT:GROWTH:NAME:PLURAL,broad bean leaves,잠두 잎
PLANT:BROAD_BEAN:FLOWERS,PLANT:GROWTH:NAME:SINGULAR,broad bean flower,잠두 꽃
PLANT:BROAD_BEAN:FLOWERS,PLANT:GROWTH:NAME:PLURAL,broad bean flowers,잠두 꽃
PLANT:BROAD_BEAN:POD,PLANT:GROWTH:NAME:SINGULAR,broad bean pod,잠두 꼬투리
PLANT:BROAD_BEAN:POD,PLANT:GROWTH:NAME:PLURAL,broad bean pods,잠두 꼬투리
PLANT:BEET,PLANT:NAME:SINGULAR,beet plant,사탕무 식물
PLANT:BEET,PLANT:NAME:PLURAL,beet plants,사탕무 식물
PLANT:BEET,PLANT:NAME:ADJECTIVE,beet plant,사탕무 식물
PLANT:BEET,PLANT:SEED:SINGULAR,beet seed,사탕무 씨앗
PLANT:BEET,PLANT:SEED:PLURAL,beet seeds,사탕무 씨앗
PLANT:BEET,PLANT:PREFSTRING,edible roots,식용 뿌리
PLANT:BEET:LEAVES,PLANT:GROWTH:NAME:SINGULAR,beet leaf,사탕무 잎
PLANT:BEET:LEAVES,PLANT:GROWTH:NAME:PLURAL,beet leaves,사탕무 잎
PLANT:BEET:FLOWERS,PLANT:GROWTH:NAME:SINGULAR,beet flower spike,사탕무 이삭꽃차례
PLANT:BEET:FLOWERS,PLANT:GROWTH:NAME:PLURAL,beet flower spikes,사탕무 이삭꽃차례
PLANT:BITTER_MELON,PLANT:NAME:SINGULAR,bitter melon vine,여주 덩굴
PLANT:BITTER_MELON,PLANT:NAME:PLURAL,bitter melon vines,여주 덩굴
PLANT:BITTER_MELON,PLANT:NAME:ADJECTIVE,bitter melon vine,여주 덩굴
PLANT:BITTER_MELON,PLANT:SEED:SINGULAR,bitter melon seed,여주 씨앗
PLANT:BITTER_MELON,PLANT:SEED:PLURAL,bitter melon seeds,여주 씨앗
PLANT:BITTER_MELON,PLANT:PREFSTRING,taste,맛
PLANT:BITTER_MELON:LEAVES,PLANT:GROWTH:NAME:SINGULAR,bitter melon leaf,여주 잎
PLANT:BITTER_MELON:LEAVES,PLANT:GROWTH:NAME:PLURAL,bitter melon leaves,여주 잎
PLANT:BITTER_MELON:FLOWERS,PLANT:GROWTH:NAME:SINGULAR,bitter melon flower,여주 꽃
PLANT:BITTER_MELON:FLOWERS,PLANT:GROWTH:NAME:PLURAL,bitter melon flowers,여주 꽃
PLANT:BITTER_MELON:FRUIT,PLANT:GROWTH:NAME:SINGULAR,bitter melon,여주
PLANT:BITTER_MELON:FRUIT,PLANT:GROWTH:NAME:PLURAL,bitter melons,여주
PLANT:CABBAGE,PLANT:NAME:SINGULAR,cabbage,양배추
PLANT:CABBAGE,PLANT:NAME:PLURAL,cabbages,양배추
PLANT:CABBAGE,PLANT:NAME:ADJECTIVE,cabbage,양배추
PLANT:CABBAGE,PLANT:SEED:SINGULAR,cabbage seed,양배추 씨앗
PLANT:CABBAGE,PLANT:SEED:PLURAL,cabbage seeds,양배추 씨앗
PLANT:CABBAGE,PLANT:PREFSTRING,taste,맛
PLANT:CABBAGE:LEAVES,PLANT:GROWTH:NAME:SINGULAR,cabbage leaf,양배추 잎
PLANT:CABBAGE:LEAVES,PLANT:GROWTH:NAME:PLURAL,cabbage leaves,양배추 잎
PLANT:CABBAGE:FLOWERS,PLANT:GROWTH:NAME:SINGULAR,cabbage flower spike,양배추 이삭꽃차례
PLANT:CABBAGE:FLOWERS,PLANT:GROWTH:NAME:PLURAL,cabbage flower spikes,양배추 이삭꽃차례
PLANT:CAPER,PLANT:NAME:SINGULAR,caper bush,케이퍼 관목
PLANT:CAPER,PLANT:NAME:PLURAL,caper bushes,케이퍼 관목
PLANT:CAPER,PLANT:NAME:ADJECTIVE,caper bush,케이퍼 관목
PLANT:CAPER,PLANT:SEED:SINGULAR,caper seed,케이퍼 씨앗
PLANT:CAPER,PLANT:SEED:PLURAL,caper seeds,케이퍼 씨앗
PLANT:CAPER,PLANT:PREFSTRING,buds and berries,꽃봉오리와 베리
PLANT:CAPER:LEAVES,PLANT:GROWTH:NAME:SINGULAR,caper leaf,케이퍼 잎
PLANT:CAPER:LEAVES,PLANT:GROWTH:NAME:PLURAL,caper leaves,케이퍼 잎
PLANT:CAPER:BUDS,PLANT:GROWTH:NAME:SINGULAR,caper,케이퍼
PLANT:CAPER:BUDS,PLANT:GROWTH:NAME:PLURAL,capers,케이퍼
PLANT:CAPER:FLOWERS,PLANT:GROWTH:NAME:SINGULAR,caper flower,케이퍼 꽃
PLANT:CAPER:FLOWERS,PLANT:GROWTH:NAME:PLURAL,caper flowers,케이퍼 꽃
PLANT:CAPER:FRUIT,PLANT:GROWTH:NAME:SINGULAR,caper berry,케이퍼 베리
PLANT:CAPER:FRUIT,PLANT:GROWTH:NAME:PLURAL,caper berries,케이퍼 베리
PLANT:WILD_CARROT,PLANT:NAME:SINGULAR,wild carrot plant,야생 당근 식물
PLANT:WILD_CARROT,PLANT:NAME:PLURAL,wild carrot plants,야생 당근 식물
PLANT:WILD_CARROT,PLANT:NAME:ADJECTIVE,wild carrot plant,야생 당근 식물
PLANT:WILD_CARROT,PLANT:SEED:SINGULAR,carrot seed,당근 씨앗
PLANT:WILD_CARROT,PLANT:SEED:PLURAL,carrot seeds,당근 씨앗
PLANT:WILD_CARROT,PLANT:PREFSTRING,edible roots,식용 뿌리
PLANT:WILD_CARROT:LEAVES,PLANT:GROWTH:NAME:SINGULAR,carrot leaf,당근 잎
PLANT:WILD_CARROT:LEAVES,PLANT:GROWTH:NAME:PLURAL,carrot leaves,당근 잎
PLANT:WILD_CARROT:FLOWERS,PLANT:GROWTH:NAME:SINGULAR,carrot umbel,당근 산형화서
PLANT:WILD_CARROT:FLOWERS,PLANT:GROWTH:NAME:PLURAL,carrot umbels,당근 산형화서
PLANT:CASSAVA,PLANT:NAME:SINGULAR,cassava,카사바
PLANT:CASSAVA,PLANT:NAME:PLURAL,cassavas,카사바
PLANT:CASSAVA,PLANT:NAME:ADJECTIVE,cassava,카사바
PLANT:CASSAVA,PLANT:SEED:SINGULAR,cassava seed,카사바 씨앗
PLANT:CASSAVA,PLANT:SEED:PLURAL,cassava seeds,카사바 씨앗
PLANT:CASSAVA,PLANT:PREFSTRING,roots,뿌리
PLANT:CASSAVA:LEAVES,PLANT:GROWTH:NAME:SINGULAR,cassava leaf,카사바 잎
PLANT:CASSAVA:LEAVES,PLANT:GROWTH:NAME:PLURAL,cassava leaves,카사바 잎
PLANT:CASSAVA:FLOWERS,PLANT:GROWTH:NAME:SINGULAR,cassava flower,카사바 꽃
PLANT:CASSAVA:FLOWERS,PLANT:GROWTH:NAME:PLURAL,cassava flowers,카사바 꽃
PLANT:CELERY,PLANT:NAME:SINGULAR,celery,셀러리
PLANT:CELERY,PLANT:NAME:PLURAL,celery,셀러리
PLANT:CELERY,PLANT:NAME:ADJECTIVE,celery,셀러리
PLANT:CELERY,PLANT:SEED:SINGULAR,celery seed,셀러리 씨앗
PLANT:CELERY,PLANT:SEED:PLURAL,celery seeds,셀러리 씨앗
PLANT:CELERY,PLANT:PREFSTRING,taste,맛
PLANT:CELERY:LEAVES,PLANT:GROWTH:NAME:SINGULAR,celery leaf,셀러리 잎
PLANT:CELERY:LEAVES,PLANT:GROWTH:NAME:PLURAL,celery leaves,셀러리 잎
PLANT:CELERY:FLOWERS,PLANT:GROWTH:NAME:SINGULAR,celery umbel,셀러리 산형화서
PLANT:CELERY:FLOWERS,PLANT:GROWTH:NAME:PLURAL,celery umbels,셀러리 산형화서
PLANT:CHICKPEA,PLANT:NAME:SINGULAR,chickpea plant,병아리콩 식물
PLANT:CHICKPEA,PLANT:NAME:PLURAL,chickpea plants,병아리콩 식물
PLANT:CHICKPEA,PLANT:NAME:ADJECTIVE,chickpea plant,병아리콩 식물
PLANT:CHICKPEA,PLANT:SEED:SINGULAR,chickpea,병아리콩
PLANT:CHICKPEA,PLANT:SEED:PLURAL,chickpeas,병아리콩
PLANT:CHICKPEA,PLANT:PREFSTRING,pods,꼬투리
PLANT:CHICKPEA:LEAVES,PLANT:GROWTH:NAME:SINGULAR,chickpea leaf,병아리콩 잎
PLANT:CHICKPEA:LEAVES,PLANT:GROWTH:NAME:PLURAL,chickpea leaves,병아리콩 잎
PLANT:CHICKPEA:FLOWERS,PLANT:GROWTH:NAME:SINGULAR,chickpea flower,병아리콩 꽃
PLANT:CHICKPEA:FLOWERS,PLANT:GROWTH:NAME:PLURAL,chickpea flowers,병아리콩 꽃
PLANT:CHICKPEA:POD,PLANT:GROWTH:NAME:SINGULAR,chickpea pod,병아리콩 꼬투리
PLANT:CHICKPEA:POD,PLANT:GROWTH:NAME:PLURAL,chickpea pods,병아리콩 꼬투리
PLANT:CHICORY,PLANT:NAME:SINGULAR,chicory,치커리
PLANT:CHICORY,PLANT:NAME:PLURAL,chicory,치커리
PLANT:CHICORY,PLANT:NAME:ADJECTIVE,chicory,치커리
PLANT:CHICORY,PLANT:SEED:SINGULAR,chicory seed,치커리 씨앗
PLANT:CHICORY,PLANT:SEED:PLURAL,chicory seeds,치커리 씨앗
PLANT:CHICORY,PLANT:PREFSTRING,taste,맛
PLANT:CHICORY:LEAVES,PLANT:GROWTH:NAME:SINGULAR,chicory leaf,치커리 잎
PLANT:CHICORY:LEAVES,PLANT:GROWTH:NAME:PLURAL,chicory leaves,치커리 잎
PLANT:CHICORY:FLOWERS,PLANT:GROWTH:NAME:SINGULAR,chicory flower,치커리 꽃
PLANT:CHICORY:FLOWERS,PLANT:GROWTH:NAME:PLURAL,chicory flowers,치커리 꽃
PLANT:COWPEA,PLANT:NAME:SINGULAR,cowpea plant,동부콩 식물
PLANT:COWPEA,PLANT:NAME:PLURAL,cowpea plants,동부콩 식물
PLANT:COWPEA,PLANT:NAME:ADJECTIVE,cowpea plant,동부콩 식물
PLANT:COWPEA,PLANT:SEED:SINGULAR,cowpea,동부콩
PLANT:COWPEA,PLANT:SEED:PLURAL,cowpeas,동부콩
PLANT:COWPEA,PLANT:PREFSTRING,pods,꼬투리
PLANT:COWPEA:LEAVES,PLANT:GROWTH:NAME:SINGULAR,cowpea leaf,동부콩 잎
PLANT:COWPEA:LEAVES,PLANT:GROWTH:NAME:PLURAL,cowpea leaves,동부콩 잎
PLANT:COWPEA:FLOWERS,PLANT:GROWTH:NAME:SINGULAR,cowpea flower,동부콩 꽃
PLANT:COWPEA:FLOWERS,PLANT:GROWTH:NAME:PLURAL,cowpea flowers,동부콩 꽃
PLANT:COWPEA:POD,PLANT:GROWTH:NAME:SINGULAR,cowpea pod,동부콩 꼬투리
PLANT:COWPEA:POD,PLANT:GROWTH:NAME:PLURAL,cowpea pods,동부콩 꼬투리
PLANT:CUCUMBER,PLANT:NAME:SINGULAR,cucumber vine,오이 덩굴
PLANT:CUCUMBER,PLANT:NAME:PLURAL,cucumber vines,오이 덩굴
PLANT:CUCUMBER,PLANT:NAME:ADJECTIVE,cucumber vine,오이 덩굴
PLANT:CUCUMBER,PLANT:SEED:SINGULAR,cucumber seed,오이 씨앗
PLANT:CUCUMBER,PLANT:SEED:PLURAL,cucumber seeds,오이 씨앗
PLANT:CUCUMBER,PLANT:PREFSTRING,fruit,열매
PLANT:CUCUMBER:LEAVES,PLANT:GROWTH:NAME:SINGULAR,cucumber leaf,오이 잎
PLANT:CUCUMBER:LEAVES,PLANT:GROWTH:NAME:PLURAL,cucumber leaves,오이 잎
PLANT:CUCUMBER:FLOWERS,PLANT:GROWTH:NAME:SINGULAR,cucumber flower,오이 꽃
PLANT:CUCUMBER:FLOWERS,PLANT:GROWTH:NAME:PLURAL,cucumber flowers,오이 꽃
PLANT:CUCUMBER:FRUIT,PLANT:GROWTH:NAME:SINGULAR,cucumber,오이
PLANT:CUCUMBER:FRUIT,PLANT:GROWTH:NAME:PLURAL,cucumbers,오이
PLANT:EGGPLANT,PLANT:NAME:SINGULAR,eggplant,가지
PLANT:EGGPLANT,PLANT:NAME:PLURAL,eggplants,가지
PLANT:EGGPLANT,PLANT:NAME:ADJECTIVE,eggplant,가지
PLANT:EGGPLANT,PLANT:SEED:SINGULAR,eggplant seed,가지 씨앗
PLANT:EGGPLANT,PLANT:SEED:PLURAL,eggplant seeds,가지 씨앗
PLANT:EGGPLANT,PLANT:PREFSTRING,fruit,열매
PLANT:EGGPLANT:LEAVES,PLANT:GROWTH:NAME:SINGULAR,eggplant leaf,가지 잎
PLANT:EGGPLANT:LEAVES,PLANT:GROWTH:NAME:PLURAL,eggplant leaves,가지 잎
PLANT:EGGPLANT:FLOWERS,PLANT:GROWTH:NAME:SINGULAR,eggplant flower,가지 꽃
PLANT:EGGPLANT:FLOWERS,PLANT:GROWTH:NAME:PLURAL,eggplant flowers,가지 꽃
PLANT:EGGPLANT:FRUIT,PLANT:GROWTH:NAME:SINGULAR,eggplant,가지
PLANT:EGGPLANT:FRUIT,PLANT:GROWTH:NAME:PLURAL,eggplants,가지
PLANT:GARDEN_CRESS,PLANT:NAME:SINGULAR,garden cress,미나리
PLANT:GARDEN_CRESS,PLANT:NAME:PLURAL,garden cress,미나리
PLANT:GARDEN_CRESS,PLANT:NAME:ADJECTIVE,garden cress,미나리
PLANT:GARDEN_CRESS,PLANT:SEED:SINGULAR,garden cress seed,미나리 씨앗
PLANT:GARDEN_CRESS,PLANT:SEED:PLURAL,garden cress seeds,미나리 씨앗
PLANT:GARDEN_CRESS,PLANT:PREFSTRING,taste,맛
PLANT:GARDEN_CRESS:LEAVES,PLANT:GROWTH:NAME:SINGULAR,garden cress leaf,미나리 잎
PLANT:GARDEN_CRESS:LEAVES,PLANT:GROWTH:NAME:PLURAL,garden cress leaves,미나리 잎
PLANT:GARDEN_CRESS:FLOWERS,PLANT:GROWTH:NAME:SINGULAR,garden cress raceme,미나리 총상꽃차례
PLANT:GARDEN_CRESS:FLOWERS,PLANT:GROWTH:NAME:PLURAL,garden cress racemes,미나리 총상꽃차례
PLANT:GARLIC,PLANT:NAME:SINGULAR,garlic plant,마늘 식물
PLANT:GARLIC,PLANT:NAME:PLURAL,garlic plants,마늘 식물
PLANT:GARLIC,PLANT:NAME:ADJECTIVE,garlic plant,마늘 식물
PLANT:GARLIC,PLANT:SEED:SINGULAR,garlic seed,마늘 씨앗
PLANT:GARLIC,PLANT:SEED:PLURAL,garlic seeds,마늘 씨앗
PLANT:GARLIC,PLANT:PREFSTRING,cloves,마늘쪽
PLANT:GARLIC:LEAVES,PLANT:GROWTH:NAME:SINGULAR,garlic leaf,마늘 잎
PLANT:GARLIC:LEAVES,PLANT:GROWTH:NAME:PLURAL,garlic leaves,마늘 잎
PLANT:GARLIC:FLOWERS,PLANT:GROWTH:NAME:SINGULAR,garlic flower,마늘 꽃
PLANT:GARLIC:FLOWERS,PLANT:GROWTH:NAME:PLURAL,garlic flowers,마늘 꽃
PLANT:GARLIC:BULB,PLANT:GROWTH:NAME:SINGULAR,garlic bulb,마늘 구근
PLANT:GARLIC:BULB,PLANT:GROWTH:NAME:PLURAL,garlic bulbs,마늘 구근
PLANT:HORNED_MELON,PLANT:NAME:SINGULAR,horned melon vine,키와노 덩굴
PLANT:HORNED_MELON,PLANT:NAME:PLURAL,horned melon vines,키와노 덩굴
PLANT:HORNED_MELON,PLANT:NAME:ADJECTIVE,horned melon vine,키와노 덩굴
PLANT:HORNED_MELON,PLANT:SEED:SINGULAR,horned melon seed,키와노 씨앗
PLANT:HORNED_MELON,PLANT:SEED:PLURAL,horned melon seeds,키와노 씨앗
PLANT:HORNED_MELON,PLANT:PREFSTRING,fruit,열매
PLANT:HORNED_MELON:LEAVES,PLANT:GROWTH:NAME:SINGULAR,horned melon leaf,키와노 잎
PLANT:HORNED_MELON:LEAVES,PLANT:GROWTH:NAME:PLURAL,horned melon leaves,키와노 잎
PLANT:HORNED_MELON:FLOWERS,PLANT:GROWTH:NAME:SINGULAR,horned melon flower,키와노 꽃
PLANT:HORNED_MELON:FLOWERS,PLANT:GROWTH:NAME:PLURAL,horned melon flowers,키와노 꽃
PLANT:HORNED_MELON:FRUIT,PLANT:GROWTH:NAME:SINGULAR,horned melon,키와노
PLANT:HORNED_MELON:FRUIT,PLANT:GROWTH:NAME:PLURAL,horned melons,키와노
PLANT:LEEK,PLANT:NAME:SINGULAR,leek,리크
PLANT:LEEK,PLANT:NAME:PLURAL,leeks,리크
PLANT:LEEK,PLANT:NAME:ADJECTIVE,leek,리크
PLANT:LEEK,PLANT:SEED:SINGULAR,leek seed,리크 씨앗
PLANT:LEEK,PLANT:SEED:PLURAL,leek seeds,리크 씨앗
PLANT:LEEK,PLANT:PREFSTRING,taste,맛
PLANT:LEEK:LEAVES,PLANT:GROWTH:NAME:SINGULAR,leek leaf,리크 잎
PLANT:LEEK:LEAVES,PLANT:GROWTH:NAME:PLURAL,leek leaves,리크 잎
PLANT:LEEK:FLOWERS,PLANT:GROWTH:NAME:SINGULAR,leek flower,리크 꽃
PLANT:LEEK:FLOWERS,PLANT:GROWTH:NAME:PLURAL,leek flowers,리크 꽃
PLANT:LENTIL,PLANT:NAME:SINGULAR,lentil plant,렌틸콩 식물
PLANT:LENTIL,PLANT:NAME:PLURAL,lentil plants,렌틸콩 식물
PLANT:LENTIL,PLANT:NAME:ADJECTIVE,lentil plant,렌틸콩 식물
PLANT:LENTIL,PLANT:SEED:SINGULAR,lentil,렌틸콩
PLANT:LENTIL,PLANT:SEED:PLURAL,lentils,렌틸콩
PLANT:LENTIL,PLANT:PREFSTRING,lens-shaped seeds,렌즈 모양의 씨앗
PLANT:LENTIL:LEAVES,PLANT:GROWTH:NAME:SINGULAR,lentil leaf,렌틸콩 잎
PLANT:LENTIL:LEAVES,PLANT:GROWTH:NAME:PLURAL,lentil leaves,렌틸콩 잎
PLANT:LENTIL:FLOWERS,PLANT:GROWTH:NAME:SINGULAR,lentil flower,렌틸콩 꽃
PLANT:LENTIL:FLOWERS,PLANT:GROWTH:NAME:PLURAL,lentil flowers,렌틸콩 꽃
PLANT:LENTIL:POD,PLANT:GROWTH:NAME:SINGULAR,lentil pod,렌틸콩 꼬투리
PLANT:LENTIL:POD,PLANT:GROWTH:NAME:PLURAL,lentil pods,렌틸콩 꼬투리
PLANT:LETTUCE,PLANT:NAME:SINGULAR,lettuce,상추
PLANT:LETTUCE,PLANT:NAME:PLURAL,lettuces,상추
PLANT:LETTUCE,PLANT:NAME:ADJECTIVE,lettuce,상추
PLANT:LETTUCE,PLANT:SEED:SINGULAR,lettuce seed,상추 씨앗
PLANT:LETTUCE,PLANT:SEED:PLURAL,lettuce seeds,상추 씨앗
PLANT:LETTUCE,PLANT:PREFSTRING,taste,맛
PLANT:LETTUCE:LEAVES,PLANT:GROWTH:NAME:SINGULAR,lettuce leaf,상추 잎
PLANT:LETTUCE:LEAVES,PLANT:GROWTH:NAME:PLURAL,lettuce leaves,상추 잎
PLANT:LETTUCE:FLOWERS,PLANT:GROWTH:NAME:SINGULAR,lettuce flower stalk,상추 꽃대
PLANT:LETTUCE:FLOWERS,PLANT:GROWTH:NAME:PLURAL,lettuce flower stalks,상추 꽃대
PLANT:MUNG_BEAN,PLANT:NAME:SINGULAR,mung bean plant,녹두 식물
PLANT:MUNG_BEAN,PLANT:NAME:PLURAL,mung bean plants,녹두 식물
PLANT:MUNG_BEAN,PLANT:NAME:ADJECTIVE,mung bean plant,녹두 식물
PLANT:MUNG_BEAN,PLANT:SEED:SINGULAR,mung bean,녹두
PLANT:MUNG_BEAN,PLANT:SEED:PLURAL,mung beans,녹두
PLANT:MUNG_BEAN,PLANT:PREFSTRING,pods,꼬투리
PLANT:MUNG_BEAN:LEAVES,PLANT:GROWTH:NAME:SINGULAR,mung bean leaf,녹두 잎
PLANT:MUNG_BEAN:LEAVES,PLANT:GROWTH:NAME:PLURAL,mung bean leaves,녹두 잎
PLANT:MUNG_BEAN:FLOWERS,PLANT:GROWTH:NAME:SINGULAR,mung bean flower,녹두 꽃
PLANT:MUNG_BEAN:FLOWERS,PLANT:GROWTH:NAME:PLURAL,mung bean flowers,녹두 꽃
PLANT:MUNG_BEAN:POD,PLANT:GROWTH:NAME:SINGULAR,mung bean pod,녹두 꼬투리
PLANT:MUNG_BEAN:POD,PLANT:GROWTH:NAME:PLURAL,mung bean pods,녹두 꼬투리
PLANT:MUSKMELON,PLANT:NAME:SINGULAR,muskmelon vine,머스크멜론 덩굴
PLANT:MUSKMELON,PLANT:NAME:PLURAL,muskmelon vines,머스크멜론 덩굴
PLANT:MUSKMELON,PLANT:NAME:ADJECTIVE,muskmelon vine,머스크멜론 덩굴
PLANT:MUSKMELON,PLANT:SEED:SINGULAR,muskmelon seed,머스크멜론 씨앗
PLANT:MUSKMELON,PLANT:SEED:PLURAL,muskmelon seeds,머스크멜론 씨앗
PLANT:MUSKMELON,PLANT:PREFSTRING,fruit,열매
PLANT:MUSKMELON:LEAVES,PLANT:GROWTH:NAME:SINGULAR,muskmelon leaf,머스크멜론 잎
PLANT:MUSKMELON:LEAVES,PLANT:GROWTH:NAME:PLURAL,muskmelon leaves,머스크멜론 잎
PLANT:MUSKMELON:FLOWERS,PLANT:GROWTH:NAME:SINGULAR,muskmelon flower,머스크멜론 꽃
PLANT:MUSKMELON:FLOWERS,PLANT:GROWTH:NAME:PLURAL,muskmelon flowers,머스크멜론 꽃
PLANT:MUSKMELON:FRUIT,PLANT:GROWTH:NAME:SINGULAR,muskmelon,머스크멜론
PLANT:MUSKMELON:FRUIT,PLANT:GROWTH:NAME:PLURAL,muskmelons,머스크멜론
PLANT:ONION,PLANT:NAME:SINGULAR,onion plant,양파 식물
PLANT:ONION,PLANT:NAME:PLURAL,onion plants,양파 식물
PLANT:ONION,PLANT:NAME:ADJECTIVE,onion plant,양파 식물
PLANT:ONION,PLANT:SEED:SINGULAR,onion seed,양파 씨앗
PLANT:ONION,PLANT:SEED:PLURAL,onion seeds,양파 씨앗
PLANT:ONION,PLANT:PREFSTRING,bulbs,구근
PLANT:ONION:LEAVES,PLANT:GROWTH:NAME:SINGULAR,onion leaf,양파 잎
PLANT:ONION:LEAVES,PLANT:GROWTH:NAME:PLURAL,onion leaves,양파 잎
PLANT:ONION:FLOWERS,PLANT:GROWTH:NAME:SINGULAR,onion umbel,양파 산형꽃차례
PLANT:ONION:FLOWERS,PLANT:GROWTH:NAME:PLURAL,onion umbels,양파 산형꽃차례
PLANT:ONION:BULB,PLANT:GROWTH:NAME:SINGULAR,onion,양파
PLANT:ONION:BULB,PLANT:GROWTH:NAME:PLURAL,onions,양파
PLANT:PARSNIP,PLANT:NAME:SINGULAR,parsnip plant,파스닙 식물
PLANT:PARSNIP,PLANT:NAME:PLURAL,parsnip plants,파스닙 식물
PLANT:PARSNIP,PLANT:NAME:ADJECTIVE,parsnip plant,파스닙 식물
PLANT:PARSNIP,PLANT:SEED:SINGULAR,parsnip seed,파스닙 씨앗
PLANT:PARSNIP,PLANT:SEED:PLURAL,parsnip seeds,파스닙 씨앗
PLANT:PARSNIP,PLANT:PREFSTRING,edible roots,식용 뿌리
PLANT:PARSNIP:LEAVES,PLANT:GROWTH:NAME:SINGULAR,parsnip leaf,파스닙 잎
PLANT:PARSNIP:LEAVES,PLANT:GROWTH:NAME:PLURAL,parsnip leaves,파스닙 잎
PLANT:PARSNIP:FLOWERS,PLANT:GROWTH:NAME:SINGULAR,parsnip umbel,파스닙 산형화서
PLANT:PARSNIP:FLOWERS,PLANT:GROWTH:NAME:PLURAL,parsnip umbels,파스닙 산형화서
PLANT:PEA,PLANT:NAME:SINGULAR,pea plant,완두콩 식물
PLANT:PEA,PLANT:NAME:PLURAL,pea plants,완두콩 식물
PLANT:PEA,PLANT:NAME:ADJECTIVE,pea plant,완두콩 식물
PLANT:PEA,PLANT:SEED:SINGULAR,pea,완두콩
PLANT:PEA,PLANT:SEED:PLURAL,peas,완두콩
PLANT:PEA,PLANT:PREFSTRING,pods,꼬투리
PLANT:PEA:LEAVES,PLANT:GROWTH:NAME:SINGULAR,pea leaf,완두콩 잎
PLANT:PEA:LEAVES,PLANT:GROWTH:NAME:PLURAL,pea leaves,완두콩 잎
PLANT:PEA:FLOWERS,PLANT:GROWTH:NAME:SINGULAR,pea flower,완두콩 꽃
PLANT:PEA:FLOWERS,PLANT:GROWTH:NAME:PLURAL,pea flowers,완두콩 꽃
PLANT:PEA:POD,PLANT:GROWTH:NAME:SINGULAR,pea pod,완두콩 꼬투리
PLANT:PEA:POD,PLANT:GROWTH:NAME:PLURAL,pea pods,완두콩 꼬투리
PLANT:PEANUT,PLANT:NAME:SINGULAR,peanut plant,땅콩 식물
PLANT:PEANUT,PLANT:NAME:PLURAL,peanut plants,땅콩 식물
PLANT:PEANUT,PLANT:NAME:ADJECTIVE,peanut plant,땅콩 식물
PLANT:PEANUT,PLANT:SEED:SINGULAR,peanut,땅콩
PLANT:PEANUT,PLANT:SEED:PLURAL,peanuts,땅콩
PLANT:PEANUT,PLANT:PREFSTRING,edible nuts,식용 견과류
PLANT:PEANUT:LEAVES,PLANT:GROWTH:NAME:SINGULAR,peanut leaf,땅콩 잎
PLANT:PEANUT:LEAVES,PLANT:GROWTH:NAME:PLURAL,peanut leaves,땅콩 잎
PLANT:PEANUT:FLOWERS,PLANT:GROWTH:NAME:SINGULAR,peanut flower,땅콩 꽃
PLANT:PEANUT:FLOWERS,PLANT:GROWTH:NAME:PLURAL,peanut flowers,땅콩 꽃
PLANT:PEANUT:FRUIT,PLANT:GROWTH:NAME:SINGULAR,peanut pod,땅콩 꼬투리
PLANT:PEANUT:FRUIT,PLANT:GROWTH:NAME:PLURAL,peanut pods,땅콩 꼬투리
PLANT:PEPPER,PLANT:NAME:SINGULAR,pepper plant,후추 식물
PLANT:PEPPER,PLANT:NAME:PLURAL,pepper plants,후추 식물
PLANT:PEPPER,PLANT:NAME:ADJECTIVE,pepper plant,후추 식물
PLANT:PEPPER,PLANT:SEED:SINGULAR,pepper seed,후추 씨앗
PLANT:PEPPER,PLANT:SEED:PLURAL,pepper seeds,후추 씨앗
PLANT:PEPPER,PLANT:PREFSTRING,fruit,열매
PLANT:PEPPER:LEAVES,PLANT:GROWTH:NAME:SINGULAR,pepper leaf,후추 잎
PLANT:PEPPER:LEAVES,PLANT:GROWTH:NAME:PLURAL,pepper leaves,후추 잎
PLANT:PEPPER:FLOWERS,PLANT:GROWTH:NAME:SINGULAR,pepper flower,후추 꽃
PLANT:PEPPER:FLOWERS,PLANT:GROWTH:NAME:PLURAL,pepper flowers,후추 꽃
PLANT:PEPPER:FRUIT,PLANT:GROWTH:NAME:SINGULAR,pepper,후추
PLANT:PEPPER:FRUIT,PLANT:GROWTH:NAME:PLURAL,peppers,후추
PLANT:POTATO,PLANT:NAME:SINGULAR,potato plant,감자 식물
PLANT:POTATO,PLANT:NAME:PLURAL,potato plants,감자 식물
PLANT:POTATO,PLANT:NAME:ADJECTIVE,potato plant,감자 식물
PLANT:POTATO,PLANT:SEED:SINGULAR,potato seed,감자 씨앗
PLANT:POTATO,PLANT:SEED:PLURAL,potato seeds,감자 씨앗
PLANT:POTATO,PLANT:PREFSTRING,edible tubers,식용 괴경
PLANT:POTATO:LEAVES,PLANT:GROWTH:NAME:SINGULAR,potato leaf,감자 잎
PLANT:POTATO:LEAVES,PLANT:GROWTH:NAME:PLURAL,potato leaves,감자 잎
PLANT:POTATO:FLOWERS,PLANT:GROWTH:NAME:SINGULAR,potato flower,감자 꽃
PLANT:POTATO:FLOWERS,PLANT:GROWTH:NAME:PLURAL,potato flowers,감자 꽃
PLANT:RADISH,PLANT:NAME:SINGULAR,radish plant,래디시 식물
PLANT:RADISH,PLANT:NAME:PLURAL,radish plants,래디시 식물
PLANT:RADISH,PLANT:NAME:ADJECTIVE,radish plant,래디시 식물
PLANT:RADISH,PLANT:SEED:SINGULAR,radish seed,래디시 씨앗
PLANT:RADISH,PLANT:SEED:PLURAL,radish seeds,래디시 씨앗
PLANT:RADISH,PLANT:PREFSTRING,edible roots,식용 뿌리
PLANT:RADISH:LEAVES,PLANT:GROWTH:NAME:SINGULAR,radish leaf,래디시 잎
PLANT:RADISH:LEAVES,PLANT:GROWTH:NAME:PLURAL,radish leaves,래디시 잎
PLANT:RADISH:FLOWERS,PLANT:GROWTH:NAME:SINGULAR,radish raceme,래디시 총상꽃차례
PLANT:RADISH:FLOWERS,PLANT:GROWTH:NAME:PLURAL,radish racemes,래디시 총상꽃차례
PLANT:RED_BEAN,PLANT:NAME:SINGULAR,red bean vine,팥 덩굴
PLANT:RED_BEAN,PLANT:NAME:PLURAL,red bean vines,팥 덩굴
PLANT:RED_BEAN,PLANT:NAME:ADJECTIVE,red bean vine,팥 덩굴
PLANT:RED_BEAN,PLANT:SEED:SINGULAR,red bean,팥
PLANT:RED_BEAN,PLANT:SEED:PLURAL,red beans,팥
PLANT:RED_BEAN,PLANT:PREFSTRING,pods,꼬투리
PLANT:RED_BEAN:LEAVES,PLANT:GROWTH:NAME:SINGULAR,red bean leaf,팥 잎
PLANT:RED_BEAN:LEAVES,PLANT:GROWTH:NAME:PLURAL,red bean leaves,팥 잎
PLANT:RED_BEAN:FLOWERS,PLANT:GROWTH:NAME:SINGULAR,red bean flower,팥 꽃
PLANT:RED_BEAN:FLOWERS,PLANT:GROWTH:NAME:PLURAL,red bean flowers,팥 꽃
PLANT:RED_BEAN:POD,PLANT:GROWTH:NAME:SINGULAR,red bean pod,팥 꼬투리
PLANT:RED_BEAN:POD,PLANT:GROWTH:NAME:PLURAL,red bean pods,팥 꼬투리
PLANT:RHUBARB,PLANT:NAME:SINGULAR,rhubarb,대황
PLANT:RHUBARB,PLANT:NAME:PLURAL,rhubarbs,대황
PLANT:RHUBARB,PLANT:NAME:ADJECTIVE,rhubarb,대황
PLANT:RHUBARB,PLANT:SEED:SINGULAR,rhubarb seed,대황 씨앗
PLANT:RHUBARB,PLANT:SEED:PLURAL,rhubarb seeds,대황 씨앗
PLANT:RHUBARB,PLANT:PREFSTRING,taste,맛
PLANT:RHUBARB:LEAVES,PLANT:GROWTH:NAME:SINGULAR,rhubarb leaf,대황 잎
PLANT:RHUBARB:LEAVES,PLANT:GROWTH:NAME:PLURAL,rhubarb leaves,대황 잎
PLANT:RHUBARB:FLOWERS,PLANT:GROWTH:NAME:SINGULAR,rhubarb inflorescence,대황 꽃차례
PLANT:RHUBARB:FLOWERS,PLANT:GROWTH:NAME:PLURAL,rhubarb inflorescences,대황 꽃차례
PLANT:SOYBEAN,PLANT:NAME:SINGULAR,soybean plant,콩 식물
PLANT:SOYBEAN,PLANT:NAME:PLURAL,soybean plants,콩 식물
PLANT:SOYBEAN,PLANT:NAME:ADJECTIVE,soybean plant,콩 식물
PLANT:SOYBEAN,PLANT:SEED:SINGULAR,soybean,콩
PLANT:SOYBEAN,PLANT:SEED:PLURAL,soybeans,콩
PLANT:SOYBEAN,PLANT:PREFSTRING,milk,두유
PLANT:SOYBEAN:LEAVES,PLANT:GROWTH:NAME:SINGULAR,soybean leaf,콩 잎
PLANT:SOYBEAN:LEAVES,PLANT:GROWTH:NAME:PLURAL,soybean leaves,콩 잎
PLANT:SOYBEAN:FLOWERS,PLANT:GROWTH:NAME:SINGULAR,soybean flower,콩 꽃
PLANT:SOYBEAN:FLOWERS,PLANT:GROWTH:NAME:PLURAL,soybean flowers,콩 꽃
PLANT:SOYBEAN:POD,PLANT:GROWTH:NAME:SINGULAR,soybean pod,대두 꼬투리
PLANT:SOYBEAN:POD,PLANT:GROWTH:NAME:PLURAL,soybean pods,대두 꼬투리
PLANT:SPINACH,PLANT:NAME:SINGULAR,spinach,시금치
PLANT:SPINACH,PLANT:NAME:PLURAL,spinach,시금치
PLANT:SPINACH,PLANT:NAME:ADJECTIVE,spinach,시금치
PLANT:SPINACH,PLANT:SEED:SINGULAR,spinach seed,시금치 씨앗
PLANT:SPINACH,PLANT:SEED:PLURAL,spinach seeds,시금치 씨앗
PLANT:SPINACH,PLANT:PREFSTRING,leaves,잎
PLANT:SPINACH:LEAVES,PLANT:GROWTH:NAME:SINGULAR,spinach leaf,시금치 잎
PLANT:SPINACH:LEAVES,PLANT:GROWTH:NAME:PLURAL,spinach leaves,시금치 잎
PLANT:SPINACH:FLOWERS,PLANT:GROWTH:NAME:SINGULAR,spinach flower,시금치 꽃
PLANT:SPINACH:FLOWERS,PLANT:GROWTH:NAME:PLURAL,spinach flowers,시금치 꽃
PLANT:SQUASH,PLANT:NAME:SINGULAR,squash vine,주키니 덩굴
PLANT:SQUASH,PLANT:NAME:PLURAL,squash vines,주키니 덩굴
PLANT:SQUASH,PLANT:NAME:ADJECTIVE,squash vine,주키니 덩굴
PLANT:SQUASH,PLANT:SEED:SINGULAR,squash seed,주키니 씨앗
PLANT:SQUASH,PLANT:SEED:PLURAL,squash seeds,주키니 씨앗
PLANT:SQUASH,PLANT:PREFSTRING,fruit,열매
PLANT:SQUASH:LEAVES,PLANT:GROWTH:NAME:SINGULAR,squash leaf,주키니 잎
PLANT:SQUASH:LEAVES,PLANT:GROWTH:NAME:PLURAL,squash leaves,주키니 잎
PLANT:SQUASH:FLOWERS,PLANT:GROWTH:NAME:SINGULAR,squash flower,주키니 꽃
PLANT:SQUASH:FLOWERS,PLANT:GROWTH:NAME:PLURAL,squash flowers,주키니 꽃
PLANT:SQUASH:FRUIT,PLANT:GROWTH:NAME:SINGULAR,squash,주키니
PLANT:SQUASH:FRUIT,PLANT:GROWTH:NAME:PLURAL,squashes,주키니
PLANT:SWEET_POTATO,PLANT:NAME:SINGULAR,sweet potato plant,고구마 식물
PLANT:SWEET_POTATO,PLANT:NAME:PLURAL,sweet potato plants,고구마 식물
PLANT:SWEET_POTATO,PLANT:NAME:ADJECTIVE,sweet potato plant,고구마 식물
PLANT:SWEET_POTATO,PLANT:SEED:SINGULAR,sweet potato seed,고구마 씨앗
PLANT:SWEET_POTATO,PLANT:SEED:PLURAL,sweet potato seeds,고구마 씨앗
PLANT:SWEET_POTATO,PLANT:PREFSTRING,edible tubers,식용 덩이줄기
PLANT:SWEET_POTATO:LEAVES,PLANT:GROWTH:NAME:SINGULAR,sweet potato leaf,고구마 잎
PLANT:SWEET_POTATO:LEAVES,PLANT:GROWTH:NAME:PLURAL,sweet potato leaves,고구마 잎
PLANT:SWEET_POTATO:FLOWERS,PLANT:GROWTH:NAME:SINGULAR,sweet potato flower,고구마 꽃
PLANT:SWEET_POTATO:FLOWERS,PLANT:GROWTH:NAME:PLURAL,sweet potato flowers,고구마 꽃
PLANT:TARO,PLANT:NAME:SINGULAR,taro,토란
PLANT:TARO,PLANT:NAME:PLURAL,taro,토란
PLANT:TARO,PLANT:NAME:ADJECTIVE,taro,토란
PLANT:TARO,PLANT:SEED:SINGULAR,taro seed,토란 씨앗
PLANT:TARO,PLANT:SEED:PLURAL,taro seeds,토란 씨앗
PLANT:TARO,PLANT:PREFSTRING,roots,뿌리
PLANT:TARO:LEAVES,PLANT:GROWTH:NAME:SINGULAR,taro leaf,토란 잎
PLANT:TARO:LEAVES,PLANT:GROWTH:NAME:PLURAL,taro leaves,토란 잎
PLANT:TARO:FLOWERS,PLANT:GROWTH:NAME:SINGULAR,taro flower,토란 꽃
PLANT:TARO:FLOWERS,PLANT:GROWTH:NAME:PLURAL,taro flowers,토란 꽃
PLANT:TOMATO,PLANT:NAME:SINGULAR,tomato plant,토마토 식물
PLANT:TOMATO,PLANT:NAME:PLURAL,tomato plants,토마토 식물
PLANT:TOMATO,PLANT:NAME:ADJECTIVE,tomato plant,토마토 식물
PLANT:TOMATO,PLANT:SEED:SINGULAR,tomato seed,토마토 씨앗
PLANT:TOMATO,PLANT:SEED:PLURAL,tomato seeds,토마토 씨앗
PLANT:TOMATO,PLANT:PREFSTRING,fruit,열매
PLANT:TOMATO:LEAVES,PLANT:GROWTH:NAME:SINGULAR,tomato leaf,토마토 잎
PLANT:TOMATO:LEAVES,PLANT:GROWTH:NAME:PLURAL,tomato leaves,토마토 잎
PLANT:TOMATO:FLOWERS,PLANT:GROWTH:NAME:SINGULAR,tomato flower,토마토 꽃
PLANT:TOMATO:FLOWERS,PLANT:GROWTH:NAME:PLURAL,tomato flowers,토마토 꽃
PLANT:TOMATO:FRUIT,PLANT:GROWTH:NAME:SINGULAR,tomato,토마토
PLANT:TOMATO:FRUIT,PLANT:GROWTH:NAME:PLURAL,tomatoes,토마토
PLANT:TOMATILLO,PLANT:NAME:SINGULAR,tomatillo plant,토마틸로 식물
PLANT:TOMATILLO,PLANT:NAME:PLURAL,tomatillo plants,토마틸로 식물
PLANT:TOMATILLO,PLANT:NAME:ADJECTIVE,tomatillo plant,토마틸로 식물
PLANT:TOMATILLO,PLANT:SEED:SINGULAR,tomatillo seed,토마틸로 씨앗
PLANT:TOMATILLO,PLANT:SEED:PLURAL,tomatillo seeds,토마틸로 씨앗
PLANT:TOMATILLO,PLANT:PREFSTRING,fruit,열매
PLANT:TOMATILLO:LEAVES,PLANT:GROWTH:NAME:SINGULAR,tomatillo leaf,토마틸로 잎
PLANT:TOMATILLO:LEAVES,PLANT:GROWTH:NAME:PLURAL,tomatillo leaves,토마틸로 잎
PLANT:TOMATILLO:FLOWERS,PLANT:GROWTH:NAME:SINGULAR,tomatillo flower,토마틸로 꽃
PLANT:TOMATILLO:FLOWERS,PLANT:GROWTH:NAME:PLURAL,tomatillo flowers,토마틸로 꽃
PLANT:TOMATILLO:FRUIT,PLANT:GROWTH:NAME:SINGULAR,tomatillo,토마틸로
PLANT:TOMATILLO:FRUIT,PLANT:GROWTH:NAME:PLURAL,tomatillos,토마틸로
PLANT:TURNIP,PLANT:NAME:SINGULAR,turnip plant,순무 식물
PLANT:TURNIP,PLANT:NAME:PLURAL,turnip plants,순무 식물
PLANT:TURNIP,PLANT:NAME:ADJECTIVE,turnip plant,순무 식물
PLANT:TURNIP,PLANT:SEED:SINGULAR,turnip seed,순무 씨앗
PLANT:TURNIP,PLANT:SEED:PLURAL,turnip seeds,순무 씨앗
PLANT:TURNIP,PLANT:PREFSTRING,edible roots,식용 뿌리
PLANT:TURNIP:LEAVES,PLANT:GROWTH:NAME:SINGULAR,turnip leaf,순무 잎
PLANT:TURNIP:LEAVES,PLANT:GROWTH:NAME:PLURAL,turnip leaves,순무 잎
PLANT:TURNIP:FLOWERS,PLANT:GROWTH:NAME:SINGULAR,turnip flower,순무 꽃
PLANT:TURNIP:FLOWERS,PLANT:GROWTH:NAME:PLURAL,turnip flowers,순무 꽃
PLANT:URAD_BEAN,PLANT:NAME:SINGULAR,urad bean plant,우라드 검은콩 식물
PLANT:URAD_BEAN,PLANT:NAME:PLURAL,urad bean plants,우라드 검은콩 식물
PLANT:URAD_BEAN,PLANT:NAME:ADJECTIVE,urad bean plant,우라드 검은콩 식물
PLANT:URAD_BEAN,PLANT:SEED:SINGULAR,urad bean,우라드 검은콩
PLANT:URAD_BEAN,PLANT:SEED:PLURAL,urad beans,우라드 검은콩
PLANT:URAD_BEAN,PLANT:PREFSTRING,pods,꼬투리
PLANT:URAD_BEAN:LEAVES,PLANT:GROWTH:NAME:SINGULAR,urad bean leaf,우라드 검은콩 잎
PLANT:URAD_BEAN:LEAVES,PLANT:GROWTH:NAME:PLURAL,urad bean leaves,우라드 검은콩 잎
PLANT:URAD_BEAN:FLOWERS,PLANT:GROWTH:NAME:SINGULAR,urad bean flower,우라드 검은콩 꽃
PLANT:URAD_BEAN:FLOWERS,PLANT:GROWTH:NAME:PLURAL,urad bean flowers,우라드 검은콩 꽃
PLANT:URAD_BEAN:POD,PLANT:GROWTH:NAME:SINGULAR,urad bean pod,우라드 검은콩 꼬투리
PLANT:URAD_BEAN:POD,PLANT:GROWTH:NAME:PLURAL,urad bean pods,우라드 검은콩 꼬투리
PLANT:WATERMELON,PLANT:NAME:SINGULAR,watermelon vine,수박 덩굴
PLANT:WATERMELON,PLANT:NAME:PLURAL,watermelon vines,수박 덩굴
PLANT:WATERMELON,PLANT:NAME:ADJECTIVE,watermelon vine,수박 덩굴
PLANT:WATERMELON,PLANT:SEED:SINGULAR,watermelon seed,수박 씨앗
PLANT:WATERMELON,PLANT:SEED:PLURAL,watermelon seeds,수박 씨앗
PLANT:WATERMELON,PLANT:PREFSTRING,fruit,열매
PLANT:WATERMELON:LEAVES,PLANT:GROWTH:NAME:SINGULAR,watermelon leaf,수박 잎
PLANT:WATERMELON:LEAVES,PLANT:GROWTH:NAME:PLURAL,watermelon leaves,수박 잎
PLANT:WATERMELON:FLOWERS,PLANT:GROWTH:NAME:SINGULAR,watermelon flower,수박 꽃
PLANT:WATERMELON:FLOWERS,PLANT:GROWTH:NAME:PLURAL,watermelon flowers,수박 꽃
PLANT:WATERMELON:FRUIT,PLANT:GROWTH:NAME:SINGULAR,watermelon,수박
PLANT:WATERMELON:FRUIT,PLANT:GROWTH:NAME:PLURAL,watermelons,수박
PLANT:WINTER_MELON,PLANT:NAME:SINGULAR,winter melon vine,동아 덩굴
PLANT:WINTER_MELON,PLANT:NAME:PLURAL,winter melon vines,동아 덩굴
PLANT:WINTER_MELON,PLANT:NAME:ADJECTIVE,winter melon vine,동아 덩굴
PLANT:WINTER_MELON,PLANT:SEED:SINGULAR,winter melon seed,동아 씨앗
PLANT:WINTER_MELON,PLANT:SEED:PLURAL,winter melon seeds,동아 씨앗
PLANT:WINTER_MELON,PLANT:PREFSTRING,fruit,과일
PLANT:WINTER_MELON:LEAVES,PLANT:GROWTH:NAME:SINGULAR,winter melon leaf,동아 잎
PLANT:WINTER_MELON:LEAVES,PLANT:GROWTH:NAME:PLURAL,winter melon leaves,동아 잎
PLANT:WINTER_MELON:FLOWERS,PLANT:GROWTH:NAME:SINGULAR,winter melon flower,동아 꽃
PLANT:WINTER_MELON:FLOWERS,PLANT:GROWTH:NAME:PLURAL,winter melon flowers,동아 꽃
PLANT:WINTER_MELON:FRUIT,PLANT:GROWTH:NAME:SINGULAR,winter melon,동아
PLANT:WINTER_MELON:FRUIT,PLANT:GROWTH:NAME:PLURAL,winter melons,동아
PLANT:LESSER_YAM,PLANT:NAME:SINGULAR,lesser yam plant,작은 얌 식물
PLANT:LESSER_YAM,PLANT:NAME:PLURAL,lesser yam plants,작은 얌 식물
PLANT:LESSER_YAM,PLANT:NAME:ADJECTIVE,lesser yam plant,작은 얌 식물
PLANT:LESSER_YAM,PLANT:SEED:SINGULAR,lesser yam seed,작은 얌 씨앗
PLANT:LESSER_YAM,PLANT:SEED:PLURAL,lesser yam seeds,작은 얌 씨앗
PLANT:LESSER_YAM,PLANT:PREFSTRING,tubers,덩이줄기
PLANT:LESSER_YAM:LEAVES,PLANT:GROWTH:NAME:SINGULAR,lesser yam leaf,작은 얌 잎
PLANT:LESSER_YAM:LEAVES,PLANT:GROWTH:NAME:PLURAL,lesser yam leaves,작은 얌 잎
PLANT:LESSER_YAM:FLOWERS,PLANT:GROWTH:NAME:SINGULAR,lesser yam flower,작은 얌 꽃
PLANT:LESSER_YAM:FLOWERS,PLANT:GROWTH:NAME:PLURAL,lesser yam flowers,작은 얌 꽃
PLANT:LONG_YAM,PLANT:NAME:SINGULAR,long yam plant,긴 얌 식물
PLANT:LONG_YAM,PLANT:NAME:PLURAL,long yam plants,긴 얌 식물
PLANT:LONG_YAM,PLANT:NAME:ADJECTIVE,long yam plant,긴 얌 식물
PLANT:LONG_YAM,PLANT:SEED:SINGULAR,long yam seed,긴 얌 씨앗
PLANT:LONG_YAM,PLANT:SEED:PLURAL,long yam seeds,긴 얌 씨앗
PLANT:LONG_YAM,PLANT:PREFSTRING,tubers,덩이줄기
PLANT:LONG_YAM:LEAVES,PLANT:GROWTH:NAME:SINGULAR,long yam leaf,긴 얌 잎
PLANT:LONG_YAM:LEAVES,PLANT:GROWTH:NAME:PLURAL,long yam leaves,긴 얌 잎
PLANT:LONG_YAM:FLOWERS,PLANT:GROWTH:NAME:SINGULAR,long yam flower,긴 얌 꽃
PLANT:LONG_YAM:FLOWERS,PLANT:GROWTH:NAME:PLURAL,long yam flowers,긴 얌 꽃
PLANT:PURPLE_YAM,PLANT:NAME:SINGULAR,purple yam plant,자색 얌 식물
PLANT:PURPLE_YAM,PLANT:NAME:PLURAL,purple yam plants,자색 얌 식물
PLANT:PURPLE_YAM,PLANT:NAME:ADJECTIVE,purple yam plant,자색 얌 식물
PLANT:PURPLE_YAM,PLANT:SEED:SINGULAR,purple yam seed,자색 얌 씨앗
PLANT:PURPLE_YAM,PLANT:SEED:PLURAL,purple yam seeds,자색 얌 씨앗
PLANT:PURPLE_YAM,PLANT:PREFSTRING,tubers,덩이줄기
PLANT:PURPLE_YAM:LEAVES,PLANT:GROWTH:NAME:SINGULAR,purple yam leaf,자색 얌 잎
PLANT:PURPLE_YAM:LEAVES,PLANT:GROWTH:NAME:PLURAL,purple yam leaves,자색 얌 잎
PLANT:PURPLE_YAM:FLOWERS,PLANT:GROWTH:NAME:SINGULAR,purple yam flower,자색 얌 꽃
PLANT:PURPLE_YAM:FLOWERS,PLANT:GROWTH:NAME:PLURAL,purple yam flowers,자색 얌 꽃
PLANT:WHITE_YAM,PLANT:NAME:SINGULAR,white yam plant,흰 얌 식물
PLANT:WHITE_YAM,PLANT:NAME:PLURAL,white yam plants,흰 얌 식물
PLANT:WHITE_YAM,PLANT:NAME:ADJECTIVE,white yam plant,흰 얌 식물
PLANT:WHITE_YAM,PLANT:SEED:SINGULAR,white yam seed,흰 얌 씨앗
PLANT:WHITE_YAM,PLANT:SEED:PLURAL,white yam seeds,흰 얌 씨앗
PLANT:WHITE_YAM,PLANT:PREFSTRING,tubers,덩이줄기
PLANT:WHITE_YAM:LEAVES,PLANT:GROWTH:NAME:SINGULAR,white yam leaf,흰 참마 잎
PLANT:WHITE_YAM:LEAVES,PLANT:GROWTH:NAME:PLURAL,white yam leaves,흰 참마 잎
PLANT:WHITE_YAM:FLOWERS,PLANT:GROWTH:NAME:SINGULAR,white yam flower,흰 참마 꽃
PLANT:WHITE_YAM:FLOWERS,PLANT:GROWTH:NAME:PLURAL,white yam flowers,흰 참마 꽃
PLANT:PASSION_FRUIT,PLANT:NAME:SINGULAR,passion fruit vine,패션프루트 덩굴
PLANT:PASSION_FRUIT,PLANT:NAME:PLURAL,passion fruit vines,패션프루트 덩굴
PLANT:PASSION_FRUIT,PLANT:NAME:ADJECTIVE,passion fruit vine,패션프루트 덩굴
PLANT:PASSION_FRUIT,PLANT:SEED:SINGULAR,passion fruit seed,패션프루트 씨앗
PLANT:PASSION_FRUIT,PLANT:SEED:PLURAL,passion fruit seeds,패션프루트 씨앗
PLANT:PASSION_FRUIT,PLANT:PREFSTRING,fruit,열매
PLANT:PASSION_FRUIT:LEAVES,PLANT:GROWTH:NAME:SINGULAR,passion fruit leaf,패션프루트 잎
PLANT:PASSION_FRUIT:LEAVES,PLANT:GROWTH:NAME:PLURAL,passion fruit leaves,패션프루트 잎
PLANT:PASSION_FRUIT:FLOWERS,PLANT:GROWTH:NAME:SINGULAR,passion fruit flower,패션프루트 꽃
PLANT:PASSION_FRUIT:FLOWERS,PLANT:GROWTH:NAME:PLURAL,passion fruit flowers,패션프루트 꽃
PLANT:PASSION_FRUIT:FRUIT,PLANT:GROWTH:NAME:SINGULAR,passion fruit,패션프루트
PLANT:PASSION_FRUIT:FRUIT,PLANT:GROWTH:NAME:PLURAL,passion fruits,패션프루트
PLANT:GRAPE,PLANT:NAME:SINGULAR,grape vine,포도 덩굴
PLANT:GRAPE,PLANT:NAME:PLURAL,grape vines,포도 덩굴
PLANT:GRAPE,PLANT:NAME:ADJECTIVE,grape vine,포도 덩굴
PLANT:GRAPE,PLANT:SEED:SINGULAR,grape seed,포도 씨앗
PLANT:GRAPE,PLANT:SEED:PLURAL,grape seeds,포도 씨앗
PLANT:GRAPE,PLANT:PREFSTRING,fruit,열매
PLANT:GRAPE:LEAVES,PLANT:GROWTH:NAME:SINGULAR,grape leaf,포도 잎
PLANT:GRAPE:LEAVES,PLANT:GROWTH:NAME:PLURAL,grape leaves,포도 잎
PLANT:GRAPE:FLOWERS,PLANT:GROWTH:NAME:SINGULAR,grape inflorescence,포도 꽃차례
PLANT:GRAPE:FLOWERS,PLANT:GROWTH:NAME:PLURAL,grape inflorescences,포도 꽃차례
PLANT:GRAPE:FRUIT,PLANT:GROWTH:NAME:SINGULAR,grape,포도
PLANT:GRAPE:FRUIT,PLANT:GROWTH:NAME:PLURAL,grapes,포도
PLANT:CRANBERRY,PLANT:NAME:SINGULAR,cranberry vine,크랜베리 덩굴
PLANT:CRANBERRY,PLANT:NAME:PLURAL,cranberry vines,크랜베리 덩굴
PLANT:CRANBERRY,PLANT:NAME:ADJECTIVE,cranberry vine,크랜베리 덩굴
PLANT:CRANBERRY,PLANT:SEED:SINGULAR,cranberry seed,크랜베리 씨앗
PLANT:CRANBERRY,PLANT:SEED:PLURAL,cranberry seeds,크랜베리 씨앗
PLANT:CRANBERRY,PLANT:PREFSTRING,fruit,열매
PLANT:CRANBERRY:LEAVES,PLANT:GROWTH:NAME:SINGULAR,cranberry leaf,크랜베리 잎
PLANT:CRANBERRY:LEAVES,PLANT:GROWTH:NAME:PLURAL,cranberry leaves,크랜베리 잎
PLANT:CRANBERRY:FLOWERS,PLANT:GROWTH:NAME:SINGULAR,cranberry flower,크랜베리 꽃
PLANT:CRANBERRY:FLOWERS,PLANT:GROWTH:NAME:PLURAL,cranberry flowers,크랜베리 꽃
PLANT:CRANBERRY:FRUIT,PLANT:GROWTH:NAME:SINGULAR,cranberry,크랜베리
PLANT:CRANBERRY:FRUIT,PLANT:GROWTH:NAME:PLURAL,cranberries,크랜베리
PLANT:BILBERRY,PLANT:NAME:SINGULAR,bilberry bush,빌베리 관목
PLANT:BILBERRY,PLANT:NAME:PLURAL,bilberry bushes,빌베리 관목
PLANT:BILBERRY,PLANT:NAME:ADJECTIVE,bilberry bush,빌베리 관목
PLANT:BILBERRY,PLANT:SEED:SINGULAR,bilberry seed,빌베리 씨앗
PLANT:BILBERRY,PLANT:SEED:PLURAL,bilberry seeds,빌베리 씨앗
PLANT:BILBERRY,PLANT:PREFSTRING,fruit,열매
PLANT:BILBERRY:LEAVES,PLANT:GROWTH:NAME:SINGULAR,bilberry leaf,빌베리 잎
PLANT:BILBERRY:LEAVES,PLANT:GROWTH:NAME:PLURAL,bilberry leaves,빌베리 잎
PLANT:BILBERRY:FLOWERS,PLANT:GROWTH:NAME:SINGULAR,bilberry flower,빌베리 꽃
PLANT:BILBERRY:FLOWERS,PLANT:GROWTH:NAME:PLURAL,bilberry flowers,빌베리 꽃
PLANT:BILBERRY:FRUIT,PLANT:GROWTH:NAME:SINGULAR,bilberry,빌베리
PLANT:BILBERRY:FRUIT,PLANT:GROWTH:NAME:PLURAL,bilberries,빌베리
PLANT:BLUEBERRY,PLANT:NAME:SINGULAR,blueberry bush,블루베리 관목
PLANT:BLUEBERRY,PLANT:NAME:PLURAL,blueberry bushes,블루베리 관목
PLANT:BLUEBERRY,PLANT:NAME:ADJECTIVE,blueberry bush,블루베리 관목
PLANT:BLUEBERRY,PLANT:SEED:SINGULAR,blueberry seed,블루베리 씨앗
PLANT:BLUEBERRY,PLANT:SEED:PLURAL,blueberry seeds,블루베리 씨앗
PLANT:BLUEBERRY,PLANT:PREFSTRING,fruit,열매
PLANT:BLUEBERRY:LEAVES,PLANT:GROWTH:NAME:SINGULAR,blueberry leaf,블루베리 잎
PLANT:BLUEBERRY:LEAVES,PLANT:GROWTH:NAME:PLURAL,blueberry leaves,블루베리 잎
PLANT:BLUEBERRY:FLOWERS,PLANT:GROWTH:NAME:SINGULAR,blueberry flower,블루베리 꽃
PLANT:BLUEBERRY:FLOWERS,PLANT:GROWTH:NAME:PLURAL,blueberry flowers,블루베리 꽃
PLANT:BLUEBERRY:FRUIT,PLANT:GROWTH:NAME:SINGULAR,blueberry,블루베리
PLANT:BLUEBERRY:FRUIT,PLANT:GROWTH:NAME:PLURAL,blueberries,블루베리
PLANT:BLACKBERRY,PLANT:NAME:SINGULAR,blackberry bush,블랙베리 관목
PLANT:BLACKBERRY,PLANT:NAME:PLURAL,blackberry bushes,블랙베리 관목
PLANT:BLACKBERRY,PLANT:NAME:ADJECTIVE,blackberry bush,블랙베리 관목
PLANT:BLACKBERRY,PLANT:SEED:SINGULAR,blackberry seed,블랙베리 씨앗
PLANT:BLACKBERRY,PLANT:SEED:PLURAL,blackberry seeds,블랙베리 씨앗
PLANT:BLACKBERRY,PLANT:PREFSTRING,fruit,열매
PLANT:BLACKBERRY:LEAVES,PLANT:GROWTH:NAME:SINGULAR,blackberry leaf,블랙베리 잎
PLANT:BLACKBERRY:LEAVES,PLANT:GROWTH:NAME:PLURAL,blackberry leaves,블랙베리 잎
PLANT:BLACKBERRY:FLOWERS,PLANT:GROWTH:NAME:SINGULAR,blackberry flower,블랙베리 꽃
PLANT:BLACKBERRY:FLOWERS,PLANT:GROWTH:NAME:PLURAL,blackberry flowers,블랙베리 꽃
PLANT:BLACKBERRY:FRUIT,PLANT:GROWTH:NAME:SINGULAR,blackberry,블랙베리
PLANT:BLACKBERRY:FRUIT,PLANT:GROWTH:NAME:PLURAL,blackberries,블랙베리
PLANT:RASPBERRY,PLANT:NAME:SINGULAR,raspberry bush,라즈베리 관목
PLANT:RASPBERRY,PLANT:NAME:PLURAL,raspberry bushes,라즈베리 관목
PLANT:RASPBERRY,PLANT:NAME:ADJECTIVE,raspberry bush,라즈베리 관목
PLANT:RASPBERRY,PLANT:SEED:SINGULAR,raspberry seed,라즈베리 씨앗
PLANT:RASPBERRY,PLANT:SEED:PLURAL,raspberry seeds,라즈베리 씨앗
PLANT:RASPBERRY,PLANT:PREFSTRING,fruit,열매
PLANT:RASPBERRY:LEAVES,PLANT:GROWTH:NAME:SINGULAR,raspberry leaf,라즈베리 잎
PLANT:RASPBERRY:LEAVES,PLANT:GROWTH:NAME:PLURAL,raspberry leaves,라즈베리 잎
PLANT:RASPBERRY:FLOWERS,PLANT:GROWTH:NAME:SINGULAR,raspberry flower,라즈베리 꽃
PLANT:RASPBERRY:FLOWERS,PLANT:GROWTH:NAME:PLURAL,raspberry flowers,라즈베리 꽃
PLANT:RASPBERRY:FRUIT,PLANT:GROWTH:NAME:SINGULAR,raspberry,라즈베리
PLANT:RASPBERRY:FRUIT,PLANT:GROWTH:NAME:PLURAL,raspberries,라즈베리
PLANT:PINEAPPLE,PLANT:NAME:SINGULAR,pineapple plant,파인애플 식물
PLANT:PINEAPPLE,PLANT:NAME:PLURAL,pineapple plants,파인애플 식물
PLANT:PINEAPPLE,PLANT:NAME:ADJECTIVE,pineapple plant,파인애플 식물
PLANT:PINEAPPLE,PLANT:SEED:SINGULAR,pineapple seed,파인애플 씨앗
PLANT:PINEAPPLE,PLANT:SEED:PLURAL,pineapple seeds,파인애플 씨앗
PLANT:PINEAPPLE,PLANT:PREFSTRING,fruit,열매
PLANT:PINEAPPLE:LEAVES,PLANT:GROWTH:NAME:SINGULAR,pineapple leaf,파인애플 잎
PLANT:PINEAPPLE:LEAVES,PLANT:GROWTH:NAME:PLURAL,pineapple leaves,파인애플 잎
PLANT:PINEAPPLE:FLOWERS,PLANT:GROWTH:NAME:SINGULAR,pineapple flower,파인애플 꽃
PLANT:PINEAPPLE:FLOWERS,PLANT:GROWTH:NAME:PLURAL,pineapple flowers,파인애플 꽃
PLANT:PINEAPPLE:FRUIT,PLANT:GROWTH:NAME:SINGULAR,pineapple,파인애플
PLANT:PINEAPPLE:FRUIT,PLANT:GROWTH:NAME:PLURAL,pineapples,파인애플
PLANT:MEADOW-GRASS,PLANT:NAME:SINGULAR,meadow-grass,초원풀
PLANT:MEADOW-GRASS,PLANT:NAME:PLURAL,meadow-grass,초원풀
PLANT:MEADOW-GRASS,PLANT:NAME:ADJECTIVE,meadow-grass,초원풀
PLANT:HAIR GRASS,PLANT:NAME:SINGULAR,hair grass,털풀
PLANT:HAIR GRASS,PLANT:NAME:PLURAL,hair grass,털풀
PLANT:HAIR GRASS,PLANT:NAME:ADJECTIVE,hair grass,털풀
PLANT:BENTGRASS,PLANT:NAME:SINGULAR,bentgrass,벤트그래스
PLANT:BENTGRASS,PLANT:NAME:PLURAL,bentgrass,벤트그래스
PLANT:BENTGRASS,PLANT:NAME:ADJECTIVE,bentgrass,벤트그래스
PLANT:RYEGRASS,PLANT:NAME:SINGULAR,ryegrass,라이그래스
PLANT:RYEGRASS,PLANT:NAME:PLURAL,ryegrass,라이그래스
PLANT:RYEGRASS,PLANT:NAME:ADJECTIVE,ryegrass,라이그래스
PLANT:FESCUE GRASS,PLANT:NAME:SINGULAR,fescue grass,페스큐그래스
PLANT:FESCUE GRASS,PLANT:NAME:PLURAL,fescue grass,페스큐그래스
PLANT:FESCUE GRASS,PLANT:NAME:ADJECTIVE,fescue grass,페스큐그래스
PLANT:REEDGRASS,PLANT:NAME:SINGULAR,reedgrass,갈대풀
PLANT:REEDGRASS,PLANT:NAME:PLURAL,reedgrass,갈대풀
PLANT:REEDGRASS,PLANT:NAME:ADJECTIVE,reedgrass,갈대풀
PLANT:KNOTGRASS,PLANT:NAME:SINGULAR,knotgrass,매듭풀
PLANT:KNOTGRASS,PLANT:NAME:PLURAL,knotgrass,매듭풀
PLANT:KNOTGRASS,PLANT:NAME:ADJECTIVE,knotgrass,매듭풀
PLANT:ZOYSIA,PLANT:NAME:SINGULAR,zoysia,조이시아
PLANT:ZOYSIA,PLANT:NAME:PLURAL,zoysia,조이시아
PLANT:ZOYSIA,PLANT:NAME:ADJECTIVE,zoysia,조이시아
PLANT:DOG'S TOOTH GRASS,PLANT:NAME:SINGULAR,dog's tooth grass,개이빨풀
PLANT:DOG'S TOOTH GRASS,PLANT:NAME:PLURAL,dog's tooth grass,개이빨풀
PLANT:DOG'S TOOTH GRASS,PLANT:NAME:ADJECTIVE,dog's tooth grass,개이빨풀
PLANT:DALLISGRASS,PLANT:NAME:SINGULAR,dallisgrass,달리스그래스
PLANT:DALLISGRASS,PLANT:NAME:PLURAL,dallisgrass,달리스그래스
PLANT:DALLISGRASS,PLANT:NAME:ADJECTIVE,dallisgrass,달리스그래스
PLANT:CARPETGRASS,PLANT:NAME:SINGULAR,carpetgrass,카펫그래스
PLANT:CARPETGRASS,PLANT:NAME:PLURAL,carpetgrass,카펫그래스
PLANT:CARPETGRASS,PLANT:NAME:ADJECTIVE,carpetgrass,카펫그래스
PLANT:SATINTAIL,PLANT:NAME:SINGULAR,satintail,비단꼬리풀
PLANT:SATINTAIL,PLANT:NAME:PLURAL,satintail,비단꼬리풀
PLANT:SATINTAIL,PLANT:NAME:ADJECTIVE,satintail,비단꼬리풀
PLANT:GRAMA,PLANT:NAME:SINGULAR,grama,그라마
PLANT:GRAMA,PLANT:NAME:PLURAL,grama,그라마
PLANT:GRAMA,PLANT:NAME:ADJECTIVE,grama,그라마
PLANT:DROPSEED GRASS,PLANT:NAME:SINGULAR,dropseed grass,씨떨이풀
PLANT:DROPSEED GRASS,PLANT:NAME:PLURAL,dropseed grass,씨떨이풀
PLANT:DROPSEED GRASS,PLANT:NAME:ADJECTIVE,dropseed grass,씨떨이풀
PLANT:NEEDLE GRASS,PLANT:NAME:SINGULAR,needle grass,바늘풀
PLANT:NEEDLE GRASS,PLANT:NAME:PLURAL,needle grass,바늘풀
PLANT:NEEDLE GRASS,PLANT:NAME:ADJECTIVE,needle grass,바늘풀
PLANT:BABY TOES SUCCULENT,PLANT:NAME:SINGULAR,baby toes succulent,베이비토즈다육
PLANT:BABY TOES SUCCULENT,PLANT:NAME:PLURAL,baby toes succulents,베이비토즈다육
PLANT:BABY TOES SUCCULENT,PLANT:NAME:ADJECTIVE,baby toes succulent,베이비토즈다육
PLANT:BABY TOES SUCCULENT:BUD,PLANT:GROWTH:NAME:SINGULAR,baby toes succulent bud,베이비토즈다육꽃봉오리
PLANT:BABY TOES SUCCULENT:BUD,PLANT:GROWTH:NAME:PLURAL,baby toes succulent buds,베이비토즈다육꽃봉오리
PLANT:BABY TOES SUCCULENT:FLOWER,PLANT:GROWTH:NAME:SINGULAR,baby toes succulent flower,아기발가락 다육꽃
PLANT:BABY TOES SUCCULENT:FLOWER,PLANT:GROWTH:NAME:PLURAL,baby toes succulent flowers,아기발가락 다육꽃
PLANT:PEBBLE PLANTS,PLANT:NAME:SINGULAR,pebble plant,생석화
PLANT:PEBBLE PLANTS,PLANT:NAME:PLURAL,pebble plants,생석화
PLANT:PEBBLE PLANTS,PLANT:NAME:ADJECTIVE,pebble plant,생석화
PLANT:PEBBLE PLANTS:BUD,PLANT:GROWTH:NAME:SINGULAR,pebble plant bud,생석화 꽃봉오리
PLANT:PEBBLE PLANTS:BUD,PLANT:GROWTH:NAME:PLURAL,pebble plant buds,생석화 꽃봉오리
PLANT:PEBBLE PLANTS:FLOWER,PLANT:GROWTH:NAME:SINGULAR,pebble plant flower,생석화 꽃
PLANT:PEBBLE PLANTS:FLOWER,PLANT:GROWTH:NAME:PLURAL,pebble plant flowers,생석화 꽃
PLANT:BLUE SEDGE,PLANT:NAME:SINGULAR,blue sedge,푸른사초
PLANT:BLUE SEDGE,PLANT:NAME:PLURAL,blue sedge,푸른사초
PLANT:BLUE SEDGE,PLANT:NAME:ADJECTIVE,blue sedge,푸른사초
PLANT:FIELD SEDGE,PLANT:NAME:SINGULAR,field sedge,들사초
PLANT:FIELD SEDGE,PLANT:NAME:PLURAL,field sedge,들사초
PLANT:FIELD SEDGE,PLANT:NAME:ADJECTIVE,field sedge,들사초
PLANT:PURPLE MOOR GRASS,PLANT:NAME:SINGULAR,purple moor grass,보라색 습지풀
PLANT:PURPLE MOOR GRASS,PLANT:NAME:PLURAL,purple moor grass,보라색 습지풀
PLANT:PURPLE MOOR GRASS,PLANT:NAME:ADJECTIVE,purple moor grass,보라색 습지풀
PLANT:VELVET GRASS,PLANT:NAME:SINGULAR,velvet grass,벨벳풀
PLANT:VELVET GRASS,PLANT:NAME:PLURAL,velvet grass,벨벳풀
PLANT:VELVET GRASS,PLANT:NAME:ADJECTIVE,velvet grass,벨벳풀
PLANT:MEADOWSWEET,PLANT:NAME:SINGULAR,meadowsweet,조팝나무
PLANT:MEADOWSWEET,PLANT:NAME:PLURAL,meadowsweet,조팝나무
PLANT:MEADOWSWEET,PLANT:NAME:ADJECTIVE,meadowsweet,조팝나무
PLANT:MEADOWSWEET:BUD,PLANT:GROWTH:NAME:SINGULAR,meadowsweet bud,조팝나무 꽃봉오리
PLANT:MEADOWSWEET:BUD,PLANT:GROWTH:NAME:PLURAL,meadowsweet buds,조팝나무 꽃봉오리
PLANT:MEADOWSWEET:FLOWER,PLANT:GROWTH:NAME:SINGULAR,meadowsweet flower,조팝나무 꽃
PLANT:MEADOWSWEET:FLOWER,PLANT:GROWTH:NAME:PLURAL,meadowsweet flowers,조팝나무 꽃
PLANT:RUSH,PLANT:NAME:SINGULAR,rush,등심초
PLANT:RUSH,PLANT:NAME:PLURAL,rushes,등심초
PLANT:RUSH,PLANT:NAME:ADJECTIVE,rush,등심초
PLANT:RUSH:BUD,PLANT:GROWTH:NAME:SINGULAR,rush bud,등심초 꽃봉오리
PLANT:RUSH:BUD,PLANT:GROWTH:NAME:PLURAL,rush buds,등심초 꽃봉오리
PLANT:RUSH:FLOWER,PLANT:GROWTH:NAME:SINGULAR,rush flower,등심초 꽃
PLANT:RUSH:FLOWER,PLANT:GROWTH:NAME:PLURAL,rush flowers,등심초 꽃
PLANT:MARSH THISTLE,PLANT:NAME:SINGULAR,marsh thistle,늪엉겅퀴
PLANT:MARSH THISTLE,PLANT:NAME:PLURAL,marsh thistles,늪엉겅퀴
PLANT:MARSH THISTLE,PLANT:NAME:ADJECTIVE,marsh thistle,늪엉겅퀴
PLANT:MARSH THISTLE:BUD,PLANT:GROWTH:NAME:SINGULAR,marsh thistle bud,늪엉겅퀴 꽃봉오리
PLANT:MARSH THISTLE:BUD,PLANT:GROWTH:NAME:PLURAL,marsh thistle buds,늪엉겅퀴 꽃봉오리
PLANT:MARSH THISTLE:FLOWER,PLANT:GROWTH:NAME:SINGULAR,marsh thistle flower,늪엉겅퀴 꽃
PLANT:MARSH THISTLE:FLOWER,PLANT:GROWTH:NAME:PLURAL,marsh thistle flowers,늪엉겅퀴 꽃
PLANT:COMMON REED,PLANT:NAME:SINGULAR,common reed,갈대
PLANT:COMMON REED,PLANT:NAME:PLURAL,common reeds,갈대
PLANT:COMMON REED,PLANT:NAME:ADJECTIVE,common reed,갈대
PLANT:CATTAIL,PLANT:NAME:SINGULAR,cattail,부들
PLANT:CATTAIL,PLANT:NAME:PLURAL,cattails,부들
PLANT:CATTAIL,PLANT:NAME:ADJECTIVE,cattail,부들
PLANT:SAWGRASS,PLANT:NAME:SINGULAR,sawgrass,톱사초
PLANT:SAWGRASS,PLANT:NAME:PLURAL,sawgrass,톱사초
PLANT:SAWGRASS,PLANT:NAME:ADJECTIVE,sawgrass,톱니풀
PLANT:COTTONGRASS,PLANT:NAME:SINGULAR,cottongrass,솜풀
PLANT:COTTONGRASS,PLANT:NAME:PLURAL,cottongrass,솜풀
PLANT:COTTONGRASS,PLANT:NAME:ADJECTIVE,cottongrass,솜풀
PLANT:COTTONGRASS:BUD,PLANT:GROWTH:NAME:SINGULAR,cottongrass bud,솜풀 꽃봉오리
PLANT:COTTONGRASS:BUD,PLANT:GROWTH:NAME:PLURAL,cottongrass buds,솜풀 꽃봉오리
PLANT:COTTONGRASS:FLOWER,PLANT:GROWTH:NAME:SINGULAR,cottongrass tuft,솜풀 뭉치
PLANT:COTTONGRASS:FLOWER,PLANT:GROWTH:NAME:PLURAL,cottongrass tufts,솜풀 뭉치
PLANT:WHITE MOUNTAIN HEATHER,PLANT:NAME:SINGULAR,white mountain heather,백산 석남
PLANT:WHITE MOUNTAIN HEATHER,PLANT:NAME:PLURAL,white mountain heather,백산 석남
PLANT:WHITE MOUNTAIN HEATHER,PLANT:NAME:ADJECTIVE,white mountain heather,백산 석남
PLANT:MOUNTAIN AVENS,PLANT:NAME:SINGULAR,mountain avens,산장미
PLANT:MOUNTAIN AVENS,PLANT:NAME:PLURAL,mountain avens,산장미
PLANT:MOUNTAIN AVENS,PLANT:NAME:ADJECTIVE,mountain avens,산장미
PLANT:MOUNTAIN AVENS:BUD,PLANT:GROWTH:NAME:SINGULAR,mountain avens bud,산장미 꽃봉오리
PLANT:MOUNTAIN AVENS:BUD,PLANT:GROWTH:NAME:PLURAL,mountain avens buds,산장미 꽃봉오리
PLANT:MOUNTAIN AVENS:FLOWER,PLANT:GROWTH:NAME:SINGULAR,mountain avens flower,산장미 꽃
PLANT:MOUNTAIN AVENS:FLOWER,PLANT:GROWTH:NAME:PLURAL,mountain avens flowers,산장미 꽃
PLANT:CLOUDBERRY,PLANT:NAME:SINGULAR,cloudberry,구름베리
PLANT:CLOUDBERRY,PLANT:NAME:PLURAL,cloudberries,구름베리
PLANT:CLOUDBERRY,PLANT:NAME:ADJECTIVE,cloudberry,구름베리
PLANT:CLOUDBERRY:BUD,PLANT:GROWTH:NAME:SINGULAR,cloudberry bud,구름베리 꽃봉오리
PLANT:CLOUDBERRY:BUD,PLANT:GROWTH:NAME:PLURAL,cloudberry buds,구름베리 꽃봉오리
PLANT:CLOUDBERRY:FLOWER,PLANT:GROWTH:NAME:SINGULAR,cloudberry flower,구름베리 꽃
PLANT:CLOUDBERRY:FLOWER,PLANT:GROWTH:NAME:PLURAL,cloudberry flowers,구름베리 꽃
PLANT:WORMY TENDRILS,PLANT:NAME:SINGULAR,wormy tendril,벌레 덩굴손
PLANT:WORMY TENDRILS,PLANT:NAME:PLURAL,wormy tendrils,벌레 덩굴손
PLANT:WORMY TENDRILS,PLANT:NAME:ADJECTIVE,wormy tendril,벌레 덩굴손
PLANT:EYEBALL,PLANT:NAME:SINGULAR,staring eyeball,응시하는 안구
PLANT:EYEBALL,PLANT:NAME:PLURAL,staring eyeballs,응시하는 안구
PLANT:EYEBALL,PLANT:NAME:ADJECTIVE,staring eyeball,응시하는 안구
PLANT:BUBBLE BULBS,PLANT:NAME:SINGULAR,bubble bulb,거품 구근
PLANT:BUBBLE BULBS,PLANT:NAME:PLURAL,bubble bulbs,거품 구근
PLANT:BUBBLE BULBS,PLANT:NAME:ADJECTIVE,bubble bulb,거품 구근
PLANT:DOWNY GRASS,PLANT:NAME:SINGULAR,downy grass,솜털풀
PLANT:DOWNY GRASS,PLANT:NAME:PLURAL,downy grass,솜털풀
PLANT:DOWNY GRASS,PLANT:NAME:ADJECTIVE,downy grass,솜털풀
PLANT:CAVE MOSS,PLANT:NAME:SINGULAR,cave moss,동굴이끼
PLANT:CAVE MOSS,PLANT:NAME:PLURAL,cave moss,동굴이끼
PLANT:CAVE MOSS,PLANT:NAME:ADJECTIVE,cave moss,동굴이끼
PLANT:FLOOR FUNGI,PLANT:NAME:SINGULAR,floor fungus,바닥 균류
PLANT:FLOOR FUNGI,PLANT:NAME:PLURAL,floor fungi,바닥 균류
PLANT:FLOOR FUNGI,PLANT:NAME:ADJECTIVE,floor fungus,바닥 균류
PLANT:UNDERLICHEN,PLANT:NAME:SINGULAR,underlichen,동굴 지의류
PLANT:UNDERLICHEN,PLANT:NAME:PLURAL,underlichen,동굴 지의류
PLANT:UNDERLICHEN,PLANT:NAME:ADJECTIVE,underlichen,동굴 지의류
"PLANT:BAMBOO, ARROW",PLANT:NAME:SINGULAR,arrow bamboo,화살대나무
"PLANT:BAMBOO, ARROW",PLANT:NAME:PLURAL,arrow bamboo,화살대나무
"PLANT:BAMBOO, ARROW",PLANT:NAME:ADJECTIVE,arrow bamboo,화살대나무
"PLANT:BAMBOO, GOLDEN",PLANT:NAME:SINGULAR,golden bamboo,황금대나무
"PLANT:BAMBOO, GOLDEN",PLANT:NAME:PLURAL,golden bamboo,황금 대나무
"PLANT:BAMBOO, GOLDEN",PLANT:NAME:ADJECTIVE,golden bamboo,황금 대나무
"PLANT:BAMBOO, HEDGE",PLANT:NAME:SINGULAR,hedge bamboo,울타리 대나무
"PLANT:BAMBOO, HEDGE",PLANT:NAME:PLURAL,hedge bamboo,울타리 대나무
"PLANT:BAMBOO, HEDGE",PLANT:NAME:ADJECTIVE,hedge bamboo,울타리 대나무
PLANT:ABACA,PLANT:NAME:SINGULAR,abaca tree,아바카 나무
PLANT:ABACA,PLANT:NAME:PLURAL,abaca trees,아바카 나무
PLANT:ABACA,PLANT:NAME:ADJECTIVE,abaca tree,아바카 나무
PLANT:ABACA,PLANT:SEED:SINGULAR,abaca seed,아바카 씨앗
PLANT:ABACA,PLANT:SEED:PLURAL,abaca seeds,아바카 씨앗
PLANT:ABACA,PLANT:PREFSTRING,leaves,잎
PLANT:ABACA:LEAVES,PLANT:GROWTH:NAME:SINGULAR,abaca leaf,아바카 잎
PLANT:ABACA:LEAVES,PLANT:GROWTH:NAME:PLURAL,abaca leaves,아바카 잎
PLANT:ABACA:FLOWERS,PLANT:GROWTH:NAME:SINGULAR,abaca flower,아바카 꽃
PLANT:ABACA:FLOWERS,PLANT:GROWTH:NAME:PLURAL,abaca flowers,아바카 꽃
PLANT:BANANA,PLANT:NAME:SINGULAR,banana tree,바나나 나무
PLANT:BANANA,PLANT:NAME:PLURAL,banana trees,바나나 나무
PLANT:BANANA,PLANT:NAME:ADJECTIVE,banana tree,바나나 나무
PLANT:BANANA,PLANT:SEED:SINGULAR,banana seed,바나나 씨앗
PLANT:BANANA,PLANT:SEED:PLURAL,banana seeds,바나나 씨앗
PLANT:BANANA,PLANT:PREFSTRING,fruit,과일
PLANT:BANANA:LEAVES,PLANT:GROWTH:NAME:SINGULAR,banana leaf,바나나 잎
PLANT:BANANA:LEAVES,PLANT:GROWTH:NAME:PLURAL,banana leaves,바나나 잎
PLANT:BANANA:FLOWERS,PLANT:GROWTH:NAME:SINGULAR,banana flower,바나나 꽃
PLANT:BANANA:FLOWERS,PLANT:GROWTH:NAME:PLURAL,banana flowers,바나나 꽃
PLANT:BANANA:FRUIT,PLANT:GROWTH:NAME:SINGULAR,banana,바나나
PLANT:BANANA:FRUIT,PLANT:GROWTH:NAME:PLURAL,bananas,바나나
PLANT:CARAMBOLA,PLANT:NAME:SINGULAR,carambola tree,카람볼라 나무
PLANT:CARAMBOLA,PLANT:NAME:PLURAL,carambola trees,카람볼라 나무
PLANT:CARAMBOLA,PLANT:NAME:ADJECTIVE,carambola tree,카람볼라 나무
PLANT:CARAMBOLA,PLANT:SEED:SINGULAR,carambola seed,카람볼라 씨앗
PLANT:CARAMBOLA,PLANT:SEED:PLURAL,carambola seeds,카람볼라 씨앗
PLANT:CARAMBOLA,PLANT:PREFSTRING,fruit,과일
PLANT:CARAMBOLA:LEAVES,PLANT:GROWTH:NAME:SINGULAR,carambola leaf,카람볼라 잎
PLANT:CARAMBOLA:LEAVES,PLANT:GROWTH:NAME:PLURAL,carambola leaves,카람볼라 잎
PLANT:CARAMBOLA:FLOWERS,PLANT:GROWTH:NAME:SINGULAR,carambola flower,카람볼라 꽃
PLANT:CARAMBOLA:FLOWERS,PLANT:GROWTH:NAME:PLURAL,carambola flowers,카람볼라 꽃
PLANT:CARAMBOLA:FRUIT,PLANT:GROWTH:NAME:SINGULAR,carambola,카람볼라
PLANT:CARAMBOLA:FRUIT,PLANT:GROWTH:NAME:PLURAL,carambolas,카람볼라
PLANT:CASHEW,PLANT:NAME:SINGULAR,cashew tree,캐슈 나무
PLANT:CASHEW,PLANT:NAME:PLURAL,cashew trees,캐슈 나무
PLANT:CASHEW,PLANT:NAME:ADJECTIVE,cashew tree,캐슈 나무
PLANT:CASHEW,PLANT:SEED:SINGULAR,cashew,캐슈
PLANT:CASHEW,PLANT:SEED:PLURAL,cashews,캐슈
PLANT:CASHEW,PLANT:PREFSTRING,fruit and nuts,과일과 견과류
PLANT:CASHEW:LEAVES,PLANT:GROWTH:NAME:SINGULAR,cashew leaf,캐슈 잎
PLANT:CASHEW:LEAVES,PLANT:GROWTH:NAME:PLURAL,cashew leaves,캐슈 잎
PLANT:CASHEW:FLOWERS,PLANT:GROWTH:NAME:SINGULAR,cashew flower,캐슈 꽃
PLANT:CASHEW:FLOWERS,PLANT:GROWTH:NAME:PLURAL,cashew flowers,캐슈 꽃
PLANT:CASHEW:FRUIT,PLANT:GROWTH:NAME:SINGULAR,cashew apple,캐슈 애플
PLANT:CASHEW:FRUIT,PLANT:GROWTH:NAME:PLURAL,cashew apples,캐슈 애플
PLANT:COFFEE,PLANT:NAME:SINGULAR,coffee tree,커피나무
PLANT:COFFEE,PLANT:NAME:PLURAL,coffee trees,커피나무
PLANT:COFFEE,PLANT:NAME:ADJECTIVE,coffee tree,커피나무
PLANT:COFFEE,PLANT:SEED:SINGULAR,coffee bean,커피콩
PLANT:COFFEE,PLANT:SEED:PLURAL,coffee beans,커피콩
PLANT:COFFEE,PLANT:PREFSTRING,yummy cherries,맛있는 체리
PLANT:COFFEE:LEAVES,PLANT:GROWTH:NAME:SINGULAR,coffee leaf,커피 잎
PLANT:COFFEE:LEAVES,PLANT:GROWTH:NAME:PLURAL,coffee leaves,커피 잎
PLANT:COFFEE:FLOWERS,PLANT:GROWTH:NAME:SINGULAR,coffee flower cluster,커피 꽃송이
PLANT:COFFEE:FLOWERS,PLANT:GROWTH:NAME:PLURAL,coffee flower clusters,커피 꽃송이
PLANT:COFFEE:FRUIT,PLANT:GROWTH:NAME:SINGULAR,coffee cherry,커피 체리
PLANT:COFFEE:FRUIT,PLANT:GROWTH:NAME:PLURAL,coffee cherries,커피 체리
PLANT:DURIAN,PLANT:NAME:SINGULAR,durian tree,두리안나무
PLANT:DURIAN,PLANT:NAME:PLURAL,durian trees,두리안나무
PLANT:DURIAN,PLANT:NAME:ADJECTIVE,durian tree,두리안나무
PLANT:DURIAN,PLANT:SEED:SINGULAR,durian seed,두리안 씨앗
PLANT:DURIAN,PLANT:SEED:PLURAL,durian seeds,두리안 씨앗
PLANT:DURIAN,PLANT:PREFSTRING,fragrant fruit,향기로운 열매
PLANT:DURIAN:LEAVES,PLANT:GROWTH:NAME:SINGULAR,durian leaf,두리안 잎
PLANT:DURIAN:LEAVES,PLANT:GROWTH:NAME:PLURAL,durian leaves,두리안 잎
PLANT:DURIAN:FLOWERS,PLANT:GROWTH:NAME:SINGULAR,durian flower,두리안 꽃
PLANT:DURIAN:FLOWERS,PLANT:GROWTH:NAME:PLURAL,durian flowers,두리안 꽃
PLANT:DURIAN:FRUIT,PLANT:GROWTH:NAME:SINGULAR,durian,두리안
PLANT:DURIAN:FRUIT,PLANT:GROWTH:NAME:PLURAL,durians,두리안
PLANT:GUAVA,PLANT:NAME:SINGULAR,guava tree,구아바나무
PLANT:GUAVA,PLANT:NAME:PLURAL,guava trees,구아바나무
PLANT:GUAVA,PLANT:NAME:ADJECTIVE,guava tree,구아바나무
PLANT:GUAVA,PLANT:SEED:SINGULAR,guava seed,구아바 씨앗
PLANT:GUAVA,PLANT:SEED:PLURAL,guava seeds,구아바 씨앗
PLANT:GUAVA,PLANT:PREFSTRING,fruit,열매
PLANT:GUAVA:LEAVES,PLANT:GROWTH:NAME:SINGULAR,guava leaf,구아바 잎
PLANT:GUAVA:LEAVES,PLANT:GROWTH:NAME:PLURAL,guava leaves,구아바 잎
PLANT:GUAVA:FLOWERS,PLANT:GROWTH:NAME:SINGULAR,guava flower,구아바 꽃
PLANT:GUAVA:FLOWERS,PLANT:GROWTH:NAME:PLURAL,guava flowers,구아바 꽃
PLANT:GUAVA:FRUIT,PLANT:GROWTH:NAME:SINGULAR,guava,구아바
PLANT:GUAVA:FRUIT,PLANT:GROWTH:NAME:PLURAL,guavas,구아바
PLANT:PAPAYA,PLANT:NAME:SINGULAR,papaya tree,파파야나무
PLANT:PAPAYA,PLANT:NAME:PLURAL,papaya trees,파파야나무
PLANT:PAPAYA,PLANT:NAME:ADJECTIVE,papaya tree,파파야나무
PLANT:PAPAYA,PLANT:SEED:SINGULAR,papaya seed,파파야 씨앗
PLANT:PAPAYA,PLANT:SEED:PLURAL,papaya seeds,파파야 씨앗
PLANT:PAPAYA,PLANT:PREFSTRING,fruit,열매
PLANT:PAPAYA:LEAVES,PLANT:GROWTH:NAME:SINGULAR,papaya leaf,파파야 잎
PLANT:PAPAYA:LEAVES,PLANT:GROWTH:NAME:PLURAL,papaya leaves,파파야 잎
PLANT:PAPAYA:FLOWERS,PLANT:GROWTH:NAME:SINGULAR,papaya flower,파파야 꽃
PLANT:PAPAYA:FLOWERS,PLANT:GROWTH:NAME:PLURAL,papaya flowers,파파야 꽃
PLANT:PAPAYA:FRUIT,PLANT:GROWTH:NAME:SINGULAR,papaya,파파야
PLANT:PAPAYA:FRUIT,PLANT:GROWTH:NAME:PLURAL,papayas,파파야
PLANT:PARADISE_NUT,PLANT:NAME:SINGULAR,paradise nut tree,파라다이스너트나무
PLANT:PARADISE_NUT,PLANT:NAME:PLURAL,paradise nut trees,파라다이스너트나무
PLANT:PARADISE_NUT,PLANT:NAME:ADJECTIVE,paradise nut tree,파라다이스너트나무
PLANT:PARADISE_NUT,PLANT:SEED:SINGULAR,paradise nut,파라다이스너트
PLANT:PARADISE_NUT,PLANT:SEED:PLURAL,paradise nuts,파라다이스너트
PLANT:PARADISE_NUT,PLANT:PREFSTRING,nut-filled pots,견과가 가득 찬 단지
PLANT:PARADISE_NUT:LEAVES,PLANT:GROWTH:NAME:SINGULAR,paradise nut leaf,파라다이스너트 잎
PLANT:PARADISE_NUT:LEAVES,PLANT:GROWTH:NAME:PLURAL,paradise nut leaves,파라다이스너트 잎
PLANT:PARADISE_NUT:FLOWERS,PLANT:GROWTH:NAME:SINGULAR,paradise nut raceme,파라다이스너트 총상꽃차례
PLANT:PARADISE_NUT:FLOWERS,PLANT:GROWTH:NAME:PLURAL,paradise nut racemes,파라다이스너트 총상꽃차례
PLANT:PARADISE_NUT:FRUIT,PLANT:GROWTH:NAME:SINGULAR,paradise nut fruit,파라다이스너트
PLANT:PARADISE_NUT:FRUIT,PLANT:GROWTH:NAME:PLURAL,paradise nut fruits,파라다이스너트
PLANT:RAMBUTAN,PLANT:NAME:SINGULAR,rambutan tree,람부탄나무
PLANT:RAMBUTAN,PLANT:NAME:PLURAL,rambutan trees,람부탄나무
PLANT:RAMBUTAN,PLANT:NAME:ADJECTIVE,rambutan tree,람부탄나무
PLANT:RAMBUTAN,PLANT:SEED:SINGULAR,rambutan seed,람부탄 씨앗
PLANT:RAMBUTAN,PLANT:SEED:PLURAL,rambutan seeds,람부탄 씨앗
PLANT:RAMBUTAN,PLANT:PREFSTRING,fruit,열매
PLANT:RAMBUTAN:LEAVES,PLANT:GROWTH:NAME:SINGULAR,rambutan leaf,람부탄 잎
PLANT:RAMBUTAN:LEAVES,PLANT:GROWTH:NAME:PLURAL,rambutan leaves,람부탄 잎
PLANT:RAMBUTAN:FLOWERS,PLANT:GROWTH:NAME:SINGULAR,rambutan flower,람부탄 꽃
PLANT:RAMBUTAN:FLOWERS,PLANT:GROWTH:NAME:PLURAL,rambutan flowers,람부탄 꽃
PLANT:RAMBUTAN:FRUIT,PLANT:GROWTH:NAME:SINGULAR,rambutan,람부탄
PLANT:RAMBUTAN:FRUIT,PLANT:GROWTH:NAME:PLURAL,rambutans,람부탄
PLANT:TEA,PLANT:NAME:SINGULAR,tea tree,차나무
PLANT:TEA,PLANT:NAME:PLURAL,tea trees,차나무
PLANT:TEA,PLANT:NAME:ADJECTIVE,tea tree,차나무
PLANT:TEA,PLANT:SEED:SINGULAR,tea seed,차 씨앗
PLANT:TEA,PLANT:SEED:PLURAL,tea seeds,차 씨앗
PLANT:TEA,PLANT:PREFSTRING,leaves,잎
PLANT:TEA:LEAVES,PLANT:GROWTH:NAME:SINGULAR,tea leaf,찻잎
PLANT:TEA:LEAVES,PLANT:GROWTH:NAME:PLURAL,tea leaves,찻잎
PLANT:TEA:FLOWERS,PLANT:GROWTH:NAME:SINGULAR,tea flower,찻꽃
PLANT:TEA:FLOWERS,PLANT:GROWTH:NAME:PLURAL,tea flowers,찻꽃
PLANT:TEA:FRUIT,PLANT:GROWTH:NAME:SINGULAR,tea tree capsule,차나무 삭과
PLANT:TEA:FRUIT,PLANT:GROWTH:NAME:PLURAL,tea tree capsules,차나무 삭과
PLANT:AVOCADO,PLANT:NAME:SINGULAR,avocado tree,아보카도나무
PLANT:AVOCADO,PLANT:NAME:PLURAL,avocado trees,아보카도나무
PLANT:AVOCADO,PLANT:NAME:ADJECTIVE,avocado tree,아보카도나무
PLANT:AVOCADO,PLANT:SEED:SINGULAR,avocado pit,아보카도 씨
PLANT:AVOCADO,PLANT:SEED:PLURAL,avocado pits,아보카도 씨
PLANT:AVOCADO,PLANT:PREFSTRING,fruit,열매
PLANT:AVOCADO:LEAVES,PLANT:GROWTH:NAME:SINGULAR,avocado leaf,아보카도 잎
PLANT:AVOCADO:LEAVES,PLANT:GROWTH:NAME:PLURAL,avocado leaves,아보카도 잎
PLANT:AVOCADO:FLOWERS,PLANT:GROWTH:NAME:SINGULAR,avocado flower,아보카도 꽃
PLANT:AVOCADO:FLOWERS,PLANT:GROWTH:NAME:PLURAL,avocado flowers,아보카도 꽃
PLANT:AVOCADO:FRUIT,PLANT:GROWTH:NAME:SINGULAR,avocado,아보카도
PLANT:AVOCADO:FRUIT,PLANT:GROWTH:NAME:PLURAL,avocados,아보카도
PLANT:LIME,PLANT:NAME:SINGULAR,lime tree,라임나무
PLANT:LIME,PLANT:NAME:PLURAL,lime trees,라임나무
PLANT:LIME,PLANT:NAME:ADJECTIVE,lime tree,라임나무
PLANT:LIME,PLANT:SEED:SINGULAR,lime seed,라임 씨앗
PLANT:LIME,PLANT:SEED:PLURAL,lime seeds,라임 씨앗
PLANT:LIME,PLANT:PREFSTRING,fruit,열매
PLANT:LIME:LEAVES,PLANT:GROWTH:NAME:SINGULAR,lime leaf,라임 잎
PLANT:LIME:LEAVES,PLANT:GROWTH:NAME:PLURAL,lime leaves,라임 잎
PLANT:LIME:FLOWERS,PLANT:GROWTH:NAME:SINGULAR,lime flower,라임 꽃
PLANT:LIME:FLOWERS,PLANT:GROWTH:NAME:PLURAL,lime flowers,라임 꽃
PLANT:LIME:FRUIT,PLANT:GROWTH:NAME:SINGULAR,lime,라임
PLANT:LIME:FRUIT,PLANT:GROWTH:NAME:PLURAL,limes,라임
PLANT:POMELO,PLANT:NAME:SINGULAR,pomelo tree,포멜로 나무
PLANT:POMELO,PLANT:NAME:PLURAL,pomelo trees,포멜로 나무
PLANT:POMELO,PLANT:NAME:ADJECTIVE,pomelo tree,포멜로 나무
PLANT:POMELO,PLANT:SEED:SINGULAR,pomelo seed,포멜로 씨앗
PLANT:POMELO,PLANT:SEED:PLURAL,pomelo seeds,포멜로 씨앗
PLANT:POMELO,PLANT:PREFSTRING,fruit,열매
PLANT:POMELO:LEAVES,PLANT:GROWTH:NAME:SINGULAR,pomelo leaf,포멜로 잎
PLANT:POMELO:LEAVES,PLANT:GROWTH:NAME:PLURAL,pomelo leaves,포멜로 잎
PLANT:POMELO:FLOWERS,PLANT:GROWTH:NAME:SINGULAR,pomelo flower,포멜로 꽃
PLANT:POMELO:FLOWERS,PLANT:GROWTH:NAME:PLURAL,pomelo flowers,포멜로 꽃
PLANT:POMELO:FRUIT,PLANT:GROWTH:NAME:SINGULAR,pomelo,포멜로
PLANT:POMELO:FRUIT,PLANT:GROWTH:NAME:PLURAL,pomelos,포멜로
PLANT:CITRON,PLANT:NAME:SINGULAR,citron tree,시트론 나무
PLANT:CITRON,PLANT:NAME:PLURAL,citron trees,시트론 나무
PLANT:CITRON,PLANT:NAME:ADJECTIVE,citron tree,시트론 나무
PLANT:CITRON,PLANT:SEED:SINGULAR,citron seed,시트론 씨앗
PLANT:CITRON,PLANT:SEED:PLURAL,citron seeds,시트론 씨앗
PLANT:CITRON,PLANT:PREFSTRING,fruit,열매
PLANT:CITRON:LEAVES,PLANT:GROWTH:NAME:SINGULAR,citron leaf,시트론 잎
PLANT:CITRON:LEAVES,PLANT:GROWTH:NAME:PLURAL,citron leaves,시트론 잎
PLANT:CITRON:FLOWERS,PLANT:GROWTH:NAME:SINGULAR,citron flower,시트론 꽃
PLANT:CITRON:FLOWERS,PLANT:GROWTH:NAME:PLURAL,citron flowers,시트론 꽃
PLANT:CITRON:FRUIT,PLANT:GROWTH:NAME:SINGULAR,citron,시트론
PLANT:CITRON:FRUIT,PLANT:GROWTH:NAME:PLURAL,citrons,시트론
PLANT:ORANGE,PLANT:NAME:SINGULAR,orange tree,오렌지 나무
PLANT:ORANGE,PLANT:NAME:PLURAL,orange trees,오렌지 나무
PLANT:ORANGE,PLANT:NAME:ADJECTIVE,orange tree,오렌지 나무
PLANT:ORANGE,PLANT:SEED:SINGULAR,orange seed,오렌지 씨앗
PLANT:ORANGE,PLANT:SEED:PLURAL,orange seeds,오렌지 씨앗
PLANT:ORANGE,PLANT:PREFSTRING,fruit,열매
PLANT:ORANGE:LEAVES,PLANT:GROWTH:NAME:SINGULAR,orange leaf,오렌지 잎
PLANT:ORANGE:LEAVES,PLANT:GROWTH:NAME:PLURAL,orange leaves,오렌지 잎
PLANT:ORANGE:FLOWERS,PLANT:GROWTH:NAME:SINGULAR,orange flower,오렌지 꽃
PLANT:ORANGE:FLOWERS,PLANT:GROWTH:NAME:PLURAL,orange flowers,오렌지 꽃
PLANT:ORANGE:FRUIT,PLANT:GROWTH:NAME:SINGULAR,orange,오렌지
PLANT:ORANGE:FRUIT,PLANT:GROWTH:NAME:PLURAL,oranges,오렌지
PLANT:BITTER_ORANGE,PLANT:NAME:SINGULAR,bitter orange tree,쓴 오렌지 나무
PLANT:BITTER_ORANGE,PLANT:NAME:PLURAL,bitter orange trees,쓴 오렌지 나무
PLANT:BITTER_ORANGE,PLANT:NAME:ADJECTIVE,bitter orange tree,쓴 오렌지 나무
PLANT:BITTER_ORANGE,PLANT:SEED:SINGULAR,bitter orange seed,쓴 오렌지 씨앗
PLANT:BITTER_ORANGE,PLANT:SEED:PLURAL,bitter orange seeds,쓴 오렌지 씨앗
PLANT:BITTER_ORANGE,PLANT:PREFSTRING,fruit,열매
PLANT:BITTER_ORANGE:LEAVES,PLANT:GROWTH:NAME:SINGULAR,bitter orange leaf,비터 오렌지 잎
PLANT:BITTER_ORANGE:LEAVES,PLANT:GROWTH:NAME:PLURAL,bitter orange leaves,비터 오렌지 잎
PLANT:BITTER_ORANGE:FLOWERS,PLANT:GROWTH:NAME:SINGULAR,bitter orange flower,비터 오렌지 꽃
PLANT:BITTER_ORANGE:FLOWERS,PLANT:GROWTH:NAME:PLURAL,bitter orange flowers,비터 오렌지 꽃
PLANT:BITTER_ORANGE:FRUIT,PLANT:GROWTH:NAME:SINGULAR,bitter orange,비터 오렌지
PLANT:BITTER_ORANGE:FRUIT,PLANT:GROWTH:NAME:PLURAL,bitter oranges,비터 오렌지
PLANT:FINGER_LIME,PLANT:NAME:SINGULAR,finger lime tree,핑거 라임 나무
PLANT:FINGER_LIME,PLANT:NAME:PLURAL,finger lime trees,핑거 라임 나무
PLANT:FINGER_LIME,PLANT:NAME:ADJECTIVE,finger lime tree,핑거 라임 나무
PLANT:FINGER_LIME,PLANT:SEED:SINGULAR,finger lime seed,핑거 라임 씨앗
PLANT:FINGER_LIME,PLANT:SEED:PLURAL,finger lime seeds,핑거 라임 씨앗
PLANT:FINGER_LIME,PLANT:PREFSTRING,fruit,열매
PLANT:FINGER_LIME:LEAVES,PLANT:GROWTH:NAME:SINGULAR,finger lime leaf,핑거 라임 잎
PLANT:FINGER_LIME:LEAVES,PLANT:GROWTH:NAME:PLURAL,finger lime leaves,핑거 라임 잎
PLANT:FINGER_LIME:FLOWERS,PLANT:GROWTH:NAME:SINGULAR,finger lime flower,핑거 라임 꽃
PLANT:FINGER_LIME:FLOWERS,PLANT:GROWTH:NAME:PLURAL,finger lime flowers,핑거 라임 꽃
PLANT:FINGER_LIME:FRUIT,PLANT:GROWTH:NAME:SINGULAR,finger lime,핑거 라임
PLANT:FINGER_LIME:FRUIT,PLANT:GROWTH:NAME:PLURAL,finger limes,핑거 라임
PLANT:ROUND_LIME,PLANT:NAME:SINGULAR,round lime tree,라운드 라임 나무
PLANT:ROUND_LIME,PLANT:NAME:PLURAL,round lime trees,라운드 라임 나무
PLANT:ROUND_LIME,PLANT:NAME:ADJECTIVE,round lime tree,라운드 라임 나무
PLANT:ROUND_LIME,PLANT:SEED:SINGULAR,round lime seed,라운드 라임 씨앗
PLANT:ROUND_LIME,PLANT:SEED:PLURAL,round lime seeds,라운드 라임 씨앗
PLANT:ROUND_LIME,PLANT:PREFSTRING,fruit,열매
PLANT:ROUND_LIME:LEAVES,PLANT:GROWTH:NAME:SINGULAR,round lime leaf,라운드 라임 잎
PLANT:ROUND_LIME:LEAVES,PLANT:GROWTH:NAME:PLURAL,round lime leaves,라운드 라임 잎
PLANT:ROUND_LIME:FLOWERS,PLANT:GROWTH:NAME:SINGULAR,round lime flower,라운드 라임 꽃
PLANT:ROUND_LIME:FLOWERS,PLANT:GROWTH:NAME:PLURAL,round lime flowers,라운드 라임 꽃
PLANT:ROUND_LIME:FRUIT,PLANT:GROWTH:NAME:SINGULAR,round lime,라운드 라임
PLANT:ROUND_LIME:FRUIT,PLANT:GROWTH:NAME:PLURAL,round limes,라운드 라임
PLANT:DESERT_LIME,PLANT:NAME:SINGULAR,desert lime tree,데저트 라임 나무
PLANT:DESERT_LIME,PLANT:NAME:PLURAL,desert lime trees,데저트 라임 나무
PLANT:DESERT_LIME,PLANT:NAME:ADJECTIVE,desert lime tree,데저트 라임 나무
PLANT:DESERT_LIME,PLANT:SEED:SINGULAR,desert lime seed,데저트 라임 씨앗
PLANT:DESERT_LIME,PLANT:SEED:PLURAL,desert lime seeds,데저트 라임 씨앗
PLANT:DESERT_LIME,PLANT:PREFSTRING,fruit,열매
PLANT:DESERT_LIME:LEAVES,PLANT:GROWTH:NAME:SINGULAR,desert lime leaf,데저트 라임 잎
PLANT:DESERT_LIME:LEAVES,PLANT:GROWTH:NAME:PLURAL,desert lime leaves,데저트 라임 잎
PLANT:DESERT_LIME:FLOWERS,PLANT:GROWTH:NAME:SINGULAR,desert lime flower,데저트 라임 꽃
PLANT:DESERT_LIME:FLOWERS,PLANT:GROWTH:NAME:PLURAL,desert lime flowers,데저트 라임 꽃
PLANT:DESERT_LIME:FRUIT,PLANT:GROWTH:NAME:SINGULAR,desert lime,데저트 라임
PLANT:DESERT_LIME:FRUIT,PLANT:GROWTH:NAME:PLURAL,desert limes,데저트 라임
PLANT:KUMQUAT,PLANT:NAME:SINGULAR,kumquat tree,금귤 나무
PLANT:KUMQUAT,PLANT:NAME:PLURAL,kumquat trees,금귤 나무
PLANT:KUMQUAT,PLANT:NAME:ADJECTIVE,kumquat tree,금귤 나무
PLANT:KUMQUAT,PLANT:SEED:SINGULAR,kumquat seed,금귤 씨앗
PLANT:KUMQUAT,PLANT:SEED:PLURAL,kumquat seeds,금귤 씨앗
PLANT:KUMQUAT,PLANT:PREFSTRING,fruit,열매
PLANT:KUMQUAT:LEAVES,PLANT:GROWTH:NAME:SINGULAR,kumquat leaf,금귤 잎
PLANT:KUMQUAT:LEAVES,PLANT:GROWTH:NAME:PLURAL,kumquat leaves,금귤잎
PLANT:KUMQUAT:FLOWERS,PLANT:GROWTH:NAME:SINGULAR,kumquat flower,금귤꽃
PLANT:KUMQUAT:FLOWERS,PLANT:GROWTH:NAME:PLURAL,kumquat flowers,금귤꽃
PLANT:KUMQUAT:FRUIT,PLANT:GROWTH:NAME:SINGULAR,kumquat,금귤
PLANT:KUMQUAT:FRUIT,PLANT:GROWTH:NAME:PLURAL,kumquats,금귤
PLANT:CUSTARD-APPLE,PLANT:NAME:SINGULAR,custard-apple tree,커스터드애플나무
PLANT:CUSTARD-APPLE,PLANT:NAME:PLURAL,custard-apple trees,커스터드애플나무
PLANT:CUSTARD-APPLE,PLANT:NAME:ADJECTIVE,custard-apple tree,커스터드애플나무
PLANT:CUSTARD-APPLE,PLANT:SEED:SINGULAR,custard-apple seed,커스터드애플씨앗
PLANT:CUSTARD-APPLE,PLANT:SEED:PLURAL,custard-apple seeds,커스터드애플씨앗
PLANT:CUSTARD-APPLE,PLANT:PREFSTRING,fruit,열매
PLANT:CUSTARD-APPLE:LEAVES,PLANT:GROWTH:NAME:SINGULAR,custard-apple leaf,커스터드애플잎
PLANT:CUSTARD-APPLE:LEAVES,PLANT:GROWTH:NAME:PLURAL,custard-apple leaves,커스터드애플잎
PLANT:CUSTARD-APPLE:FLOWERS,PLANT:GROWTH:NAME:SINGULAR,custard-apple flower,커스터드애플꽃
PLANT:CUSTARD-APPLE:FLOWERS,PLANT:GROWTH:NAME:PLURAL,custard-apple flowers,커스터드애플꽃
PLANT:CUSTARD-APPLE:FRUIT,PLANT:GROWTH:NAME:SINGULAR,custard-apple,커스터드애플
PLANT:CUSTARD-APPLE:FRUIT,PLANT:GROWTH:NAME:PLURAL,custard-apples,커스터드애플
PLANT:DATE_PALM,PLANT:NAME:SINGULAR,date palm,대추야자나무
PLANT:DATE_PALM,PLANT:NAME:PLURAL,date palms,대추야자나무
PLANT:DATE_PALM,PLANT:NAME:ADJECTIVE,date palm,대추야자나무
PLANT:DATE_PALM,PLANT:SEED:SINGULAR,date palm seed,대추야자나무씨앗
PLANT:DATE_PALM,PLANT:SEED:PLURAL,date palm seeds,대추야자나무씨앗
PLANT:DATE_PALM,PLANT:PREFSTRING,fruit,열매
PLANT:DATE_PALM:LEAVES,PLANT:GROWTH:NAME:SINGULAR,date palm frond blade,대추야자나무잎날
PLANT:DATE_PALM:LEAVES,PLANT:GROWTH:NAME:PLURAL,date palm frond blades,대추야자나무잎날
PLANT:DATE_PALM:FLOWERS,PLANT:GROWTH:NAME:SINGULAR,date palm flower stalk,대추야자나무꽃대
PLANT:DATE_PALM:FLOWERS,PLANT:GROWTH:NAME:PLURAL,date palm flower stalks,대추야자나무꽃대
PLANT:DATE_PALM:FRUIT,PLANT:GROWTH:NAME:SINGULAR,date,대추야자
PLANT:DATE_PALM:FRUIT,PLANT:GROWTH:NAME:PLURAL,dates,대추야자
PLANT:LYCHEE,PLANT:NAME:SINGULAR,lychee tree,리치나무
PLANT:LYCHEE,PLANT:NAME:PLURAL,lychee trees,리치나무
PLANT:LYCHEE,PLANT:NAME:ADJECTIVE,lychee tree,리치나무
PLANT:LYCHEE,PLANT:SEED:SINGULAR,lychee seed,리치씨앗
PLANT:LYCHEE,PLANT:SEED:PLURAL,lychee seeds,리치씨앗
PLANT:LYCHEE,PLANT:PREFSTRING,fruit,열매
PLANT:LYCHEE:LEAVES,PLANT:GROWTH:NAME:SINGULAR,lychee leaf,리치잎
PLANT:LYCHEE:LEAVES,PLANT:GROWTH:NAME:PLURAL,lychee leaves,리치잎
PLANT:LYCHEE:FLOWERS,PLANT:GROWTH:NAME:SINGULAR,lychee flower,리치꽃
PLANT:LYCHEE:FLOWERS,PLANT:GROWTH:NAME:PLURAL,lychee flowers,리치꽃
PLANT:LYCHEE:FRUIT,PLANT:GROWTH:NAME:SINGULAR,lychee,리치
PLANT:LYCHEE:FRUIT,PLANT:GROWTH:NAME:PLURAL,lychees,리치
PLANT:MACADAMIA,PLANT:NAME:SINGULAR,macadamia tree,마카다미아나무
PLANT:MACADAMIA,PLANT:NAME:PLURAL,macadamia trees,마카다미아나무
PLANT:MACADAMIA,PLANT:NAME:ADJECTIVE,macadamia tree,마카다미아나무
PLANT:MACADAMIA,PLANT:SEED:SINGULAR,macadamia nut,마카다미아견과
PLANT:MACADAMIA,PLANT:SEED:PLURAL,macadamia nuts,마카다미아견과
PLANT:MACADAMIA,PLANT:PREFSTRING,nuts,견과류
PLANT:MACADAMIA:LEAVES,PLANT:GROWTH:NAME:SINGULAR,macadamia leaf,마카다미아잎
PLANT:MACADAMIA:LEAVES,PLANT:GROWTH:NAME:PLURAL,macadamia leaves,마카다미아잎
PLANT:MACADAMIA:FLOWERS,PLANT:GROWTH:NAME:SINGULAR,macadamia raceme,마카다미아총상화서
PLANT:MACADAMIA:FLOWERS,PLANT:GROWTH:NAME:PLURAL,macadamia racemes,마카다미아 총상화서
PLANT:MACADAMIA:NUT,PLANT:GROWTH:NAME:SINGULAR,macadamia nut,마카다미아 견과
PLANT:MACADAMIA:NUT,PLANT:GROWTH:NAME:PLURAL,macadamia nuts,마카다미아 견과
PLANT:OLIVE,PLANT:NAME:SINGULAR,olive tree,올리브나무
PLANT:OLIVE,PLANT:NAME:PLURAL,olive trees,올리브나무
PLANT:OLIVE,PLANT:NAME:ADJECTIVE,olive tree,올리브나무
PLANT:OLIVE,PLANT:SEED:SINGULAR,olive pit,올리브 씨
PLANT:OLIVE,PLANT:SEED:PLURAL,olive pits,올리브 씨
PLANT:OLIVE,PLANT:PREFSTRING,oil-giving fruit,기름을 내는 과일
PLANT:OLIVE:LEAVES,PLANT:GROWTH:NAME:SINGULAR,olive leaf,올리브 잎
PLANT:OLIVE:LEAVES,PLANT:GROWTH:NAME:PLURAL,olive leaves,올리브 잎
PLANT:OLIVE:FLOWERS,PLANT:GROWTH:NAME:SINGULAR,olive raceme,올리브 총상화서
PLANT:OLIVE:FLOWERS,PLANT:GROWTH:NAME:PLURAL,olive racemes,올리브 총상화서
PLANT:OLIVE:FRUIT,PLANT:GROWTH:NAME:SINGULAR,olive,올리브
PLANT:OLIVE:FRUIT,PLANT:GROWTH:NAME:PLURAL,olives,올리브
PLANT:POMEGRANATE,PLANT:NAME:SINGULAR,pomegranate tree,석류나무
PLANT:POMEGRANATE,PLANT:NAME:PLURAL,pomegranate trees,석류나무
PLANT:POMEGRANATE,PLANT:NAME:ADJECTIVE,pomegranate tree,석류나무
PLANT:POMEGRANATE,PLANT:SEED:SINGULAR,pomegranate seed,석류 씨앗
PLANT:POMEGRANATE,PLANT:SEED:PLURAL,pomegranate seeds,석류 씨앗
PLANT:POMEGRANATE,PLANT:PREFSTRING,fruit,과일
PLANT:POMEGRANATE:LEAVES,PLANT:GROWTH:NAME:SINGULAR,pomegranate leaf,석류 잎
PLANT:POMEGRANATE:LEAVES,PLANT:GROWTH:NAME:PLURAL,pomegranate leaves,석류 잎
PLANT:POMEGRANATE:FLOWERS,PLANT:GROWTH:NAME:SINGULAR,pomegranate flower,석류 꽃
PLANT:POMEGRANATE:FLOWERS,PLANT:GROWTH:NAME:PLURAL,pomegranate flowers,석류 꽃
PLANT:POMEGRANATE:FRUIT,PLANT:GROWTH:NAME:SINGULAR,pomegranate,석류
PLANT:POMEGRANATE:FRUIT,PLANT:GROWTH:NAME:PLURAL,pomegranates,석류
PLANT:ALMOND,PLANT:NAME:SINGULAR,almond tree,아몬드나무
PLANT:ALMOND,PLANT:NAME:PLURAL,almond trees,아몬드나무
PLANT:ALMOND,PLANT:NAME:ADJECTIVE,almond tree,아몬드나무
PLANT:ALMOND,PLANT:SEED:SINGULAR,almond,아몬드
PLANT:ALMOND,PLANT:SEED:PLURAL,almonds,아몬드
PLANT:ALMOND,PLANT:PREFSTRING,nuts,견과류
PLANT:ALMOND:LEAVES,PLANT:GROWTH:NAME:SINGULAR,almond leaf,아몬드 잎
PLANT:ALMOND:LEAVES,PLANT:GROWTH:NAME:PLURAL,almond leaves,아몬드 잎
PLANT:ALMOND:FLOWERS,PLANT:GROWTH:NAME:SINGULAR,almond flower,아몬드 꽃
PLANT:ALMOND:FLOWERS,PLANT:GROWTH:NAME:PLURAL,almond flowers,아몬드 꽃
PLANT:ALMOND:NUT,PLANT:GROWTH:NAME:SINGULAR,almond,아몬드
PLANT:ALMOND:NUT,PLANT:GROWTH:NAME:PLURAL,almonds,아몬드
PLANT:APPLE,PLANT:NAME:SINGULAR,apple tree,사과나무
PLANT:APPLE,PLANT:NAME:PLURAL,apple trees,사과나무
PLANT:APPLE,PLANT:NAME:ADJECTIVE,apple tree,사과나무
PLANT:APPLE,PLANT:SEED:SINGULAR,apple seed,사과 씨앗
PLANT:APPLE,PLANT:SEED:PLURAL,apple seeds,사과 씨앗
PLANT:APPLE,PLANT:PREFSTRING,fruit,과일
PLANT:APPLE:LEAVES,PLANT:GROWTH:NAME:SINGULAR,apple leaf,사과 잎
PLANT:APPLE:LEAVES,PLANT:GROWTH:NAME:PLURAL,apple leaves,사과 잎
PLANT:APPLE:FLOWERS,PLANT:GROWTH:NAME:SINGULAR,apple flower,사과 꽃
PLANT:APPLE:FLOWERS,PLANT:GROWTH:NAME:PLURAL,apple flowers,사과 꽃
PLANT:APPLE:FRUIT,PLANT:GROWTH:NAME:SINGULAR,apple,사과
PLANT:APPLE:FRUIT,PLANT:GROWTH:NAME:PLURAL,apples,사과
PLANT:APRICOT,PLANT:NAME:SINGULAR,apricot tree,살구나무
PLANT:APRICOT,PLANT:NAME:PLURAL,apricot trees,살구나무
PLANT:APRICOT,PLANT:NAME:ADJECTIVE,apricot tree,살구나무
PLANT:APRICOT,PLANT:SEED:SINGULAR,apricot pit,살구 씨
PLANT:APRICOT,PLANT:SEED:PLURAL,apricot pits,살구 씨
PLANT:APRICOT,PLANT:PREFSTRING,fruit,열매
PLANT:APRICOT:LEAVES,PLANT:GROWTH:NAME:SINGULAR,apricot leaf,살구나무 잎
PLANT:APRICOT:LEAVES,PLANT:GROWTH:NAME:PLURAL,apricot leaves,살구나무 잎
PLANT:APRICOT:FLOWERS,PLANT:GROWTH:NAME:SINGULAR,apricot flower,살구꽃
PLANT:APRICOT:FLOWERS,PLANT:GROWTH:NAME:PLURAL,apricot flowers,살구꽃
PLANT:APRICOT:FRUIT,PLANT:GROWTH:NAME:SINGULAR,apricot,살구
PLANT:APRICOT:FRUIT,PLANT:GROWTH:NAME:PLURAL,apricots,살구
PLANT:BAYBERRY,PLANT:NAME:SINGULAR,bayberry tree,양매나무
PLANT:BAYBERRY,PLANT:NAME:PLURAL,bayberry trees,양매나무
PLANT:BAYBERRY,PLANT:NAME:ADJECTIVE,bayberry tree,양매나무
PLANT:BAYBERRY,PLANT:SEED:SINGULAR,bayberry seed,양매 씨앗
PLANT:BAYBERRY,PLANT:SEED:PLURAL,bayberry seeds,양매 씨앗
PLANT:BAYBERRY,PLANT:PREFSTRING,waxy berries,밀랍질 열매
PLANT:BAYBERRY:LEAVES,PLANT:GROWTH:NAME:SINGULAR,bayberry leaf,양매나무 잎
PLANT:BAYBERRY:LEAVES,PLANT:GROWTH:NAME:PLURAL,bayberry leaves,양매나무 잎
PLANT:BAYBERRY:POLLEN_CATKINS,PLANT:GROWTH:NAME:SINGULAR,bayberry pollen catkin,양매 꽃가루 유이화서
PLANT:BAYBERRY:POLLEN_CATKINS,PLANT:GROWTH:NAME:PLURAL,bayberry pollen catkins,양매 꽃가루 유이화서
PLANT:BAYBERRY:SEED_CATKINS,PLANT:GROWTH:NAME:SINGULAR,bayberry seed catkin,양매 씨앗 유이화서
PLANT:BAYBERRY:SEED_CATKINS,PLANT:GROWTH:NAME:PLURAL,bayberry seed catkins,양매 씨앗 유이화서
PLANT:BAYBERRY:FRUIT,PLANT:GROWTH:NAME:SINGULAR,bayberry,양매
PLANT:BAYBERRY:FRUIT,PLANT:GROWTH:NAME:PLURAL,bayberries,양매
PLANT:CHERRY,PLANT:NAME:SINGULAR,cherry tree,체리나무
PLANT:CHERRY,PLANT:NAME:PLURAL,cherry trees,체리나무
PLANT:CHERRY,PLANT:NAME:ADJECTIVE,cherry tree,체리나무
PLANT:CHERRY,PLANT:SEED:SINGULAR,cherry pit,체리 씨
PLANT:CHERRY,PLANT:SEED:PLURAL,cherry pits,체리 씨
PLANT:CHERRY,PLANT:PREFSTRING,fruit,열매
PLANT:CHERRY,PLANT:PREFSTRING,blossoms,꽃
PLANT:CHERRY:LEAVES,PLANT:GROWTH:NAME:SINGULAR,cherry leaf,체리나무 잎
PLANT:CHERRY:LEAVES,PLANT:GROWTH:NAME:PLURAL,cherry leaves,체리나무 잎
PLANT:CHERRY:FLOWERS,PLANT:GROWTH:NAME:SINGULAR,cherry flower,체리꽃
PLANT:CHERRY:FLOWERS,PLANT:GROWTH:NAME:PLURAL,cherry flowers,체리꽃
PLANT:CHERRY:FRUIT,PLANT:GROWTH:NAME:SINGULAR,cherry,체리
PLANT:CHERRY:FRUIT,PLANT:GROWTH:NAME:PLURAL,cherries,체리
PLANT:GINKGO,PLANT:NAME:SINGULAR,ginkgo tree,은행나무
PLANT:GINKGO,PLANT:NAME:PLURAL,ginkgo trees,은행나무
PLANT:GINKGO,PLANT:NAME:ADJECTIVE,ginkgo tree,은행나무
PLANT:GINKGO,PLANT:SEED:SINGULAR,ginkgo seed,은행 씨앗
PLANT:GINKGO,PLANT:SEED:PLURAL,ginkgo seeds,은행 씨앗
PLANT:GINKGO,PLANT:PREFSTRING,seeds,씨앗
PLANT:GINKGO:LEAVES,PLANT:GROWTH:NAME:SINGULAR,ginkgo leaf,은행나무 잎
PLANT:GINKGO:LEAVES,PLANT:GROWTH:NAME:PLURAL,ginkgo leaves,은행나무 잎
PLANT:GINKGO:POLLEN_CATKINS,PLANT:GROWTH:NAME:SINGULAR,ginkgo pollen catkin,은행나무 꽃가루 유이화서
PLANT:GINKGO:POLLEN_CATKINS,PLANT:GROWTH:NAME:PLURAL,ginkgo pollen catkins,은행나무 꽃가루 유이화서
PLANT:GINKGO:SEED,PLANT:GROWTH:NAME:SINGULAR,ginkgo seed,은행나무 씨앗
PLANT:GINKGO:SEED,PLANT:GROWTH:NAME:PLURAL,ginkgo seeds,은행나무 씨앗
PLANT:HAZEL,PLANT:NAME:SINGULAR,hazel tree,개암나무
PLANT:HAZEL,PLANT:NAME:PLURAL,hazel trees,개암나무
PLANT:HAZEL,PLANT:NAME:ADJECTIVE,hazel tree,개암나무
PLANT:HAZEL,PLANT:SEED:SINGULAR,hazel nut,개암
PLANT:HAZEL,PLANT:SEED:PLURAL,hazel nuts,개암
PLANT:HAZEL,PLANT:PREFSTRING,nuts,견과류
PLANT:HAZEL:LEAVES,PLANT:GROWTH:NAME:SINGULAR,hazel leaf,개암 잎
PLANT:HAZEL:LEAVES,PLANT:GROWTH:NAME:PLURAL,hazel leaves,개암 잎
PLANT:HAZEL:POLLEN_CATKINS,PLANT:GROWTH:NAME:SINGULAR,hazel pollen catkin,개암 꽃가루 달린 꽃이삭
PLANT:HAZEL:POLLEN_CATKINS,PLANT:GROWTH:NAME:PLURAL,hazel pollen catkins,개암 꽃가루 달린 꽃이삭
PLANT:HAZEL:NUT,PLANT:GROWTH:NAME:SINGULAR,hazel nut,개암
PLANT:HAZEL:NUT,PLANT:GROWTH:NAME:PLURAL,hazel nuts,개암
PLANT:PEACH,PLANT:NAME:SINGULAR,peach tree,복숭아나무
PLANT:PEACH,PLANT:NAME:PLURAL,peach trees,복숭아나무
PLANT:PEACH,PLANT:NAME:ADJECTIVE,peach tree,복숭아나무
PLANT:PEACH,PLANT:SEED:SINGULAR,peach pit,복숭아 씨
PLANT:PEACH,PLANT:SEED:PLURAL,peach pits,복숭아 씨
PLANT:PEACH,PLANT:PREFSTRING,fruit,과일
PLANT:PEACH:LEAVES,PLANT:GROWTH:NAME:SINGULAR,peach leaf,복숭아 잎
PLANT:PEACH:LEAVES,PLANT:GROWTH:NAME:PLURAL,peach leaves,복숭아 잎
PLANT:PEACH:FLOWERS,PLANT:GROWTH:NAME:SINGULAR,peach flower,복숭아꽃
PLANT:PEACH:FLOWERS,PLANT:GROWTH:NAME:PLURAL,peach flowers,복숭아꽃
PLANT:PEACH:FRUIT,PLANT:GROWTH:NAME:SINGULAR,peach,복숭아
PLANT:PEACH:FRUIT,PLANT:GROWTH:NAME:PLURAL,peaches,복숭아
PLANT:PEAR,PLANT:NAME:SINGULAR,pear tree,배나무
PLANT:PEAR,PLANT:NAME:PLURAL,pear trees,배나무
PLANT:PEAR,PLANT:NAME:ADJECTIVE,pear tree,배나무
PLANT:PEAR,PLANT:SEED:SINGULAR,pear seed,배 씨앗
PLANT:PEAR,PLANT:SEED:PLURAL,pear seeds,배 씨앗
PLANT:PEAR,PLANT:PREFSTRING,fruit,과일
PLANT:PEAR:LEAVES,PLANT:GROWTH:NAME:SINGULAR,pear leaf,배 잎
PLANT:PEAR:LEAVES,PLANT:GROWTH:NAME:PLURAL,pear leaves,배 잎
PLANT:PEAR:FLOWERS,PLANT:GROWTH:NAME:SINGULAR,pear flower,배꽃
PLANT:PEAR:FLOWERS,PLANT:GROWTH:NAME:PLURAL,pear flowers,배꽃
PLANT:PEAR:FRUIT,PLANT:GROWTH:NAME:SINGULAR,pear,배
PLANT:PEAR:FRUIT,PLANT:GROWTH:NAME:PLURAL,pears,배
PLANT:PECAN,PLANT:NAME:SINGULAR,pecan tree,피칸나무
PLANT:PECAN,PLANT:NAME:PLURAL,pecan trees,피칸나무
PLANT:PECAN,PLANT:NAME:ADJECTIVE,pecan tree,피칸나무
PLANT:PECAN,PLANT:SEED:SINGULAR,pecan,피칸
PLANT:PECAN,PLANT:SEED:PLURAL,pecans,피칸
PLANT:PECAN,PLANT:PREFSTRING,nuts,견과류
PLANT:PECAN:LEAVES,PLANT:GROWTH:NAME:SINGULAR,pecan leaf,피칸 잎
PLANT:PECAN:LEAVES,PLANT:GROWTH:NAME:PLURAL,pecan leaves,피칸 잎
PLANT:PECAN:POLLEN_CATKINS,PLANT:GROWTH:NAME:SINGULAR,pecan pollen catkin,피칸 꽃가루 달린 꽃이삭
PLANT:PECAN:POLLEN_CATKINS,PLANT:GROWTH:NAME:PLURAL,pecan pollen catkins,피칸 꽃가루 달린 꽃이삭
PLANT:PECAN:NUT,PLANT:GROWTH:NAME:SINGULAR,pecan,피칸
PLANT:PECAN:NUT,PLANT:GROWTH:NAME:PLURAL,pecans,피칸
PLANT:PERSIMMON,PLANT:NAME:SINGULAR,persimmon tree,감나무
PLANT:PERSIMMON,PLANT:NAME:PLURAL,persimmon trees,감나무
PLANT:PERSIMMON,PLANT:NAME:ADJECTIVE,persimmon tree,감나무
PLANT:PERSIMMON,PLANT:SEED:SINGULAR,persimmon seed,감씨앗
PLANT:PERSIMMON,PLANT:SEED:PLURAL,persimmon seeds,감씨앗
PLANT:PERSIMMON,PLANT:PREFSTRING,fruit,과일
PLANT:PERSIMMON:LEAVES,PLANT:GROWTH:NAME:SINGULAR,persimmon leaf,감잎
PLANT:PERSIMMON:LEAVES,PLANT:GROWTH:NAME:PLURAL,persimmon leaves,감잎
PLANT:PERSIMMON:FLOWERS,PLANT:GROWTH:NAME:SINGULAR,persimmon flower,감꽃
PLANT:PERSIMMON:FLOWERS,PLANT:GROWTH:NAME:PLURAL,persimmon flowers,감꽃
PLANT:PERSIMMON:FRUIT,PLANT:GROWTH:NAME:SINGULAR,persimmon,감
PLANT:PERSIMMON:FRUIT,PLANT:GROWTH:NAME:PLURAL,persimmons,감
PLANT:PLUM,PLANT:NAME:SINGULAR,plum tree,자두나무
PLANT:PLUM,PLANT:NAME:PLURAL,plum trees,자두나무
PLANT:PLUM,PLANT:NAME:ADJECTIVE,plum tree,자두나무
PLANT:PLUM,PLANT:SEED:SINGULAR,plum pit,자두씨
PLANT:PLUM,PLANT:SEED:PLURAL,plum pits,자두씨
PLANT:PLUM,PLANT:PREFSTRING,fruit,과일
PLANT:PLUM:LEAVES,PLANT:GROWTH:NAME:SINGULAR,plum leaf,자두잎
PLANT:PLUM:LEAVES,PLANT:GROWTH:NAME:PLURAL,plum leaves,자두잎
PLANT:PLUM:FLOWERS,PLANT:GROWTH:NAME:SINGULAR,plum flower,자두꽃
PLANT:PLUM:FLOWERS,PLANT:GROWTH:NAME:PLURAL,plum flowers,자두꽃
PLANT:PLUM:FRUIT,PLANT:GROWTH:NAME:SINGULAR,plum,자두
PLANT:PLUM:FRUIT,PLANT:GROWTH:NAME:PLURAL,plums,자두
PLANT:SAND_PEAR,PLANT:NAME:SINGULAR,sand pear tree,사과배나무
PLANT:SAND_PEAR,PLANT:NAME:PLURAL,sand pear trees,사과배나무
PLANT:SAND_PEAR,PLANT:NAME:ADJECTIVE,sand pear tree,사과배나무
PLANT:SAND_PEAR,PLANT:SEED:SINGULAR,sand pear seed,사과배씨앗
PLANT:SAND_PEAR,PLANT:SEED:PLURAL,sand pear seeds,사과배씨앗
PLANT:SAND_PEAR,PLANT:PREFSTRING,fruit,과일
PLANT:SAND_PEAR:LEAVES,PLANT:GROWTH:NAME:SINGULAR,sand pear leaf,사과배잎
PLANT:SAND_PEAR:LEAVES,PLANT:GROWTH:NAME:PLURAL,sand pear leaves,사과배잎
PLANT:SAND_PEAR:FLOWERS,PLANT:GROWTH:NAME:SINGULAR,sand pear flower,사과배꽃
PLANT:SAND_PEAR:FLOWERS,PLANT:GROWTH:NAME:PLURAL,sand pear flowers,사과배꽃
PLANT:SAND_PEAR:FRUIT,PLANT:GROWTH:NAME:SINGULAR,sand pear,사과배
PLANT:SAND_PEAR:FRUIT,PLANT:GROWTH:NAME:PLURAL,sand pears,사과배
PLANT:WALNUT,PLANT:NAME:SINGULAR,walnut tree,호두나무
PLANT:WALNUT,PLANT:NAME:PLURAL,walnut trees,호두나무
PLANT:WALNUT,PLANT:NAME:ADJECTIVE,walnut tree,호두나무
PLANT:WALNUT,PLANT:SEED:SINGULAR,walnut,호두
PLANT:WALNUT,PLANT:SEED:PLURAL,walnuts,호두
PLANT:WALNUT,PLANT:PREFSTRING,nuts,견과류
PLANT:WALNUT:LEAVES,PLANT:GROWTH:NAME:SINGULAR,walnut leaf,호두잎
PLANT:WALNUT:LEAVES,PLANT:GROWTH:NAME:PLURAL,walnut leaves,호두잎
PLANT:WALNUT:POLLEN_CATKINS,PLANT:GROWTH:NAME:SINGULAR,walnut pollen catkin,호두꽃가루꽃이삭
PLANT:WALNUT:POLLEN_CATKINS,PLANT:GROWTH:NAME:PLURAL,walnut pollen catkins,호두꽃가루꽃이삭
PLANT:WALNUT:FLOWERS,PLANT:GROWTH:NAME:SINGULAR,walnut flower cluster,호두꽃송이
PLANT:WALNUT:FLOWERS,PLANT:GROWTH:NAME:PLURAL,walnut flower clusters,호두꽃송이
PLANT:WALNUT:NUT,PLANT:GROWTH:NAME:SINGULAR,walnut,호두
PLANT:WALNUT:NUT,PLANT:GROWTH:NAME:PLURAL,walnuts,호두
PLANT:MUSHROOM_HELMET_PLUMP,PLANT:NAME:SINGULAR,plump helmet,통통투구버섯
PLANT:MUSHROOM_HELMET_PLUMP,PLANT:NAME:PLURAL,plump helmets,통통투구버섯
PLANT:MUSHROOM_HELMET_PLUMP,PLANT:NAME:ADJECTIVE,plump helmet,통통투구버섯
PLANT:MUSHROOM_HELMET_PLUMP,PLANT:SEED:SINGULAR,plump helmet spawn,통통투구버섯 종균
PLANT:MUSHROOM_HELMET_PLUMP,PLANT:SEED:PLURAL,plump helmet spawn,통통투구버섯 종균
PLANT:MUSHROOM_HELMET_PLUMP,PLANT:PREFSTRING,rounded tops,둥근 꼭대기
PLANT:GRASS_TAIL_PIG,PLANT:NAME:SINGULAR,pig tail,돼지꼬리풀
PLANT:GRASS_TAIL_PIG,PLANT:NAME:PLURAL,pig tails,돼지꼬리풀
PLANT:GRASS_TAIL_PIG,PLANT:NAME:ADJECTIVE,pig tail,돼지꼬리풀
PLANT:GRASS_TAIL_PIG,PLANT:SEED:SINGULAR,pig tail seed,돼지꼬리풀 씨앗
PLANT:GRASS_TAIL_PIG,PLANT:SEED:PLURAL,pig tail seeds,돼지꼬리풀 씨앗
PLANT:GRASS_TAIL_PIG,PLANT:PREFSTRING,twisting stalks,비틀린 줄기
PLANT:GRASS_WHEAT_CAVE,PLANT:NAME:SINGULAR,cave wheat,동굴밀
PLANT:GRASS_WHEAT_CAVE,PLANT:NAME:PLURAL,cave wheat,동굴밀
PLANT:GRASS_WHEAT_CAVE,PLANT:NAME:ADJECTIVE,cave wheat,동굴밀
PLANT:GRASS_WHEAT_CAVE,PLANT:SEED:SINGULAR,cave wheat seed,동굴밀 씨앗
PLANT:GRASS_WHEAT_CAVE,PLANT:SEED:PLURAL,cave wheat seeds,동굴밀 씨앗
PLANT:GRASS_WHEAT_CAVE,PLANT:PREFSTRING,stalks,줄기
PLANT:POD_SWEET,PLANT:NAME:SINGULAR,sweet pod,단꼬투리
PLANT:POD_SWEET,PLANT:NAME:PLURAL,sweet pods,단꼬투리
PLANT:POD_SWEET,PLANT:NAME:ADJECTIVE,sweet pod,단꼬투리
PLANT:POD_SWEET,PLANT:SEED:SINGULAR,sweet pod seed,단꼬투리 씨앗
PLANT:POD_SWEET,PLANT:SEED:PLURAL,sweet pod seeds,단꼬투리 씨앗
PLANT:POD_SWEET,PLANT:PREFSTRING,round shape,원형
PLANT:BUSH_QUARRY,PLANT:NAME:SINGULAR,quarry bush,채석장 관목
PLANT:BUSH_QUARRY,PLANT:NAME:PLURAL,quarry bushes,채석장 관목
PLANT:BUSH_QUARRY,PLANT:NAME:ADJECTIVE,quarry bush,채석장 관목
PLANT:BUSH_QUARRY,PLANT:SEED:SINGULAR,rock nut,바위 견과
PLANT:BUSH_QUARRY,PLANT:SEED:PLURAL,rock nuts,바위 견과
PLANT:BUSH_QUARRY,PLANT:PREFSTRING,gray leaves,회색 잎
PLANT:BUSH_QUARRY:LEAVES,PLANT:GROWTH:NAME:SINGULAR,quarry bush leaf,채석장 관목 잎
PLANT:BUSH_QUARRY:LEAVES,PLANT:GROWTH:NAME:PLURAL,quarry bush leaves,채석장 관목 잎
PLANT:ROOT_MUCK,PLANT:NAME:SINGULAR,muck root,진흙꼬인뿌리
PLANT:ROOT_MUCK,PLANT:NAME:PLURAL,muck roots,진흙꼬인뿌리
PLANT:ROOT_MUCK,PLANT:NAME:ADJECTIVE,muck root,진흙꼬인뿌리
PLANT:ROOT_MUCK,PLANT:SEED:SINGULAR,muck root seed,진흙꼬인뿌리 씨앗
PLANT:ROOT_MUCK,PLANT:SEED:PLURAL,muck root seeds,진흙꼬인뿌리 씨앗
PLANT:ROOT_MUCK,PLANT:PREFSTRING,twisting shape,비틀린 형태
PLANT:TUBER_BLOATED,PLANT:NAME:SINGULAR,bloated tuber,부푼 괴경
PLANT:TUBER_BLOATED,PLANT:NAME:PLURAL,bloated tubers,부푼 괴경
PLANT:TUBER_BLOATED,PLANT:NAME:ADJECTIVE,bloated tuber,부푼 괴경
PLANT:TUBER_BLOATED,PLANT:SEED:SINGULAR,bloated tuber seed,부푼 괴경 씨앗
PLANT:TUBER_BLOATED,PLANT:SEED:PLURAL,bloated tuber seeds,부푼 괴경 씨앗
PLANT:TUBER_BLOATED,PLANT:PREFSTRING,stout shape,뭉툭한 모양
PLANT:BULB_KOBOLD,PLANT:NAME:SINGULAR,kobold bulb,코볼드 구근
PLANT:BULB_KOBOLD,PLANT:NAME:PLURAL,kobold bulbs,코볼드 구근
PLANT:BULB_KOBOLD,PLANT:NAME:ADJECTIVE,kobold bulb,코볼드 구근
PLANT:BULB_KOBOLD,PLANT:PREFSTRING,shrouded history,신비한 역사
PLANT:BERRIES_PRICKLE,PLANT:NAME:SINGULAR,prickle berry,가시베리
PLANT:BERRIES_PRICKLE,PLANT:NAME:PLURAL,prickle berries,가시베리
PLANT:BERRIES_PRICKLE,PLANT:NAME:ADJECTIVE,prickle berry,가시베리
PLANT:BERRIES_PRICKLE,PLANT:SEED:SINGULAR,prickle berry seed,가시베리 씨앗
PLANT:BERRIES_PRICKLE,PLANT:SEED:PLURAL,prickle berry seeds,가시베리 씨앗
PLANT:BERRIES_PRICKLE,PLANT:PREFSTRING,precise thorns,날카로운 가시
PLANT:BERRIES_STRAW,PLANT:NAME:SINGULAR,strawberry plant,딸기 식물
PLANT:BERRIES_STRAW,PLANT:NAME:PLURAL,strawberry plants,딸기 식물
PLANT:BERRIES_STRAW,PLANT:NAME:ADJECTIVE,strawberry plant,딸기 식물
PLANT:BERRIES_STRAW,PLANT:SEED:SINGULAR,strawberry seed,딸기 씨앗
PLANT:BERRIES_STRAW,PLANT:SEED:PLURAL,strawberry seeds,딸기 씨앗
PLANT:BERRIES_STRAW,PLANT:PREFSTRING,vivid red color,선명한 붉은색
PLANT:BERRIES_STRAW:FRUIT,PLANT:GROWTH:NAME:SINGULAR,strawberry,딸기
PLANT:BERRIES_STRAW:FRUIT,PLANT:GROWTH:NAME:PLURAL,strawberries,딸기
PLANT:GRASS_LONGLAND,PLANT:NAME:SINGULAR,Longland grass,롱랜드 풀
PLANT:GRASS_LONGLAND,PLANT:NAME:PLURAL,Longland grass,롱랜드 풀
PLANT:GRASS_LONGLAND,PLANT:NAME:ADJECTIVE,Longland grass,롱랜드 풀
PLANT:GRASS_LONGLAND,PLANT:SEED:SINGULAR,Longland grass seed,롱랜드 풀 씨앗
PLANT:GRASS_LONGLAND,PLANT:SEED:PLURAL,Longland grass seeds,롱랜드 풀 씨앗
PLANT:GRASS_LONGLAND,PLANT:PREFSTRING,sweeping stalks,휘날리는 줄기
PLANT:HERB_VALLEY,PLANT:NAME:SINGULAR,valley herb,계곡 허브
PLANT:HERB_VALLEY,PLANT:NAME:PLURAL,valley herbs,계곡 허브
PLANT:HERB_VALLEY,PLANT:NAME:ADJECTIVE,valley herb,계곡 허브
PLANT:HERB_VALLEY,PLANT:PREFSTRING,tiny leaves,자그마한 잎
PLANT:HERB_VALLEY,PLANT:PREFSTRING,soothing fragrance,진정되는 향기
PLANT:WEED_RAT,PLANT:NAME:SINGULAR,rat weed,쥐잡초
PLANT:WEED_RAT,PLANT:NAME:PLURAL,rat weed,쥐잡초
PLANT:WEED_RAT,PLANT:NAME:ADJECTIVE,rat weed,쥐잡초
PLANT:WEED_RAT,PLANT:SEED:SINGULAR,rat weed seed,쥐잡초 씨앗
PLANT:WEED_RAT,PLANT:SEED:PLURAL,rat weed seeds,쥐잡초 씨앗
PLANT:WEED_RAT,PLANT:PREFSTRING,hanging leaves,늘어진 잎
PLANT:BERRIES_FISHER,PLANT:NAME:SINGULAR,fisher berry,어부베리
PLANT:BERRIES_FISHER,PLANT:NAME:PLURAL,fisher berries,어부베리
PLANT:BERRIES_FISHER,PLANT:NAME:ADJECTIVE,fisher berry,어부베리
PLANT:BERRIES_FISHER,PLANT:SEED:SINGULAR,fisher berry seed,어부베리 씨앗
PLANT:BERRIES_FISHER,PLANT:SEED:PLURAL,fisher berry seeds,어부베리 씨앗
PLANT:BERRIES_FISHER,PLANT:PREFSTRING,round shape,둥근 형태
PLANT:REED_ROPE,PLANT:NAME:SINGULAR,rope reed,밧줄 갈대
PLANT:REED_ROPE,PLANT:NAME:PLURAL,rope reeds,밧줄 갈대
PLANT:REED_ROPE,PLANT:NAME:ADJECTIVE,rope reed,밧줄 갈대
PLANT:REED_ROPE,PLANT:SEED:SINGULAR,rope reed seed,밧줄 갈대 씨앗
PLANT:REED_ROPE,PLANT:SEED:PLURAL,rope reed seeds,밧줄 갈대 씨앗
PLANT:REED_ROPE,PLANT:PREFSTRING,precise lines,뚜렷한 선
PLANT:MUSHROOM_CUP_DIMPLE,PLANT:NAME:SINGULAR,dimple cup,오목 컵버섯
PLANT:MUSHROOM_CUP_DIMPLE,PLANT:NAME:PLURAL,dimple cups,오목 컵버섯
PLANT:MUSHROOM_CUP_DIMPLE,PLANT:NAME:ADJECTIVE,dimple cup,오목 컵버섯
PLANT:MUSHROOM_CUP_DIMPLE,PLANT:SEED:SINGULAR,dimple cup spawn,오목 컵버섯 종균
PLANT:MUSHROOM_CUP_DIMPLE,PLANT:SEED:PLURAL,dimple cup spawn,오목 컵버섯 종균
PLANT:MUSHROOM_CUP_DIMPLE,PLANT:PREFSTRING,soothing color,차분한 색
PLANT:WEED_BLADE,PLANT:NAME:SINGULAR,blade weed,칼날잡초
PLANT:WEED_BLADE,PLANT:NAME:PLURAL,blade weed,칼날잡초
PLANT:WEED_BLADE,PLANT:NAME:ADJECTIVE,blade weed,칼날잡초
PLANT:WEED_BLADE,PLANT:SEED:SINGULAR,blade weed seed,칼날잡초 씨앗
PLANT:WEED_BLADE,PLANT:SEED:PLURAL,blade weed seeds,칼날잡초 씨앗
PLANT:WEED_BLADE,PLANT:PREFSTRING,"stiff, triangular leaves",뻣뻣한 삼각형 잎
PLANT:ROOT_HIDE,PLANT:NAME:SINGULAR,hide root,숨은줄기풀
PLANT:ROOT_HIDE,PLANT:NAME:PLURAL,hide root,숨은줄기풀
PLANT:ROOT_HIDE,PLANT:NAME:ADJECTIVE,hide root,숨은줄기풀
PLANT:ROOT_HIDE,PLANT:SEED:SINGULAR,hide root seed,숨은줄기풀 씨앗
PLANT:ROOT_HIDE,PLANT:SEED:PLURAL,hide root seeds,숨은줄기풀 씨앗
PLANT:ROOT_HIDE,PLANT:PREFSTRING,fuzzy projections,복슬복슬한 돌기
PLANT:SLIVER_BARB,PLANT:NAME:SINGULAR,sliver barb,갈라진 갈고리풀
PLANT:SLIVER_BARB,PLANT:NAME:PLURAL,sliver barbs,갈라진 갈고리풀
PLANT:SLIVER_BARB,PLANT:NAME:ADJECTIVE,sliver barb,갈라진 갈고리풀
PLANT:SLIVER_BARB,PLANT:SEED:SINGULAR,sliver barb seed,갈라진 갈고리풀 씨앗
PLANT:SLIVER_BARB,PLANT:SEED:PLURAL,sliver barb seeds,갈라진 갈고리풀 씨앗
PLANT:SLIVER_BARB,PLANT:PREFSTRING,wicked thorns,악독한 가시
PLANT:BERRY_SUN,PLANT:NAME:SINGULAR,sun berry,태양열매
PLANT:BERRY_SUN,PLANT:NAME:PLURAL,sun berries,태양열매
PLANT:BERRY_SUN,PLANT:NAME:ADJECTIVE,sun berry,태양열매
PLANT:BERRY_SUN,PLANT:SEED:SINGULAR,sun berry seed,태양열매 씨앗
PLANT:BERRY_SUN,PLANT:SEED:PLURAL,sun berry seeds,태양열매 씨앗
PLANT:BERRY_SUN,PLANT:PREFSTRING,inner light,내부의 빛
PLANT:VINE_WHIP,PLANT:NAME:SINGULAR,whip vine,채찍덩굴
PLANT:VINE_WHIP,PLANT:NAME:PLURAL,whip vines,채찍덩굴
PLANT:VINE_WHIP,PLANT:NAME:ADJECTIVE,whip vine,채찍덩굴
PLANT:VINE_WHIP,PLANT:SEED:SINGULAR,whip vine seed,채찍덩굴 씨앗
PLANT:VINE_WHIP,PLANT:SEED:PLURAL,whip vine seeds,채찍덩굴 씨앗
PLANT:VINE_WHIP,PLANT:PREFSTRING,length,길이
PLANT:MANGROVE,PLANT:NAME:SINGULAR,mangrove,맹그로브
PLANT:MANGROVE,PLANT:NAME:PLURAL,mangroves,맹그로브
PLANT:MANGROVE,PLANT:NAME:ADJECTIVE,mangrove,맹그로브
PLANT:MANGROVE,PLANT:PREFSTRING,roots,뿌리
PLANT:MANGROVE:LEAVES,PLANT:GROWTH:NAME:SINGULAR,mangrove leaf,맹그로브 잎
PLANT:MANGROVE:LEAVES,PLANT:GROWTH:NAME:PLURAL,mangrove leaves,맹그로브 잎
PLANT:MANGROVE:FLOWERS,PLANT:GROWTH:NAME:SINGULAR,mangrove flower,맹그로브 꽃
PLANT:MANGROVE:FLOWERS,PLANT:GROWTH:NAME:PLURAL,mangrove flowers,맹그로브 꽃
PLANT:MANGROVE:FRUIT,PLANT:GROWTH:NAME:SINGULAR,mangrove fruit,맹그로브 열매
PLANT:MANGROVE:FRUIT,PLANT:GROWTH:NAME:PLURAL,mangrove fruit,맹그로브 열매
PLANT:SAGUARO,PLANT:NAME:SINGULAR,saguaro,사구아로
PLANT:SAGUARO,PLANT:NAME:PLURAL,saguaros,사구아로
PLANT:SAGUARO,PLANT:NAME:ADJECTIVE,saguaro,사구아로
PLANT:SAGUARO,PLANT:PREFSTRING,amazing arms,놀라운 가지
PLANT:SAGUARO:FLOWERS,PLANT:GROWTH:NAME:SINGULAR,saguaro flower,사구아로 꽃
PLANT:SAGUARO:FLOWERS,PLANT:GROWTH:NAME:PLURAL,saguaro flowers,사구아로 꽃
PLANT:SAGUARO:FRUIT,PLANT:GROWTH:NAME:SINGULAR,saguaro fruit,사구아로 열매
PLANT:SAGUARO:FRUIT,PLANT:GROWTH:NAME:PLURAL,saguaro fruit,사구아로 열매
PLANT:PINE,PLANT:NAME:SINGULAR,pine,소나무
PLANT:PINE,PLANT:NAME:PLURAL,pines,소나무
PLANT:PINE,PLANT:NAME:ADJECTIVE,pine,소나무
PLANT:PINE,PLANT:PREFSTRING,cones,솔방울
PLANT:PINE,PLANT:PREFSTRING,needles,솔잎
PLANT:PINE:LEAVES,PLANT:GROWTH:NAME:SINGULAR,pine needle,솔잎
PLANT:PINE:LEAVES,PLANT:GROWTH:NAME:PLURAL,pine needles,솔잎
PLANT:PINE:SEED_CONE,PLANT:GROWTH:NAME:SINGULAR,pine seed cone,소나무 종자 구과
PLANT:PINE:SEED_CONE,PLANT:GROWTH:NAME:PLURAL,pine seed cones,소나무 종자 구과
PLANT:PINE:POLLEN_CONE,PLANT:GROWTH:NAME:SINGULAR,pine pollen cone,소나무 화분 구과
PLANT:PINE:POLLEN_CONE,PLANT:GROWTH:NAME:PLURAL,pine pollen cones,소나무 화분 구과
PLANT:CEDAR,PLANT:NAME:SINGULAR,cedar,백향목
PLANT:CEDAR,PLANT:NAME:PLURAL,cedars,백향목
PLANT:CEDAR,PLANT:NAME:ADJECTIVE,cedar,백향목
PLANT:CEDAR,PLANT:PREFSTRING,majesty,위엄
PLANT:CEDAR:LEAVES,PLANT:GROWTH:NAME:SINGULAR,cedar scale-leaf,백향목 비늘잎
PLANT:CEDAR:LEAVES,PLANT:GROWTH:NAME:PLURAL,cedar scale-leaves,백향목 비늘잎
PLANT:CEDAR:SEED_CONE,PLANT:GROWTH:NAME:SINGULAR,cedar seed cone,백향목 종자 구과
PLANT:CEDAR:SEED_CONE,PLANT:GROWTH:NAME:PLURAL,cedar seed cones,백향목 종자 구과
PLANT:CEDAR:POLLEN_CONE,PLANT:GROWTH:NAME:SINGULAR,cedar pollen cone,백향목 화분 구과
PLANT:CEDAR:POLLEN_CONE,PLANT:GROWTH:NAME:PLURAL,cedar pollen cones,백향목 화분 구과
PLANT:OAK,PLANT:NAME:SINGULAR,oak,참나무
PLANT:OAK,PLANT:NAME:PLURAL,oaks,참나무
PLANT:OAK,PLANT:NAME:ADJECTIVE,oaken,참나무
PLANT:OAK,PLANT:SEED:SINGULAR,acorn,도토리
PLANT:OAK,PLANT:SEED:PLURAL,acorns,도토리
PLANT:OAK,PLANT:PREFSTRING,acorns,도토리
PLANT:OAK,PLANT:PREFSTRING,autumn coloration,가을의 색채
PLANT:OAK:LEAVES,PLANT:GROWTH:NAME:SINGULAR,oak leaf,참나뭇잎
PLANT:OAK:LEAVES,PLANT:GROWTH:NAME:PLURAL,oak leaves,참나뭇잎
PLANT:OAK:FLOWERS,PLANT:GROWTH:NAME:SINGULAR,oak flower cluster,참나무 꽃송이
PLANT:OAK:FLOWERS,PLANT:GROWTH:NAME:PLURAL,oak flower clusters,참나무 꽃송이
PLANT:OAK:NUT,PLANT:GROWTH:NAME:SINGULAR,acorn,도토리
PLANT:OAK:NUT,PLANT:GROWTH:NAME:PLURAL,acorns,도토리
PLANT:MAHOGANY,PLANT:NAME:SINGULAR,mahogany,마호가니
PLANT:MAHOGANY,PLANT:NAME:PLURAL,mahoganies,마호가니
PLANT:MAHOGANY,PLANT:NAME:ADJECTIVE,mahogany,마호가니
PLANT:MAHOGANY,PLANT:PREFSTRING,loose inflorescences,성긴 꽃차례
PLANT:MAHOGANY:LEAVES,PLANT:GROWTH:NAME:SINGULAR,mahogany leaf,마호가니 잎
PLANT:MAHOGANY:LEAVES,PLANT:GROWTH:NAME:PLURAL,mahogany leaves,마호가니 잎
PLANT:MAHOGANY:FLOWERS,PLANT:GROWTH:NAME:SINGULAR,mahogany flower,마호가니 꽃
PLANT:MAHOGANY:FLOWERS,PLANT:GROWTH:NAME:PLURAL,mahogany flowers,마호가니 꽃
PLANT:MAHOGANY:FRUIT,PLANT:GROWTH:NAME:SINGULAR,mahogany fruit,마호가니 열매
PLANT:MAHOGANY:FRUIT,PLANT:GROWTH:NAME:PLURAL,mahogany fruit,마호가니 열매
PLANT:ACACIA,PLANT:NAME:SINGULAR,acacia,아카시아
PLANT:ACACIA,PLANT:NAME:PLURAL,acacias,아카시아
PLANT:ACACIA,PLANT:NAME:ADJECTIVE,acacia,아카시아
PLANT:ACACIA,PLANT:SEED:SINGULAR,acacia seed,아카시아 씨앗
PLANT:ACACIA,PLANT:SEED:PLURAL,acacia seeds,아카시아 씨앗
PLANT:ACACIA,PLANT:PREFSTRING,thorns,가시
PLANT:ACACIA:LEAVES,PLANT:GROWTH:NAME:SINGULAR,acacia leaf,아카시아 잎
PLANT:ACACIA:LEAVES,PLANT:GROWTH:NAME:PLURAL,acacia leaves,아카시아 잎
PLANT:ACACIA:FLOWERS,PLANT:GROWTH:NAME:SINGULAR,acacia flower,아카시아 꽃
PLANT:ACACIA:FLOWERS,PLANT:GROWTH:NAME:PLURAL,acacia flowers,아카시아 꽃
PLANT:ACACIA:POD,PLANT:GROWTH:NAME:SINGULAR,acacia seed pod,아카시아 씨앗 꼬투리
PLANT:ACACIA:POD,PLANT:GROWTH:NAME:PLURAL,acacia seed pods,아카시아 씨꼬투리
PLANT:KAPOK,PLANT:NAME:SINGULAR,kapok,카폭나무
PLANT:KAPOK,PLANT:NAME:PLURAL,kapoks,카폭나무
PLANT:KAPOK,PLANT:NAME:ADJECTIVE,kapok,카폭나무
PLANT:KAPOK,PLANT:PREFSTRING,buttresses,판근
PLANT:KAPOK:LEAVES,PLANT:GROWTH:NAME:SINGULAR,kapok leaf,카폭나무 잎
PLANT:KAPOK:LEAVES,PLANT:GROWTH:NAME:PLURAL,kapok leaves,카폭나무 잎
PLANT:KAPOK:FLOWERS,PLANT:GROWTH:NAME:SINGULAR,kapok flower,카폭나무 꽃
PLANT:KAPOK:FLOWERS,PLANT:GROWTH:NAME:PLURAL,kapok flowers,카폭나무 꽃
PLANT:KAPOK:FRUIT,PLANT:GROWTH:NAME:SINGULAR,kapok fruit,카폭나무 열매
PLANT:KAPOK:FRUIT,PLANT:GROWTH:NAME:PLURAL,kapok fruit,카폭나무 열매
PLANT:MAPLE,PLANT:NAME:SINGULAR,maple,단풍나무
PLANT:MAPLE,PLANT:NAME:PLURAL,maples,단풍나무
PLANT:MAPLE,PLANT:NAME:ADJECTIVE,maple,단풍나무
PLANT:MAPLE,PLANT:PREFSTRING,autumn coloration,가을 단풍
PLANT:MAPLE:LEAVES,PLANT:GROWTH:NAME:SINGULAR,maple leaf,단풍나무 잎
PLANT:MAPLE:LEAVES,PLANT:GROWTH:NAME:PLURAL,maple leaves,단풍나무 잎
PLANT:MAPLE:FLOWERS,PLANT:GROWTH:NAME:SINGULAR,maple flower cluster,단풍나무 꽃송이
PLANT:MAPLE:FLOWERS,PLANT:GROWTH:NAME:PLURAL,maple flower clusters,단풍나무 꽃송이
PLANT:MAPLE:FRUIT,PLANT:GROWTH:NAME:SINGULAR,maple samara,단풍나무 날개열매
PLANT:MAPLE:FRUIT,PLANT:GROWTH:NAME:PLURAL,maple samaras,단풍나무 날개열매
PLANT:WILLOW,PLANT:NAME:SINGULAR,willow,버드나무
PLANT:WILLOW,PLANT:NAME:PLURAL,willows,버드나무
PLANT:WILLOW,PLANT:NAME:ADJECTIVE,willow,버드나무
PLANT:WILLOW,PLANT:PREFSTRING,sad appearance,슬픈 모습
PLANT:WILLOW,PLANT:PREFSTRING,fluffy catkins,복슬복슬한 유이화서
PLANT:WILLOW:LEAVES,PLANT:GROWTH:NAME:SINGULAR,willow leaf,버드나무 잎
PLANT:WILLOW:LEAVES,PLANT:GROWTH:NAME:PLURAL,willow leaves,버드나무 잎
PLANT:WILLOW:POLLEN_CATKINS,PLANT:GROWTH:NAME:SINGULAR,willow pollen catkin,버드나무 꽃가루 유이화서
PLANT:WILLOW:POLLEN_CATKINS,PLANT:GROWTH:NAME:PLURAL,willow pollen catkins,버드나무 꽃가루 유이화서
PLANT:WILLOW:SEED_CATKINS,PLANT:GROWTH:NAME:SINGULAR,willow seed catkin,버드나무 씨앗 유이화서
PLANT:WILLOW:SEED_CATKINS,PLANT:GROWTH:NAME:PLURAL,willow seed catkins,버드나무 씨앗 유이화서
PLANT:WILLOW:FRUIT,PLANT:GROWTH:NAME:SINGULAR,willow fruit,버드나무 열매
PLANT:WILLOW:FRUIT,PLANT:GROWTH:NAME:PLURAL,willow fruit,버드나무 열매
PLANT:TOWER_CAP,PLANT:NAME:SINGULAR,tower-cap,탑버섯
PLANT:TOWER_CAP,PLANT:NAME:PLURAL,tower-caps,탑버섯
PLANT:TOWER_CAP,PLANT:NAME:ADJECTIVE,tower-cap,탑버섯
PLANT:TOWER_CAP,PLANT:PREFSTRING,great size,거대한 크기
PLANT:BLACK_CAP,PLANT:NAME:SINGULAR,black-cap,검은버섯
PLANT:BLACK_CAP,PLANT:NAME:PLURAL,black-caps,검은버섯
PLANT:BLACK_CAP,PLANT:NAME:ADJECTIVE,black-cap,검은버섯
PLANT:BLACK_CAP,PLANT:PREFSTRING,gloomy appeal,음침한 매력
PLANT:NETHER_CAP,PLANT:NAME:SINGULAR,nether-cap,네더버섯
PLANT:NETHER_CAP,PLANT:NAME:PLURAL,nether-caps,네더버섯
PLANT:NETHER_CAP,PLANT:NAME:ADJECTIVE,nether-cap,네더버섯
PLANT:NETHER_CAP,PLANT:PREFSTRING,coldness to the touch,차가운 촉감
PLANT:GOBLIN_CAP,PLANT:NAME:SINGULAR,goblin-cap,고블린버섯
PLANT:GOBLIN_CAP,PLANT:NAME:PLURAL,goblin-caps,고블린버섯
PLANT:GOBLIN_CAP,PLANT:NAME:ADJECTIVE,goblin-cap,고블린버섯
PLANT:GOBLIN_CAP,PLANT:PREFSTRING,stunning color,눈부신 색깔
PLANT:FUNGIWOOD,PLANT:NAME:SINGULAR,fungiwood,진균목
PLANT:FUNGIWOOD,PLANT:NAME:PLURAL,fungiwoods,진균목
PLANT:FUNGIWOOD,PLANT:NAME:ADJECTIVE,fungiwood,진균목
PLANT:FUNGIWOOD,PLANT:PREFSTRING,fine grain,섬세한 결
PLANT:TUNNEL_TUBE,PLANT:NAME:SINGULAR,tunnel tube,터널관균
PLANT:TUNNEL_TUBE,PLANT:NAME:PLURAL,tunnel tubes,터널관균
PLANT:TUNNEL_TUBE,PLANT:NAME:ADJECTIVE,tunnel tube,터널관균
PLANT:TUNNEL_TUBE,PLANT:PREFSTRING,curving trunk,휘어진 나무줄기
PLANT:SPORE_TREE,PLANT:NAME:SINGULAR,spore tree,포자나무
PLANT:SPORE_TREE,PLANT:NAME:PLURAL,spore trees,포자나무
PLANT:SPORE_TREE,PLANT:NAME:ADJECTIVE,spore tree,포자나무
PLANT:SPORE_TREE,PLANT:PREFSTRING,raining spores,흩날리는 포자
PLANT:BLOOD_THORN,PLANT:NAME:SINGULAR,blood thorn,혈가시
PLANT:BLOOD_THORN,PLANT:NAME:PLURAL,blood thorn,혈가시
PLANT:BLOOD_THORN,PLANT:NAME:ADJECTIVE,blood thorn,혈가시
PLANT:BLOOD_THORN,PLANT:PREFSTRING,sickening appearance,구역질 나는 외관
PLANT:GLUMPRONG,PLANT:NAME:SINGULAR,glumprong,자영나무
PLANT:GLUMPRONG,PLANT:NAME:PLURAL,glumprongs,자영나무
PLANT:GLUMPRONG,PLANT:NAME:ADJECTIVE,glumprong,자영나무
PLANT:GLUMPRONG,PLANT:PREFSTRING,living shadows,살아있는 그림자
PLANT:FEATHER,PLANT:NAME:SINGULAR,feather tree,깃털나무
PLANT:FEATHER,PLANT:NAME:PLURAL,feather trees,깃털나무
PLANT:FEATHER,PLANT:NAME:ADJECTIVE,feather tree,깃털나무
PLANT:FEATHER,PLANT:PREFSTRING,feathery leaves,깃털 모양의 잎
PLANT:FEATHER:FEATHERS,PLANT:GROWTH:NAME:SINGULAR,feather tree down,깃털나무 솜털
PLANT:FEATHER:FEATHERS,PLANT:GROWTH:NAME:PLURAL,feather tree down,깃털나무 솜털
PLANT:FEATHER:EGGS,PLANT:GROWTH:NAME:SINGULAR,feather tree egg,깃털나무 알
PLANT:FEATHER:EGGS,PLANT:GROWTH:NAME:PLURAL,feather tree eggs,깃털나무 알
PLANT:HIGHWOOD,PLANT:NAME:SINGULAR,highwood,극나무
PLANT:HIGHWOOD,PLANT:NAME:PLURAL,highwoods,극나무
PLANT:HIGHWOOD,PLANT:NAME:ADJECTIVE,highwood,극나무
PLANT:HIGHWOOD,PLANT:PREFSTRING,magnificence,웅장함
PLANT:HIGHWOOD:LEAVES,PLANT:GROWTH:NAME:SINGULAR,highwood leaf,극나무 잎
PLANT:HIGHWOOD:LEAVES,PLANT:GROWTH:NAME:PLURAL,highwood leaves,극나무 잎
PLANT:HIGHWOOD:FLOWERS,PLANT:GROWTH:NAME:SINGULAR,highwood flower,극나무 꽃
PLANT:HIGHWOOD:FLOWERS,PLANT:GROWTH:NAME:PLURAL,highwood flowers,극나무 꽃
PLANT:LARCH,PLANT:NAME:SINGULAR,larch,낙엽송
PLANT:LARCH,PLANT:NAME:PLURAL,larches,낙엽송
PLANT:LARCH,PLANT:NAME:ADJECTIVE,larch,낙엽송
PLANT:LARCH,PLANT:PREFSTRING,cones,구과
PLANT:LARCH,PLANT:PREFSTRING,needles,바늘잎
PLANT:LARCH:LEAVES,PLANT:GROWTH:NAME:SINGULAR,larch needle,낙엽송 바늘잎
PLANT:LARCH:LEAVES,PLANT:GROWTH:NAME:PLURAL,larch needles,낙엽송 바늘잎
PLANT:LARCH:SEED_CONE,PLANT:GROWTH:NAME:SINGULAR,larch seed cone,낙엽송 종자구과
PLANT:LARCH:SEED_CONE,PLANT:GROWTH:NAME:PLURAL,larch seed cones,낙엽송 종자구과
PLANT:LARCH:POLLEN_CONE,PLANT:GROWTH:NAME:SINGULAR,larch pollen cone,낙엽송 화분구과
PLANT:LARCH:POLLEN_CONE,PLANT:GROWTH:NAME:PLURAL,larch pollen cones,낙엽송 화분구과
PLANT:CHESTNUT,PLANT:NAME:SINGULAR,chestnut,밤나무
PLANT:CHESTNUT,PLANT:NAME:PLURAL,chestnuts,밤나무
PLANT:CHESTNUT,PLANT:NAME:ADJECTIVE,chestnut,밤나무
PLANT:CHESTNUT,PLANT:SEED:SINGULAR,chestnut,밤나무
PLANT:CHESTNUT,PLANT:SEED:PLURAL,chestnuts,밤나무
PLANT:CHESTNUT,PLANT:PREFSTRING,smelly catkins,악취 나는 꽃이삭
PLANT:CHESTNUT,PLANT:PREFSTRING,spiny pods,가시 돋친 열매껍질
PLANT:CHESTNUT,PLANT:PREFSTRING,chestnuts,밤
PLANT:CHESTNUT,PLANT:PREFSTRING,autumn coloration,가을빛
PLANT:CHESTNUT:LEAVES,PLANT:GROWTH:NAME:SINGULAR,chestnut leaf,밤나무 잎
PLANT:CHESTNUT:LEAVES,PLANT:GROWTH:NAME:PLURAL,chestnut leaves,밤나무 잎
PLANT:CHESTNUT:POLLEN_CATKINS,PLANT:GROWTH:NAME:SINGULAR,chestnut pollen catkin,밤나무 꽃가루 꽃이삭
PLANT:CHESTNUT:POLLEN_CATKINS,PLANT:GROWTH:NAME:PLURAL,chestnut pollen catkins,밤나무 꽃가루 꽃이삭
PLANT:CHESTNUT:SEED_CATKINS,PLANT:GROWTH:NAME:SINGULAR,chestnut seed catkin,밤나무 씨앗 꽃이삭
PLANT:CHESTNUT:SEED_CATKINS,PLANT:GROWTH:NAME:PLURAL,chestnut seed catkins,밤나무 씨앗 꽃이삭
PLANT:CHESTNUT:NUT,PLANT:GROWTH:NAME:SINGULAR,chestnut burr,밤송이
PLANT:CHESTNUT:NUT,PLANT:GROWTH:NAME:PLURAL,chestnut burrs,밤송이
PLANT:ALDER,PLANT:NAME:SINGULAR,alder,오리나무
PLANT:ALDER,PLANT:NAME:PLURAL,alders,오리나무
PLANT:ALDER,PLANT:NAME:ADJECTIVE,alder,오리나무
PLANT:ALDER,PLANT:PREFSTRING,catkins,꽃이삭
PLANT:ALDER,PLANT:PREFSTRING,autumn coloration,가을빛
PLANT:ALDER:LEAVES,PLANT:GROWTH:NAME:SINGULAR,alder leaf,오리나무 잎
PLANT:ALDER:LEAVES,PLANT:GROWTH:NAME:PLURAL,alder leaves,오리나무 잎
PLANT:ALDER:POLLEN_CATKINS,PLANT:GROWTH:NAME:SINGULAR,alder pollen catkin,오리나무 꽃가루 꽃이삭
PLANT:ALDER:POLLEN_CATKINS,PLANT:GROWTH:NAME:PLURAL,alder pollen catkins,오리나무 꽃가루 꽃이삭
PLANT:ALDER:SEED_CATKINS,PLANT:GROWTH:NAME:SINGULAR,alder seed catkin,오리나무 씨앗 꽃이삭
PLANT:ALDER:SEED_CATKINS,PLANT:GROWTH:NAME:PLURAL,alder seed catkins,오리나무 씨앗 꽃이삭
PLANT:ALDER:CONE,PLANT:GROWTH:NAME:SINGULAR,alder cone,오리나무 구과
PLANT:ALDER:CONE,PLANT:GROWTH:NAME:PLURAL,alder cones,오리나무 구과
PLANT:BIRCH,PLANT:NAME:SINGULAR,birch,자작나무
PLANT:BIRCH,PLANT:NAME:PLURAL,birches,자작나무
PLANT:BIRCH,PLANT:NAME:ADJECTIVE,birchen,자작나무
PLANT:BIRCH,PLANT:PREFSTRING,catkins,꽃이삭
PLANT:BIRCH,PLANT:PREFSTRING,silver bark,은빛 나무껍질
PLANT:BIRCH,PLANT:PREFSTRING,autumn coloration,가을빛
PLANT:BIRCH:LEAVES,PLANT:GROWTH:NAME:SINGULAR,birch leaf,자작나무 잎
PLANT:BIRCH:LEAVES,PLANT:GROWTH:NAME:PLURAL,birch leaves,자작나무 잎
PLANT:BIRCH:POLLEN_CATKINS,PLANT:GROWTH:NAME:SINGULAR,birch pollen catkin,자작나무 꽃가루 꽃이삭
PLANT:BIRCH:POLLEN_CATKINS,PLANT:GROWTH:NAME:PLURAL,birch pollen catkins,자작나무 꽃가루 꽃이삭
PLANT:BIRCH:SEED_CATKINS,PLANT:GROWTH:NAME:SINGULAR,birch seed catkin,자작나무 씨앗 꽃이삭
PLANT:BIRCH:SEED_CATKINS,PLANT:GROWTH:NAME:PLURAL,birch seed catkins,자작나무 씨앗 꽃이삭
PLANT:ASH,PLANT:NAME:SINGULAR,ash,물푸레나무
PLANT:ASH,PLANT:NAME:PLURAL,ashes,물푸레나무
PLANT:ASH,PLANT:NAME:ADJECTIVE,ashen,물푸레나무
PLANT:ASH,PLANT:PREFSTRING,flying keys,날아다니는 날개열매
PLANT:ASH,PLANT:PREFSTRING,autumn coloration,가을빛
PLANT:ASH:LEAVES,PLANT:GROWTH:NAME:SINGULAR,ash leaf,물푸레나무 잎
PLANT:ASH:LEAVES,PLANT:GROWTH:NAME:PLURAL,ash leaves,물푸레나무 잎
PLANT:ASH:FLOWERS,PLANT:GROWTH:NAME:SINGULAR,ash flower,물푸레나무 꽃
PLANT:ASH:FLOWERS,PLANT:GROWTH:NAME:PLURAL,ash flowers,물푸레나무 꽃
PLANT:ASH:FRUIT,PLANT:GROWTH:NAME:SINGULAR,ash samara,물푸레나무 날개열매
PLANT:ASH:FRUIT,PLANT:GROWTH:NAME:PLURAL,ash samaras,물푸레나무 날개열매
PLANT:CANDLENUT,PLANT:NAME:SINGULAR,candlenut,캔들넛
PLANT:CANDLENUT,PLANT:NAME:PLURAL,candlenuts,캔들넛
PLANT:CANDLENUT,PLANT:NAME:ADJECTIVE,candlenut,캔들넛
PLANT:CANDLENUT,PLANT:SEED:SINGULAR,candlenut,캔들넛
PLANT:CANDLENUT,PLANT:SEED:PLURAL,candlenuts,캔들넛
PLANT:CANDLENUT,PLANT:PREFSTRING,nuts,견과류
PLANT:CANDLENUT:LEAVES,PLANT:GROWTH:NAME:SINGULAR,candlenut leaf,캔들넛 잎
PLANT:CANDLENUT:LEAVES,PLANT:GROWTH:NAME:PLURAL,candlenut leaves,캔들넛 잎
PLANT:CANDLENUT:FLOWERS,PLANT:GROWTH:NAME:SINGULAR,candlenut flower,캔들넛 꽃
PLANT:CANDLENUT:FLOWERS,PLANT:GROWTH:NAME:PLURAL,candlenut flowers,캔들넛 꽃
PLANT:CANDLENUT:NUT,PLANT:GROWTH:NAME:SINGULAR,candlenut,캔들넛
PLANT:CANDLENUT:NUT,PLANT:GROWTH:NAME:PLURAL,candlenuts,캔들넛
PLANT:MANGO,PLANT:NAME:SINGULAR,mango tree,망고나무
PLANT:MANGO,PLANT:NAME:PLURAL,mango trees,망고나무
PLANT:MANGO,PLANT:NAME:ADJECTIVE,mango tree,망고나무
PLANT:MANGO,PLANT:SEED:SINGULAR,mango pit,망고 씨
PLANT:MANGO,PLANT:SEED:PLURAL,mango pits,망고 씨
PLANT:MANGO,PLANT:PREFSTRING,sweet-smelling flowers,향기로운 꽃
PLANT:MANGO:LEAVES,PLANT:GROWTH:NAME:SINGULAR,mango leaf,망고 잎
PLANT:MANGO:LEAVES,PLANT:GROWTH:NAME:PLURAL,mango leaves,망고 잎
PLANT:MANGO:FLOWERS,PLANT:GROWTH:NAME:SINGULAR,mango flower,망고 꽃
PLANT:MANGO:FLOWERS,PLANT:GROWTH:NAME:PLURAL,mango flowers,망고 꽃
PLANT:MANGO:FRUIT,PLANT:GROWTH:NAME:SINGULAR,mango,망고
PLANT:MANGO:FRUIT,PLANT:GROWTH:NAME:PLURAL,mangos,망고
PLANT:RUBBER,PLANT:NAME:SINGULAR,rubber tree,고무나무
PLANT:RUBBER,PLANT:NAME:PLURAL,rubber trees,고무나무
PLANT:RUBBER,PLANT:NAME:ADJECTIVE,rubber tree,고무나무
PLANT:RUBBER,PLANT:PREFSTRING,branch shedding,떨어지는 나뭇가지
PLANT:RUBBER:LEAVES,PLANT:GROWTH:NAME:SINGULAR,rubber leaf,고무나무 잎
PLANT:RUBBER:LEAVES,PLANT:GROWTH:NAME:PLURAL,rubber leaves,고무나무 잎
PLANT:CACAO,PLANT:NAME:SINGULAR,cacao tree,카카오나무
PLANT:CACAO,PLANT:NAME:PLURAL,cacao trees,카카오나무
PLANT:CACAO,PLANT:NAME:ADJECTIVE,cacao tree,카카오나무
PLANT:CACAO,PLANT:SEED:SINGULAR,cacao bean,카카오콩
PLANT:CACAO,PLANT:SEED:PLURAL,cacao beans,카카오콩
PLANT:CACAO,PLANT:PREFSTRING,flowers,꽃
PLANT:CACAO:LEAVES,PLANT:GROWTH:NAME:SINGULAR,cacao leaf,카카오 잎
PLANT:CACAO:LEAVES,PLANT:GROWTH:NAME:PLURAL,cacao leaves,카카오 잎
PLANT:CACAO:FLOWERS,PLANT:GROWTH:NAME:SINGULAR,cacao flower,카카오 꽃
PLANT:CACAO:FLOWERS,PLANT:GROWTH:NAME:PLURAL,cacao flowers,카카오 꽃
PLANT:CACAO:FRUIT,PLANT:GROWTH:NAME:SINGULAR,cacao pod,카카오 꼬투리
PLANT:CACAO:FRUIT,PLANT:GROWTH:NAME:PLURAL,cacao pods,카카오 꼬투리
PLANT:PALM,PLANT:NAME:SINGULAR,coconut palm,코코넛야자
PLANT:PALM,PLANT:NAME:PLURAL,coconut palms,코코넛야자
PLANT:PALM,PLANT:NAME:ADJECTIVE,coconut palm,코코넛야자
PLANT:PALM,PLANT:PREFSTRING,leaves,잎
PLANT:PALM:LEAVES,PLANT:GROWTH:NAME:SINGULAR,coconut palm frond blade,코코넛야자 잎날
PLANT:PALM:LEAVES,PLANT:GROWTH:NAME:PLURAL,coconut palm frond blades,코코넛야자 잎날
PLANT:PALM:SPATHES,PLANT:GROWTH:NAME:SINGULAR,coconut palm spathe,코코넛야자 불염포
PLANT:PALM:SPATHES,PLANT:GROWTH:NAME:PLURAL,coconut palm spathes,코코넛야자 불염포
PLANT:PALM:FRUIT,PLANT:GROWTH:NAME:SINGULAR,coconut,코코넛
PLANT:PALM:FRUIT,PLANT:GROWTH:NAME:PLURAL,coconuts,코코넛
