table,text,translation
CREATURE,{SINGULAR},{SINGULAR}
CREATURE,{PLURAL},{PLURAL}
CREATURE:SINGULAR,toad,蟾蜍
CREATURE:PLURAL,toads,蟾蜍
CREATURE:ADJECTIVE,toad,蟾蜍
CREATURE:CASTE:SINGULAR,toad,蟾蜍
CREATURE:CASTE:PLURAL,toads,蟾蜍
CREATURE:CASTE:ADJECTIVE,toad,蟾蜍
CREATURE:SINGULAR,toad man,蟾蜍人
CREATURE:PLURAL,toad men,蟾蜍人
CREATURE:ADJECTIVE,toad man,蟾蜍人
CREATURE:CASTE:SINGULAR,toad woman,雌蟾蜍人
CREATURE:CASTE:SINGULAR,toad man,雄蟾蜍人
CREATURE:CASTE:PLURAL,toad women,雌蟾蜍人
CREATURE:CASTE:PLURAL,toad men,雄蟾蜍人
CREATURE:CASTE:ADJECTIVE,toad woman,雌蟾蜍人
CREATURE:CASTE:ADJECTIVE,toad man,雄蟾蜍人
CREATURE:SINGULAR,giant toad,巨型蟾蜍
CREATURE:PLURAL,giant toads,巨型蟾蜍
CREATURE:ADJECTIVE,giant toad,巨型蟾蜍
CREATURE:CASTE:SINGULAR,giant toad,巨型蟾蜍
CREATURE:CASTE:PLURAL,giant toads,巨型蟾蜍
CREATURE:CASTE:ADJECTIVE,giant toad,巨型蟾蜍
CREATURE:SINGULAR,worm,蠕虫
CREATURE:PLURAL,worms,蠕虫
CREATURE:ADJECTIVE,worm,蠕虫
CREATURE:CASTE:SINGULAR,worm,蠕虫
CREATURE:CASTE:PLURAL,worms,蠕虫
CREATURE:CASTE:ADJECTIVE,worm,蠕虫
CREATURE:SINGULAR,worm man,蠕虫人
CREATURE:PLURAL,worm men,蠕虫人
CREATURE:ADJECTIVE,worm man,蠕虫人
CREATURE:CASTE:SINGULAR,worm man,蠕虫人
CREATURE:CASTE:PLURAL,worm men,蠕虫人
CREATURE:CASTE:ADJECTIVE,worm man,蠕虫人
CREATURE:SINGULAR,crow,乌鸦
CREATURE:PLURAL,crows,乌鸦
CREATURE:ADJECTIVE,crow,乌鸦
CREATURE:CASTE:SINGULAR,crow,乌鸦
CREATURE:CASTE:PLURAL,crows,乌鸦
CREATURE:CASTE:ADJECTIVE,crow,乌鸦
CREATURE:SINGULAR,crow man,乌鸦人
CREATURE:PLURAL,crow men,乌鸦人
CREATURE:ADJECTIVE,crow man,乌鸦人
CREATURE:CASTE:SINGULAR,crow woman,雌乌鸦人
CREATURE:CASTE:SINGULAR,crow man,雄乌鸦人
CREATURE:CASTE:PLURAL,crow women,雌乌鸦人
CREATURE:CASTE:PLURAL,crow men,雄乌鸦人
CREATURE:CASTE:ADJECTIVE,crow woman,雌乌鸦人
CREATURE:CASTE:ADJECTIVE,crow man,雄乌鸦人
CREATURE:SINGULAR,giant crow,巨型乌鸦
CREATURE:PLURAL,giant crows,巨型乌鸦
CREATURE:ADJECTIVE,giant crow,巨型乌鸦
CREATURE:CASTE:SINGULAR,giant crow,巨型乌鸦
CREATURE:CASTE:PLURAL,giant crows,巨型乌鸦
CREATURE:CASTE:ADJECTIVE,giant crow,巨型乌鸦
CREATURE:SINGULAR,raven,渡鸦
CREATURE:PLURAL,ravens,渡鸦
CREATURE:ADJECTIVE,raven,渡鸦
CREATURE:CASTE:SINGULAR,raven,渡鸦
CREATURE:CASTE:PLURAL,ravens,渡鸦
CREATURE:CASTE:ADJECTIVE,raven,渡鸦
CREATURE:SINGULAR,raven man,渡鸦人
CREATURE:PLURAL,raven men,渡鸦人
CREATURE:ADJECTIVE,raven man,渡鸦人
CREATURE:CASTE:SINGULAR,raven woman,雌渡鸦人
CREATURE:CASTE:SINGULAR,raven man,雄渡鸦人
CREATURE:CASTE:PLURAL,raven women,雌渡鸦人
CREATURE:CASTE:PLURAL,raven men,雄渡鸦人
CREATURE:CASTE:ADJECTIVE,raven woman,雌渡鸦人
CREATURE:CASTE:ADJECTIVE,raven man,雄渡鸦人
CREATURE:SINGULAR,giant raven,巨型渡鸦
CREATURE:PLURAL,giant ravens,巨型渡鸦
CREATURE:ADJECTIVE,giant raven,巨型渡鸦
CREATURE:CASTE:SINGULAR,giant raven,巨型渡鸦
CREATURE:CASTE:PLURAL,giant ravens,巨型渡鸦
CREATURE:CASTE:ADJECTIVE,giant raven,巨型渡鸦
CREATURE:SINGULAR,cassowary,鹤鸵
CREATURE:PLURAL,cassowaries,鹤鸵
CREATURE:ADJECTIVE,cassowary,鹤鸵
CREATURE:CASTE:SINGULAR,cassowary,鹤鸵
CREATURE:CASTE:PLURAL,cassowaries,鹤鸵
CREATURE:CASTE:ADJECTIVE,cassowary,鹤鸵
CREATURE:SINGULAR,cassowary man,鹤鸵人
CREATURE:PLURAL,cassowary men,鹤鸵人
CREATURE:ADJECTIVE,cassowary man,鹤鸵人
CREATURE:CASTE:SINGULAR,cassowary woman,雌鹤鸵人
CREATURE:CASTE:SINGULAR,cassowary man,雄鹤鸵人
CREATURE:CASTE:PLURAL,cassowary women,雌鹤鸵人
CREATURE:CASTE:PLURAL,cassowary men,雄鹤鸵人
CREATURE:CASTE:ADJECTIVE,cassowary woman,雌鹤鸵人
CREATURE:CASTE:ADJECTIVE,cassowary man,雄鹤鸵人
CREATURE:SINGULAR,giant cassowary,巨型鹤鸵
CREATURE:PLURAL,giant cassowaries,巨型鹤鸵
CREATURE:ADJECTIVE,giant cassowary,巨型鹤鸵
CREATURE:CASTE:SINGULAR,giant cassowary,巨型鹤鸵
CREATURE:CASTE:PLURAL,giant cassowaries,巨型鹤鸵
CREATURE:CASTE:ADJECTIVE,giant cassowary,巨型鹤鸵
CREATURE:SINGULAR,kea,啄羊鹦鹉
CREATURE:PLURAL,kea,啄羊鹦鹉
CREATURE:ADJECTIVE,kea,啄羊鹦鹉
CREATURE:CASTE:SINGULAR,kea,啄羊鹦鹉
CREATURE:CASTE:PLURAL,kea,啄羊鹦鹉
CREATURE:CASTE:ADJECTIVE,kea,啄羊鹦鹉
CREATURE:SINGULAR,kea man,啄羊鹦鹉人
CREATURE:PLURAL,kea men,啄羊鹦鹉人
CREATURE:ADJECTIVE,kea man,啄羊鹦鹉人
CREATURE:CASTE:SINGULAR,kea woman,雌啄羊鹦鹉人
CREATURE:CASTE:SINGULAR,kea man,雄啄羊鹦鹉人
CREATURE:CASTE:PLURAL,kea women,雌啄羊鹦鹉人
CREATURE:CASTE:PLURAL,kea men,雄啄羊鹦鹉人
CREATURE:CASTE:ADJECTIVE,kea woman,雌啄羊鹦鹉人
CREATURE:CASTE:ADJECTIVE,kea man,雄啄羊鹦鹉人
CREATURE:SINGULAR,giant kea,巨型啄羊鹦鹉
CREATURE:PLURAL,giant kea,巨型啄羊鹦鹉
CREATURE:ADJECTIVE,giant kea,巨型啄羊鹦鹉
CREATURE:CASTE:SINGULAR,giant kea,巨型啄羊鹦鹉
CREATURE:CASTE:PLURAL,giant kea,巨型啄羊鹦鹉
CREATURE:CASTE:ADJECTIVE,giant kea,巨型啄羊鹦鹉
CREATURE:SINGULAR,snowy owl,雪鸮
CREATURE:PLURAL,snowy owls,雪鸮
CREATURE:ADJECTIVE,snowy owl,雪鸮
CREATURE:CASTE:SINGULAR,snowy owl,雪鸮
CREATURE:CASTE:PLURAL,snowy owls,雪鸮
CREATURE:CASTE:ADJECTIVE,snowy owl,雪鸮
CREATURE:SINGULAR,snowy owl man,雪鸮人
CREATURE:PLURAL,snowy owl men,雪鸮人
CREATURE:ADJECTIVE,snowy owl man,雪鸮人
CREATURE:CASTE:SINGULAR,snowy owl woman,雌雪鸮人
CREATURE:CASTE:SINGULAR,snowy owl man,雄雪鸮人
CREATURE:CASTE:PLURAL,snowy owl women,雌雪鸮人
CREATURE:CASTE:PLURAL,snowy owl men,雄雪鸮人
CREATURE:CASTE:ADJECTIVE,snowy owl woman,雌雪鸮人
CREATURE:CASTE:ADJECTIVE,snowy owl man,雄雪鸮人
CREATURE:SINGULAR,giant snowy owl,巨型雪鸮
CREATURE:PLURAL,giant snowy owls,巨型雪鸮
CREATURE:ADJECTIVE,giant snowy owl,巨型雪鸮
CREATURE:CASTE:SINGULAR,giant snowy owl,巨型雪鸮
CREATURE:CASTE:PLURAL,giant snowy owls,巨型雪鸮
CREATURE:CASTE:ADJECTIVE,giant snowy owl,巨型雪鸮
CREATURE:SINGULAR,sparrow,麻雀
CREATURE:PLURAL,sparrows,麻雀
CREATURE:ADJECTIVE,sparrow,麻雀
CREATURE:CASTE:SINGULAR,sparrow,麻雀
CREATURE:CASTE:PLURAL,sparrows,麻雀
CREATURE:CASTE:ADJECTIVE,sparrow,麻雀
CREATURE:SINGULAR,sparrow man,麻雀人
CREATURE:PLURAL,sparrow men,麻雀人
CREATURE:ADJECTIVE,sparrow man,麻雀人
CREATURE:CASTE:SINGULAR,sparrow woman,雌麻雀人
CREATURE:CASTE:SINGULAR,sparrow man,雄麻雀人
CREATURE:CASTE:PLURAL,sparrow women,雌麻雀人
CREATURE:CASTE:PLURAL,sparrow men,雄麻雀人
CREATURE:CASTE:ADJECTIVE,sparrow woman,雌麻雀人
CREATURE:CASTE:ADJECTIVE,sparrow man,雄麻雀人
CREATURE:SINGULAR,giant sparrow,巨型麻雀
CREATURE:PLURAL,giant sparrows,巨型麻雀
CREATURE:ADJECTIVE,giant sparrow,巨型麻雀
CREATURE:CASTE:SINGULAR,giant sparrow,巨型麻雀
CREATURE:CASTE:PLURAL,giant sparrows,巨型麻雀
CREATURE:CASTE:ADJECTIVE,giant sparrow,巨型麻雀
CREATURE:SINGULAR,white stork,白鹳
CREATURE:PLURAL,white storks,白鹳
CREATURE:ADJECTIVE,white stork,白鹳
CREATURE:CASTE:SINGULAR,white stork,白鹳
CREATURE:CASTE:PLURAL,white storks,白鹳
CREATURE:CASTE:ADJECTIVE,white stork,白鹳
CREATURE:SINGULAR,white stork man,白鹳人
CREATURE:PLURAL,white stork men,白鹳人
CREATURE:ADJECTIVE,white stork man,白鹳人
CREATURE:CASTE:SINGULAR,white stork woman,雌白鹳人
CREATURE:CASTE:SINGULAR,white stork man,雄白鹳人
CREATURE:CASTE:PLURAL,white stork women,雌白鹳人
CREATURE:CASTE:PLURAL,white stork men,雄白鹳人
CREATURE:CASTE:ADJECTIVE,white stork woman,雌白鹳人
CREATURE:CASTE:ADJECTIVE,white stork man,雄白鹳人
CREATURE:SINGULAR,giant white stork,巨型白鹳
CREATURE:PLURAL,giant white storks,巨型白鹳
CREATURE:ADJECTIVE,giant white stork,巨型白鹳
CREATURE:CASTE:SINGULAR,giant white stork,巨型白鹳
CREATURE:CASTE:PLURAL,giant white storks,巨型白鹳
CREATURE:CASTE:ADJECTIVE,giant white stork,巨型白鹳
CREATURE:SINGULAR,loon,潜鸟
CREATURE:PLURAL,loons,潜鸟
CREATURE:ADJECTIVE,loon,潜鸟
CREATURE:CASTE:SINGULAR,loon,潜鸟
CREATURE:CASTE:PLURAL,loons,潜鸟
CREATURE:CASTE:ADJECTIVE,loon,潜鸟
CREATURE:SINGULAR,loon man,潜鸟人
CREATURE:PLURAL,loon men,潜鸟人
CREATURE:ADJECTIVE,loon man,潜鸟人
CREATURE:CASTE:SINGULAR,loon woman,雌潜鸟人
CREATURE:CASTE:SINGULAR,loon man,雄潜鸟人
CREATURE:CASTE:PLURAL,loon women,雌潜鸟人
CREATURE:CASTE:PLURAL,loon men,雄潜鸟人
CREATURE:CASTE:ADJECTIVE,loon woman,雌潜鸟人
CREATURE:CASTE:ADJECTIVE,loon man,雄潜鸟人
CREATURE:SINGULAR,giant loon,巨型潜鸟
CREATURE:PLURAL,giant loons,巨型潜鸟
CREATURE:ADJECTIVE,giant loon,巨型潜鸟
CREATURE:CASTE:SINGULAR,giant loon,巨型潜鸟
CREATURE:CASTE:PLURAL,giant loons,巨型潜鸟
CREATURE:CASTE:ADJECTIVE,giant loon,巨型潜鸟
CREATURE:SINGULAR,barn owl,仓鸮
CREATURE:PLURAL,barn owls,仓鸮
CREATURE:ADJECTIVE,barn owl,仓鸮
CREATURE:CASTE:SINGULAR,barn owl,仓鸮
CREATURE:CASTE:PLURAL,barn owls,仓鸮
CREATURE:CASTE:ADJECTIVE,barn owl,仓鸮
CREATURE:SINGULAR,barn owl man,仓鸮人
CREATURE:PLURAL,barn owl men,仓鸮人
CREATURE:ADJECTIVE,barn owl man,仓鸮人
CREATURE:CASTE:SINGULAR,barn owl woman,雌仓鸮人
CREATURE:CASTE:SINGULAR,barn owl man,雄仓鸮人
CREATURE:CASTE:PLURAL,barn owl women,雌仓鸮人
CREATURE:CASTE:PLURAL,barn owl men,雄仓鸮人
CREATURE:CASTE:ADJECTIVE,barn owl woman,雌仓鸮人
CREATURE:CASTE:ADJECTIVE,barn owl man,雄仓鸮人
CREATURE:SINGULAR,giant barn owl,巨型仓鸮
CREATURE:PLURAL,giant barn owls,巨型仓鸮
CREATURE:ADJECTIVE,giant barn owl,巨型仓鸮
CREATURE:CASTE:SINGULAR,giant barn owl,巨型仓鸮
CREATURE:CASTE:PLURAL,giant barn owls,巨型仓鸮
CREATURE:CASTE:ADJECTIVE,giant barn owl,巨型仓鸮
CREATURE:SINGULAR,parakeet,长尾鹦鹉
CREATURE:PLURAL,parakeets,长尾鹦鹉
CREATURE:ADJECTIVE,parakeet,长尾鹦鹉
CREATURE:CASTE:SINGULAR,parakeet,长尾鹦鹉
CREATURE:CASTE:PLURAL,parakeets,长尾鹦鹉
CREATURE:CASTE:ADJECTIVE,parakeet,长尾鹦鹉
CREATURE:SINGULAR,parakeet man,长尾鹦鹉人
CREATURE:PLURAL,parakeet men,长尾鹦鹉人
CREATURE:ADJECTIVE,parakeet man,长尾鹦鹉人
CREATURE:CASTE:SINGULAR,parakeet woman,雌长尾鹦鹉人
CREATURE:CASTE:SINGULAR,parakeet man,雄长尾鹦鹉人
CREATURE:CASTE:PLURAL,parakeet women,雌长尾鹦鹉人
CREATURE:CASTE:PLURAL,parakeet men,雄长尾鹦鹉人
CREATURE:CASTE:ADJECTIVE,parakeet woman,雌长尾鹦鹉人
CREATURE:CASTE:ADJECTIVE,parakeet man,雄长尾鹦鹉人
CREATURE:SINGULAR,giant parakeet,巨型长尾鹦鹉
CREATURE:PLURAL,giant parakeets,巨型长尾鹦鹉
CREATURE:ADJECTIVE,giant parakeet,巨型长尾鹦鹉
CREATURE:CASTE:SINGULAR,giant parakeet,巨型长尾鹦鹉
CREATURE:CASTE:PLURAL,giant parakeets,巨型长尾鹦鹉
CREATURE:CASTE:ADJECTIVE,giant parakeet,巨型长尾鹦鹉
CREATURE:SINGULAR,kakapo,鸮鹦鹉
CREATURE:PLURAL,kakapo,鸮鹦鹉
CREATURE:ADJECTIVE,kakapo,鸮鹦鹉
CREATURE:CASTE:SINGULAR,kakapo,鸮鹦鹉
CREATURE:CASTE:PLURAL,kakapo,鸮鹦鹉
CREATURE:CASTE:ADJECTIVE,kakapo,鸮鹦鹉
CREATURE:SINGULAR,kakapo man,鸮鹦鹉人
CREATURE:PLURAL,kakapo men,鸮鹦鹉人
CREATURE:ADJECTIVE,kakapo man,鸮鹦鹉人
CREATURE:CASTE:SINGULAR,kakapo woman,雌鸮鹦鹉人
CREATURE:CASTE:SINGULAR,kakapo man,雄鸮鹦鹉人
CREATURE:CASTE:PLURAL,kakapo women,雌鸮鹦鹉人
CREATURE:CASTE:PLURAL,kakapo men,雄鸮鹦鹉人
CREATURE:CASTE:ADJECTIVE,kakapo woman,雌鸮鹦鹉人
CREATURE:CASTE:ADJECTIVE,kakapo man,雄鸮鹦鹉人
CREATURE:SINGULAR,giant kakapo,巨型鸮鹦鹉
CREATURE:PLURAL,giant kakapo,巨型鸮鹦鹉
CREATURE:ADJECTIVE,giant kakapo,巨型鸮鹦鹉
CREATURE:CASTE:SINGULAR,giant kakapo,巨型鸮鹦鹉
CREATURE:CASTE:PLURAL,giant kakapo,巨型鸮鹦鹉
CREATURE:CASTE:ADJECTIVE,giant kakapo,巨型鸮鹦鹉
CREATURE:SINGULAR,grey parrot,灰鹦鹉
CREATURE:PLURAL,grey parrots,灰鹦鹉
CREATURE:ADJECTIVE,grey parrot,灰鹦鹉
CREATURE:CASTE:SINGULAR,grey parrot,灰鹦鹉
CREATURE:CASTE:PLURAL,grey parrots,灰鹦鹉
CREATURE:CASTE:ADJECTIVE,grey parrot,灰鹦鹉
CREATURE:SINGULAR,grey parrot man,灰鹦鹉人
CREATURE:PLURAL,grey parrot men,灰鹦鹉人
CREATURE:ADJECTIVE,grey parrot man,灰鹦鹉人
CREATURE:CASTE:SINGULAR,grey parrot woman,雌灰鹦鹉人
CREATURE:CASTE:SINGULAR,grey parrot man,雄灰鹦鹉人
CREATURE:CASTE:PLURAL,grey parrot women,雌灰鹦鹉人
CREATURE:CASTE:PLURAL,grey parrot men,雄灰鹦鹉人
CREATURE:CASTE:ADJECTIVE,grey parrot woman,雌灰鹦鹉人
CREATURE:CASTE:ADJECTIVE,grey parrot man,雄灰鹦鹉人
CREATURE:SINGULAR,giant grey parrot,巨型灰鹦鹉
CREATURE:PLURAL,giant grey parrots,巨型灰鹦鹉
CREATURE:ADJECTIVE,giant grey parrot,巨型灰鹦鹉
CREATURE:CASTE:SINGULAR,giant grey parrot,巨型灰鹦鹉
CREATURE:CASTE:PLURAL,giant grey parrots,巨型灰鹦鹉
CREATURE:CASTE:ADJECTIVE,giant grey parrot,巨型灰鹦鹉
CREATURE:SINGULAR,puffin,海鹦
CREATURE:PLURAL,puffins,海鹦
CREATURE:ADJECTIVE,puffin,海鹦
CREATURE:CASTE:SINGULAR,puffin,海鹦
CREATURE:CASTE:PLURAL,puffins,海鹦
CREATURE:CASTE:ADJECTIVE,puffin,海鹦
CREATURE:SINGULAR,puffin man,海鹦人
CREATURE:PLURAL,puffin men,海鹦人
CREATURE:ADJECTIVE,puffin man,海鹦人
CREATURE:CASTE:SINGULAR,puffin woman,雌海鹦人
CREATURE:CASTE:SINGULAR,puffin man,雄海鹦人
CREATURE:CASTE:PLURAL,puffin women,雌海鹦人
CREATURE:CASTE:PLURAL,puffin men,雄海鹦人
CREATURE:CASTE:ADJECTIVE,puffin woman,雌海鹦人
CREATURE:CASTE:ADJECTIVE,puffin man,雄海鹦人
CREATURE:SINGULAR,giant puffin,巨型海鹦
CREATURE:PLURAL,giant puffins,巨型海鹦
CREATURE:ADJECTIVE,giant puffin,巨型海鹦
CREATURE:CASTE:SINGULAR,giant puffin,巨型海鹦
CREATURE:CASTE:PLURAL,giant puffins,巨型海鹦
CREATURE:CASTE:ADJECTIVE,giant puffin,巨型海鹦
CREATURE:SINGULAR,swan,天鹅
CREATURE:PLURAL,swans,天鹅
CREATURE:ADJECTIVE,swan,天鹅
CREATURE:CASTE:SINGULAR,pen swan,雌天鹅
CREATURE:CASTE:SINGULAR,cob swan,雄天鹅
CREATURE:CASTE:PLURAL,pen swans,雌天鹅
CREATURE:CASTE:PLURAL,cob swans,雄天鹅
CREATURE:CASTE:ADJECTIVE,pen swan,雌天鹅
CREATURE:CASTE:ADJECTIVE,cob swan,雄天鹅
CREATURE:SINGULAR,swan man,天鹅人
CREATURE:PLURAL,swan men,天鹅人
CREATURE:ADJECTIVE,swan man,天鹅人
CREATURE:CASTE:SINGULAR,swan woman,雌天鹅人
CREATURE:CASTE:SINGULAR,swan man,雄天鹅人
CREATURE:CASTE:PLURAL,swan women,雌天鹅人
CREATURE:CASTE:PLURAL,swan men,雄天鹅人
CREATURE:CASTE:ADJECTIVE,swan woman,雌天鹅人
CREATURE:CASTE:ADJECTIVE,swan man,雄天鹅人
CREATURE:SINGULAR,giant swan,巨型天鹅
CREATURE:PLURAL,giant swans,巨型天鹅
CREATURE:ADJECTIVE,giant swan,巨型天鹅
CREATURE:CASTE:SINGULAR,giant swan,巨型天鹅
CREATURE:CASTE:PLURAL,giant swans,巨型天鹅
CREATURE:CASTE:ADJECTIVE,giant swan,巨型天鹅
CREATURE:SINGULAR,lorikeet,吸蜜鹦鹉
CREATURE:PLURAL,lorikeets,吸蜜鹦鹉
CREATURE:ADJECTIVE,lorikeet,吸蜜鹦鹉
CREATURE:CASTE:SINGULAR,lorikeet,吸蜜鹦鹉
CREATURE:CASTE:PLURAL,lorikeets,吸蜜鹦鹉
CREATURE:CASTE:ADJECTIVE,lorikeet,吸蜜鹦鹉
CREATURE:SINGULAR,lorikeet man,吸蜜鹦鹉人
CREATURE:PLURAL,lorikeet men,吸蜜鹦鹉人
CREATURE:ADJECTIVE,lorikeet man,吸蜜鹦鹉人
CREATURE:CASTE:SINGULAR,lorikeet woman,雌吸蜜鹦鹉人
CREATURE:CASTE:SINGULAR,lorikeet man,雄吸蜜鹦鹉人
CREATURE:CASTE:PLURAL,lorikeet women,雌吸蜜鹦鹉人
CREATURE:CASTE:PLURAL,lorikeet men,雄吸蜜鹦鹉人
CREATURE:CASTE:ADJECTIVE,lorikeet woman,雌吸蜜鹦鹉人
CREATURE:CASTE:ADJECTIVE,lorikeet man,雄吸蜜鹦鹉人
CREATURE:SINGULAR,giant lorikeet,巨型吸蜜鹦鹉
CREATURE:PLURAL,giant lorikeets,巨型吸蜜鹦鹉
CREATURE:ADJECTIVE,giant lorikeet,巨型吸蜜鹦鹉
CREATURE:CASTE:SINGULAR,giant lorikeet,巨型吸蜜鹦鹉
CREATURE:CASTE:PLURAL,giant lorikeets,巨型吸蜜鹦鹉
CREATURE:CASTE:ADJECTIVE,giant lorikeet,巨型吸蜜鹦鹉
CREATURE:SINGULAR,wren,鹪鹩
CREATURE:PLURAL,wrens,鹪鹩
CREATURE:ADJECTIVE,wren,鹪鹩
CREATURE:CASTE:SINGULAR,wren,鹪鹩
CREATURE:CASTE:PLURAL,wrens,鹪鹩
CREATURE:CASTE:ADJECTIVE,wren,鹪鹩
CREATURE:SINGULAR,wren man,鹪鹩人
CREATURE:PLURAL,wren men,鹪鹩人
CREATURE:ADJECTIVE,wren man,鹪鹩人
CREATURE:CASTE:SINGULAR,wren woman,雌鹪鹩人
CREATURE:CASTE:SINGULAR,wren man,雄鹪鹩人
CREATURE:CASTE:PLURAL,wren women,雌鹪鹩人
CREATURE:CASTE:PLURAL,wren men,雄鹪鹩人
CREATURE:CASTE:ADJECTIVE,wren woman,雌鹪鹩人
CREATURE:CASTE:ADJECTIVE,wren man,雄鹪鹩人
CREATURE:SINGULAR,giant wren,巨型鹪鹩
CREATURE:PLURAL,giant wrens,巨型鹪鹩
CREATURE:ADJECTIVE,giant wren,巨型鹪鹩
CREATURE:CASTE:SINGULAR,giant wren,巨型鹪鹩
CREATURE:CASTE:PLURAL,giant wrens,巨型鹪鹩
CREATURE:CASTE:ADJECTIVE,giant wren,巨型鹪鹩
CREATURE:SINGULAR,osprey,鱼鹰
CREATURE:PLURAL,ospreys,鱼鹰
CREATURE:ADJECTIVE,osprey,鱼鹰
CREATURE:CASTE:SINGULAR,osprey,鱼鹰
CREATURE:CASTE:PLURAL,ospreys,鱼鹰
CREATURE:CASTE:ADJECTIVE,osprey,鱼鹰
CREATURE:SINGULAR,osprey man,鱼鹰人
CREATURE:PLURAL,osprey men,鱼鹰人
CREATURE:ADJECTIVE,osprey man,鱼鹰人
CREATURE:CASTE:SINGULAR,osprey woman,雌鱼鹰人
CREATURE:CASTE:SINGULAR,osprey man,雄鱼鹰人
CREATURE:CASTE:PLURAL,osprey women,雌鱼鹰人
CREATURE:CASTE:PLURAL,osprey men,雄鱼鹰人
CREATURE:CASTE:ADJECTIVE,osprey woman,雌鱼鹰人
CREATURE:CASTE:ADJECTIVE,osprey man,雄鱼鹰人
CREATURE:SINGULAR,giant osprey,巨型鱼鹰
CREATURE:PLURAL,giant ospreys,巨型鱼鹰
CREATURE:ADJECTIVE,giant osprey,巨型鱼鹰
CREATURE:CASTE:SINGULAR,giant osprey,巨型鱼鹰
CREATURE:CASTE:PLURAL,giant ospreys,巨型鱼鹰
CREATURE:CASTE:ADJECTIVE,giant osprey,巨型鱼鹰
CREATURE:SINGULAR,emu,鸸鹋
CREATURE:PLURAL,emus,鸸鹋
CREATURE:ADJECTIVE,emu,鸸鹋
CREATURE:CASTE:SINGULAR,emu,鸸鹋
CREATURE:CASTE:PLURAL,emus,鸸鹋
CREATURE:CASTE:ADJECTIVE,emu,鸸鹋
CREATURE:SINGULAR,emu man,鸸鹋人
CREATURE:PLURAL,emu men,鸸鹋人
CREATURE:ADJECTIVE,emu man,鸸鹋人
CREATURE:CASTE:SINGULAR,emu woman,雌鸸鹋人
CREATURE:CASTE:SINGULAR,emu man,雄鸸鹋人
CREATURE:CASTE:PLURAL,emu women,雌鸸鹋人
CREATURE:CASTE:PLURAL,emu men,雄鸸鹋人
CREATURE:CASTE:ADJECTIVE,emu woman,雌鸸鹋人
CREATURE:CASTE:ADJECTIVE,emu man,雄鸸鹋人
CREATURE:SINGULAR,giant emu,巨型鸸鹋
CREATURE:PLURAL,giant emus,巨型鸸鹋
CREATURE:ADJECTIVE,giant emu,巨型鸸鹋
CREATURE:CASTE:SINGULAR,giant emu,巨型鸸鹋
CREATURE:CASTE:PLURAL,giant emus,巨型鸸鹋
CREATURE:CASTE:ADJECTIVE,giant emu,巨型鸸鹋
CREATURE:SINGULAR,cockatiel,玄凤鹦鹉
CREATURE:PLURAL,cockatiels,玄凤鹦鹉
CREATURE:ADJECTIVE,cockatiel,玄凤鹦鹉
CREATURE:CASTE:SINGULAR,cockatiel,玄凤鹦鹉
CREATURE:CASTE:PLURAL,cockatiels,玄凤鹦鹉
CREATURE:CASTE:ADJECTIVE,cockatiel,玄凤鹦鹉
CREATURE:SINGULAR,cockatiel man,玄凤鹦鹉人
CREATURE:PLURAL,cockatiel men,玄凤鹦鹉人
CREATURE:ADJECTIVE,cockatiel man,玄凤鹦鹉人
CREATURE:CASTE:SINGULAR,cockatiel woman,雌玄凤鹦鹉人
CREATURE:CASTE:SINGULAR,cockatiel man,雄玄凤鹦鹉人
CREATURE:CASTE:PLURAL,cockatiel women,雌玄凤鹦鹉人
CREATURE:CASTE:PLURAL,cockatiel men,雄玄凤鹦鹉人
CREATURE:CASTE:ADJECTIVE,cockatiel woman,雌玄凤鹦鹉人
CREATURE:CASTE:ADJECTIVE,cockatiel man,雄玄凤鹦鹉人
CREATURE:SINGULAR,giant cockatiel,巨型玄凤鹦鹉
CREATURE:PLURAL,giant cockatiels,巨型玄凤鹦鹉
CREATURE:ADJECTIVE,giant cockatiel,巨型玄凤鹦鹉
CREATURE:CASTE:SINGULAR,giant cockatiel,巨型玄凤鹦鹉
CREATURE:CASTE:PLURAL,giant cockatiels,巨型玄凤鹦鹉
CREATURE:CASTE:ADJECTIVE,giant cockatiel,巨型玄凤鹦鹉
CREATURE:SINGULAR,peach-faced lovebird,桃面爱情鸟
CREATURE:PLURAL,peach-faced lovebirds,桃面爱情鸟
CREATURE:ADJECTIVE,peach-faced lovebird,桃面爱情鸟
CREATURE:CASTE:SINGULAR,peach-faced lovebird,桃面爱情鸟
CREATURE:CASTE:PLURAL,peach-faced lovebirds,桃面爱情鸟
CREATURE:CASTE:ADJECTIVE,peach-faced lovebird,桃面爱情鸟
CREATURE:SINGULAR,peach-faced lovebird man,桃面爱情鸟人
CREATURE:PLURAL,peach-faced lovebird men,桃面爱情鸟人
CREATURE:ADJECTIVE,peach-faced lovebird man,桃面爱情鸟人
CREATURE:CASTE:SINGULAR,peach-faced lovebird woman,雌桃面爱情鸟人
CREATURE:CASTE:SINGULAR,peach-faced lovebird man,雄桃面爱情鸟人
CREATURE:CASTE:PLURAL,peach-faced lovebird women,雌桃面爱情鸟人
CREATURE:CASTE:PLURAL,peach-faced lovebird men,雄桃面爱情鸟人
CREATURE:CASTE:ADJECTIVE,peach-faced lovebird woman,雌桃面爱情鸟人
CREATURE:CASTE:ADJECTIVE,peach-faced lovebird man,雄桃面爱情鸟人
CREATURE:SINGULAR,giant peach-faced lovebird,巨型桃面爱情鸟
CREATURE:PLURAL,giant peach-faced lovebirds,巨型桃面爱情鸟
CREATURE:ADJECTIVE,giant peach-faced lovebird,巨型桃面爱情鸟
CREATURE:CASTE:SINGULAR,giant peach-faced lovebird,巨型桃面爱情鸟
CREATURE:CASTE:PLURAL,giant peach-faced lovebirds,巨型桃面爱情鸟
CREATURE:CASTE:ADJECTIVE,giant peach-faced lovebird,巨型桃面爱情鸟
CREATURE:SINGULAR,magpie,喜鹊
CREATURE:PLURAL,magpies,喜鹊
CREATURE:ADJECTIVE,magpie,喜鹊
CREATURE:CASTE:SINGULAR,magpie,喜鹊
CREATURE:CASTE:PLURAL,magpies,喜鹊
CREATURE:CASTE:ADJECTIVE,magpie,喜鹊
CREATURE:SINGULAR,magpie man,喜鹊人
CREATURE:PLURAL,magpie men,喜鹊人
CREATURE:ADJECTIVE,magpie man,喜鹊人
CREATURE:CASTE:SINGULAR,magpie woman,雌喜鹊人
CREATURE:CASTE:SINGULAR,magpie man,雄喜鹊人
CREATURE:CASTE:PLURAL,magpie women,雌喜鹊人
CREATURE:CASTE:PLURAL,magpie men,雄喜鹊人
CREATURE:CASTE:ADJECTIVE,magpie woman,雌喜鹊人
CREATURE:CASTE:ADJECTIVE,magpie man,雄喜鹊人
CREATURE:SINGULAR,giant magpie,巨型喜鹊
CREATURE:PLURAL,giant magpies,巨型喜鹊
CREATURE:ADJECTIVE,giant magpie,巨型喜鹊
CREATURE:CASTE:SINGULAR,giant magpie,巨型喜鹊
CREATURE:CASTE:PLURAL,giant magpies,巨型喜鹊
CREATURE:CASTE:ADJECTIVE,giant magpie,巨型喜鹊
CREATURE:SINGULAR,kestrel,红隼
CREATURE:PLURAL,kestrels,红隼
CREATURE:ADJECTIVE,kestrel,红隼
CREATURE:CASTE:SINGULAR,kestrel,红隼
CREATURE:CASTE:PLURAL,kestrels,红隼
CREATURE:CASTE:ADJECTIVE,kestrel,红隼
CREATURE:SINGULAR,kestrel man,红隼人
CREATURE:PLURAL,kestrel men,红隼人
CREATURE:ADJECTIVE,kestrel man,红隼人
CREATURE:CASTE:SINGULAR,kestrel woman,雌红隼人
CREATURE:CASTE:SINGULAR,kestrel man,雄红隼人
CREATURE:CASTE:PLURAL,kestrel women,雌红隼人
CREATURE:CASTE:PLURAL,kestrel men,雄红隼人
CREATURE:CASTE:ADJECTIVE,kestrel woman,雌红隼人
CREATURE:CASTE:ADJECTIVE,kestrel man,雄红隼人
CREATURE:SINGULAR,giant kestrel,巨型红隼
CREATURE:PLURAL,giant kestrels,巨型红隼
CREATURE:ADJECTIVE,giant kestrel,巨型红隼
CREATURE:CASTE:SINGULAR,giant kestrel,巨型红隼
CREATURE:CASTE:PLURAL,giant kestrels,巨型红隼
CREATURE:CASTE:ADJECTIVE,giant kestrel,巨型红隼
CREATURE:SINGULAR,albatross,信天翁
CREATURE:PLURAL,albatrosses,信天翁
CREATURE:ADJECTIVE,albatross,信天翁
CREATURE:CASTE:SINGULAR,albatross,信天翁
CREATURE:CASTE:PLURAL,albatrosses,信天翁
CREATURE:CASTE:ADJECTIVE,albatross,信天翁
CREATURE:SINGULAR,albatross man,信天翁人
CREATURE:PLURAL,albatross men,信天翁人
CREATURE:ADJECTIVE,albatross man,信天翁人
CREATURE:CASTE:SINGULAR,albatross woman,雌信天翁人
CREATURE:CASTE:SINGULAR,albatross man,雄信天翁人
CREATURE:CASTE:PLURAL,albatross women,雌信天翁人
CREATURE:CASTE:PLURAL,albatross men,雄信天翁人
CREATURE:CASTE:ADJECTIVE,albatross woman,雌信天翁人
CREATURE:CASTE:ADJECTIVE,albatross man,雄信天翁人
CREATURE:SINGULAR,giant albatross,巨型信天翁
CREATURE:PLURAL,giant albatrosses,巨型信天翁
CREATURE:ADJECTIVE,giant albatross,巨型信天翁
CREATURE:CASTE:SINGULAR,giant albatross,巨型信天翁
CREATURE:CASTE:PLURAL,giant albatrosses,巨型信天翁
CREATURE:CASTE:ADJECTIVE,giant albatross,巨型信天翁
CREATURE:SINGULAR,great horned owl,大角鸮
CREATURE:PLURAL,great horned owls,大角鸮
CREATURE:ADJECTIVE,great horned owl,大角鸮
CREATURE:CASTE:SINGULAR,great horned owl,大角鸮
CREATURE:CASTE:PLURAL,great horned owls,大角鸮
CREATURE:CASTE:ADJECTIVE,great horned owl,大角鸮
CREATURE:SINGULAR,great horned owl man,大角鸮人
CREATURE:PLURAL,great horned owl men,大角鸮人
CREATURE:ADJECTIVE,great horned owl man,大角鸮人
CREATURE:CASTE:SINGULAR,great horned owl woman,雌大角鸮人
CREATURE:CASTE:SINGULAR,great horned owl man,雄大角鸮人
CREATURE:CASTE:PLURAL,great horned owl women,雌大角鸮人
CREATURE:CASTE:PLURAL,great horned owl men,雄大角鸮人
CREATURE:CASTE:ADJECTIVE,great horned owl woman,雌大角鸮人
CREATURE:CASTE:ADJECTIVE,great horned owl man,雄大角鸮人
CREATURE:SINGULAR,giant great horned owl,巨型大角鸮
CREATURE:PLURAL,giant great horned owls,巨型大角鸮
CREATURE:ADJECTIVE,giant great horned owl,巨型大角鸮
CREATURE:CASTE:SINGULAR,giant great horned owl,巨型大角鸮
CREATURE:CASTE:PLURAL,giant great horned owls,巨型大角鸮
CREATURE:CASTE:ADJECTIVE,giant great horned owl,巨型大角鸮
CREATURE:SINGULAR,eagle,鹰
CREATURE:PLURAL,eagles,鹰
CREATURE:ADJECTIVE,eagle,鹰
CREATURE:CASTE:SINGULAR,eagle,鹰
CREATURE:CASTE:PLURAL,eagles,鹰
CREATURE:CASTE:ADJECTIVE,eagle,鹰
CREATURE:SINGULAR,eagle man,鹰人
CREATURE:PLURAL,eagle men,鹰人
CREATURE:ADJECTIVE,eagle man,鹰人
CREATURE:CASTE:SINGULAR,eagle woman,雌鹰人
CREATURE:CASTE:SINGULAR,eagle man,雄鹰人
CREATURE:CASTE:PLURAL,eagle women,雌鹰人
CREATURE:CASTE:PLURAL,eagle men,雄鹰人
CREATURE:CASTE:ADJECTIVE,eagle woman,雌鹰人
CREATURE:CASTE:ADJECTIVE,eagle man,雄鹰人
CREATURE:SINGULAR,giant eagle,巨型鹰
CREATURE:PLURAL,giant eagles,巨型鹰
CREATURE:ADJECTIVE,giant eagle,巨型鹰
CREATURE:CASTE:SINGULAR,giant eagle,巨型鹰
CREATURE:CASTE:PLURAL,giant eagles,巨型鹰
CREATURE:CASTE:ADJECTIVE,giant eagle,巨型鹰
CREATURE:SINGULAR,hornbill,犀鸟
CREATURE:PLURAL,hornbills,犀鸟
CREATURE:ADJECTIVE,hornbill,犀鸟
CREATURE:CASTE:SINGULAR,hornbill,犀鸟
CREATURE:CASTE:PLURAL,hornbills,犀鸟
CREATURE:CASTE:ADJECTIVE,hornbill,犀鸟
CREATURE:SINGULAR,hornbill man,犀鸟人
CREATURE:PLURAL,hornbill men,犀鸟人
CREATURE:ADJECTIVE,hornbill man,犀鸟人
CREATURE:CASTE:SINGULAR,hornbill woman,雌犀鸟人
CREATURE:CASTE:SINGULAR,hornbill man,雄犀鸟人
CREATURE:CASTE:PLURAL,hornbill women,雌犀鸟人
CREATURE:CASTE:PLURAL,hornbill men,雄犀鸟人
CREATURE:CASTE:ADJECTIVE,hornbill woman,雌犀鸟人
CREATURE:CASTE:ADJECTIVE,hornbill man,雄犀鸟人
CREATURE:SINGULAR,giant hornbill,巨型犀鸟
CREATURE:PLURAL,giant hornbills,巨型犀鸟
CREATURE:ADJECTIVE,giant hornbill,巨型犀鸟
CREATURE:CASTE:SINGULAR,giant hornbill,巨型犀鸟
CREATURE:CASTE:PLURAL,giant hornbills,巨型犀鸟
CREATURE:CASTE:ADJECTIVE,giant hornbill,巨型犀鸟
CREATURE:SINGULAR,masked lovebird,蒙面爱情鸟
CREATURE:PLURAL,masked lovebirds,蒙面爱情鸟
CREATURE:ADJECTIVE,masked lovebird,蒙面爱情鸟
CREATURE:CASTE:SINGULAR,masked lovebird,蒙面爱情鸟
CREATURE:CASTE:PLURAL,masked lovebirds,蒙面爱情鸟
CREATURE:CASTE:ADJECTIVE,masked lovebird,蒙面爱情鸟
CREATURE:SINGULAR,masked lovebird man,蒙面爱情鸟人
CREATURE:PLURAL,masked lovebird men,蒙面爱情鸟人
CREATURE:ADJECTIVE,masked lovebird man,蒙面爱情鸟人
CREATURE:CASTE:SINGULAR,masked lovebird woman,雌蒙面爱情鸟人
CREATURE:CASTE:SINGULAR,masked lovebird man,雄蒙面爱情鸟人
CREATURE:CASTE:PLURAL,masked lovebird women,雌蒙面爱情鸟人
CREATURE:CASTE:PLURAL,masked lovebird men,雄蒙面爱情鸟人
CREATURE:CASTE:ADJECTIVE,masked lovebird woman,雌蒙面爱情鸟人
CREATURE:CASTE:ADJECTIVE,masked lovebird man,雄蒙面爱情鸟人
CREATURE:SINGULAR,giant masked lovebird,巨型蒙面爱情鸟
CREATURE:PLURAL,giant masked lovebirds,巨型蒙面爱情鸟
CREATURE:ADJECTIVE,giant masked lovebird,巨型蒙面爱情鸟
CREATURE:CASTE:SINGULAR,giant masked lovebird,巨型蒙面爱情鸟
CREATURE:CASTE:PLURAL,giant masked lovebirds,巨型蒙面爱情鸟
CREATURE:CASTE:ADJECTIVE,giant masked lovebird,巨型蒙面爱情鸟
CREATURE:SINGULAR,bushtit,丛山雀
CREATURE:PLURAL,bushtits,丛山雀
CREATURE:ADJECTIVE,bushtit,丛山雀
CREATURE:CASTE:SINGULAR,bushtit,丛山雀
CREATURE:CASTE:PLURAL,bushtits,丛山雀
CREATURE:CASTE:ADJECTIVE,bushtit,丛山雀
CREATURE:SINGULAR,bushtit man,丛山雀人
CREATURE:PLURAL,bushtit men,丛山雀人
CREATURE:ADJECTIVE,bushtit man,丛山雀人
CREATURE:CASTE:SINGULAR,bushtit woman,雌丛山雀人
CREATURE:CASTE:SINGULAR,bushtit man,雄丛山雀人
CREATURE:CASTE:PLURAL,bushtit women,雌丛山雀人
CREATURE:CASTE:PLURAL,bushtit men,雄丛山雀人
CREATURE:CASTE:ADJECTIVE,bushtit woman,雌丛山雀人
CREATURE:CASTE:ADJECTIVE,bushtit man,雄丛山雀人
CREATURE:SINGULAR,giant bushtit,巨型丛山雀
CREATURE:PLURAL,giant bushtits,巨型丛山雀
CREATURE:ADJECTIVE,giant bushtit,巨型丛山雀
CREATURE:CASTE:SINGULAR,giant bushtit,巨型丛山雀
CREATURE:CASTE:PLURAL,giant bushtits,巨型丛山雀
CREATURE:CASTE:ADJECTIVE,giant bushtit,巨型丛山雀
CREATURE:SINGULAR,blue jay,冠蓝鸦
CREATURE:PLURAL,blue jays,冠蓝鸦
CREATURE:ADJECTIVE,blue jay,冠蓝鸦
CREATURE:CASTE:SINGULAR,blue jay,冠蓝鸦
CREATURE:CASTE:PLURAL,blue jays,冠蓝鸦
CREATURE:CASTE:ADJECTIVE,blue jay,冠蓝鸦
CREATURE:SINGULAR,bluejay man,冠蓝鸦人
CREATURE:PLURAL,bluejay men,冠蓝鸦人
CREATURE:ADJECTIVE,bluejay man,冠蓝鸦人
CREATURE:CASTE:SINGULAR,bluejay woman,雌冠蓝鸦人
CREATURE:CASTE:SINGULAR,bluejay man,雄冠蓝鸦人
CREATURE:CASTE:PLURAL,bluejay women,雌冠蓝鸦人
CREATURE:CASTE:PLURAL,bluejay men,雄冠蓝鸦人
CREATURE:CASTE:ADJECTIVE,bluejay woman,雌冠蓝鸦人
CREATURE:CASTE:ADJECTIVE,bluejay man,雄冠蓝鸦人
CREATURE:SINGULAR,giant bluejay,巨型冠蓝鸦
CREATURE:PLURAL,giant bluejays,巨型冠蓝鸦
CREATURE:ADJECTIVE,giant bluejay,巨型冠蓝鸦
CREATURE:CASTE:SINGULAR,giant bluejay,巨型冠蓝鸦
CREATURE:CASTE:PLURAL,giant bluejays,巨型冠蓝鸦
CREATURE:CASTE:ADJECTIVE,giant bluejay,巨型冠蓝鸦
CREATURE:SINGULAR,cardinal,红衣凤头鸟
CREATURE:PLURAL,cardinals,红衣凤头鸟
CREATURE:ADJECTIVE,cardinal,红衣凤头鸟
CREATURE:CASTE:SINGULAR,cardinal,红衣凤头鸟
CREATURE:CASTE:PLURAL,cardinals,红衣凤头鸟
CREATURE:CASTE:ADJECTIVE,cardinal,红衣凤头鸟
CREATURE:SINGULAR,cardinal man,红衣凤头鸟人
CREATURE:PLURAL,cardinal men,红衣凤头鸟人
CREATURE:ADJECTIVE,cardinal man,红衣凤头鸟人
CREATURE:CASTE:SINGULAR,cardinal woman,雌红衣凤头鸟人
CREATURE:CASTE:SINGULAR,cardinal man,雄红衣凤头鸟人
CREATURE:CASTE:PLURAL,cardinal women,雌红衣凤头鸟人
CREATURE:CASTE:PLURAL,cardinal men,雄红衣凤头鸟人
CREATURE:CASTE:ADJECTIVE,cardinal woman,雌红衣凤头鸟人
CREATURE:CASTE:ADJECTIVE,cardinal man,雄红衣凤头鸟人
CREATURE:SINGULAR,giant cardinal,巨型红衣凤头鸟
CREATURE:PLURAL,giant cardinals,巨型红衣凤头鸟
CREATURE:ADJECTIVE,giant cardinal,巨型红衣凤头鸟
CREATURE:CASTE:SINGULAR,giant cardinal,巨型红衣凤头鸟
CREATURE:CASTE:PLURAL,giant cardinals,巨型红衣凤头鸟
CREATURE:CASTE:ADJECTIVE,giant cardinal,巨型红衣凤头鸟
CREATURE:SINGULAR,grackle,黑羽椋鸟
CREATURE:PLURAL,grackles,黑羽椋鸟
CREATURE:ADJECTIVE,grackle,黑羽椋鸟
CREATURE:CASTE:SINGULAR,grackle,黑羽椋鸟
CREATURE:CASTE:PLURAL,grackles,黑羽椋鸟
CREATURE:CASTE:ADJECTIVE,grackle,黑羽椋鸟
CREATURE:SINGULAR,grackle man,黑羽椋鸟人
CREATURE:PLURAL,grackle men,黑羽椋鸟人
CREATURE:ADJECTIVE,grackle man,黑羽椋鸟人
CREATURE:CASTE:SINGULAR,grackle woman,雌黑羽椋鸟人
CREATURE:CASTE:SINGULAR,grackle man,雄黑羽椋鸟人
CREATURE:CASTE:PLURAL,grackle women,雌黑羽椋鸟人
CREATURE:CASTE:PLURAL,grackle men,雄黑羽椋鸟人
CREATURE:CASTE:ADJECTIVE,grackle woman,雌黑羽椋鸟人
CREATURE:CASTE:ADJECTIVE,grackle man,雄黑羽椋鸟人
CREATURE:SINGULAR,giant grackle,巨型黑羽椋鸟
CREATURE:PLURAL,giant grackles,巨型黑羽椋鸟
CREATURE:ADJECTIVE,giant grackle,巨型黑羽椋鸟
CREATURE:CASTE:SINGULAR,giant grackle,巨型黑羽椋鸟
CREATURE:CASTE:PLURAL,giant grackles,巨型黑羽椋鸟
CREATURE:CASTE:ADJECTIVE,giant grackle,巨型黑羽椋鸟
CREATURE:SINGULAR,oriole,黄鹂
CREATURE:PLURAL,orioles,黄鹂
CREATURE:ADJECTIVE,oriole,黄鹂
CREATURE:CASTE:SINGULAR,oriole,黄鹂
CREATURE:CASTE:PLURAL,orioles,黄鹂
CREATURE:CASTE:ADJECTIVE,oriole,黄鹂
CREATURE:SINGULAR,oriole man,黄鹂人
CREATURE:PLURAL,oriole men,黄鹂人
CREATURE:ADJECTIVE,oriole man,黄鹂人
CREATURE:CASTE:SINGULAR,oriole woman,雌黄鹂人
CREATURE:CASTE:SINGULAR,oriole man,雄黄鹂人
CREATURE:CASTE:PLURAL,oriole women,雌黄鹂人
CREATURE:CASTE:PLURAL,oriole men,雄黄鹂人
CREATURE:CASTE:ADJECTIVE,oriole woman,雌黄鹂人
CREATURE:CASTE:ADJECTIVE,oriole man,雄黄鹂人
CREATURE:SINGULAR,giant oriole,巨型黄鹂
CREATURE:PLURAL,giant orioles,巨型黄鹂
CREATURE:ADJECTIVE,giant oriole,巨型黄鹂
CREATURE:CASTE:SINGULAR,giant oriole,巨型黄鹂
CREATURE:CASTE:PLURAL,giant orioles,巨型黄鹂
CREATURE:CASTE:ADJECTIVE,giant oriole,巨型黄鹂
CREATURE:SINGULAR,red-winged blackbird,红翅黑鹂
CREATURE:PLURAL,red-winged blackbirds,红翅黑鹂
CREATURE:ADJECTIVE,red-winged blackbird,红翅黑鹂
CREATURE:CASTE:SINGULAR,red-winged blackbird,红翅黑鹂
CREATURE:CASTE:PLURAL,red-winged blackbirds,红翅黑鹂
CREATURE:CASTE:ADJECTIVE,red-winged blackbird,红翅黑鹂
CREATURE:SINGULAR,red-winged blackbird man,红翅黑鹂人
CREATURE:PLURAL,red-winged blackbird men,红翅黑鹂人
CREATURE:ADJECTIVE,red-winged blackbird man,红翅黑鹂人
CREATURE:CASTE:SINGULAR,red-winged blackbird woman,雌红翅黑鹂人
CREATURE:CASTE:SINGULAR,red-winged blackbird man,雄红翅黑鹂人
CREATURE:CASTE:PLURAL,red-winged blackbird women,雌红翅黑鹂人
CREATURE:CASTE:PLURAL,red-winged blackbird men,雄红翅黑鹂人
CREATURE:CASTE:ADJECTIVE,red-winged blackbird woman,雌红翅黑鹂人
CREATURE:CASTE:ADJECTIVE,red-winged blackbird man,雄红翅黑鹂人
CREATURE:SINGULAR,giant red-winged blackbird,巨型红翅黑鹂
CREATURE:PLURAL,giant red-winged blackbirds,巨型红翅黑鹂
CREATURE:ADJECTIVE,giant red-winged blackbird,巨型红翅黑鹂
CREATURE:CASTE:SINGULAR,giant red-winged blackbird,巨型红翅黑鹂
CREATURE:CASTE:PLURAL,giant red-winged blackbirds,巨型红翅黑鹂
CREATURE:CASTE:ADJECTIVE,giant red-winged blackbird,巨型红翅黑鹂
CREATURE:SINGULAR,penguin,企鹅
CREATURE:PLURAL,penguins,企鹅
CREATURE:ADJECTIVE,penguin,企鹅
CREATURE:CASTE:SINGULAR,penguin,企鹅
CREATURE:CASTE:PLURAL,penguins,企鹅
CREATURE:CASTE:ADJECTIVE,penguin,企鹅
CREATURE:SINGULAR,little penguin,小企鹅
CREATURE:PLURAL,little penguins,小企鹅
CREATURE:ADJECTIVE,little penguin,小企鹅
CREATURE:CASTE:SINGULAR,little penguin,小企鹅
CREATURE:CASTE:PLURAL,little penguins,小企鹅
CREATURE:CASTE:ADJECTIVE,little penguin,小企鹅
CREATURE:SINGULAR,emperor penguin,帝企鹅
CREATURE:PLURAL,emperor penguins,帝企鹅
CREATURE:ADJECTIVE,emperor penguin,帝企鹅
CREATURE:CASTE:SINGULAR,emperor penguin,帝企鹅
CREATURE:CASTE:PLURAL,emperor penguins,帝企鹅
CREATURE:CASTE:ADJECTIVE,emperor penguin,帝企鹅
CREATURE:SINGULAR,penguin man,企鹅人
CREATURE:PLURAL,penguin men,企鹅人
CREATURE:ADJECTIVE,penguin man,企鹅人
CREATURE:CASTE:SINGULAR,penguin woman,雌企鹅人
CREATURE:CASTE:SINGULAR,penguin man,雄企鹅人
CREATURE:CASTE:PLURAL,penguin women,雌企鹅人
CREATURE:CASTE:PLURAL,penguin men,雄企鹅人
CREATURE:CASTE:ADJECTIVE,penguin woman,雌企鹅人
CREATURE:CASTE:ADJECTIVE,penguin man,雄企鹅人
CREATURE:SINGULAR,giant penguin,巨型企鹅
CREATURE:PLURAL,giant penguins,巨型企鹅
CREATURE:ADJECTIVE,giant penguin,巨型企鹅
CREATURE:CASTE:SINGULAR,giant penguin,巨型企鹅
CREATURE:CASTE:PLURAL,giant penguins,巨型企鹅
CREATURE:CASTE:ADJECTIVE,giant penguin,巨型企鹅
CREATURE:SINGULAR,peregrine falcon,游隼
CREATURE:PLURAL,peregrine falcons,游隼
CREATURE:ADJECTIVE,peregrine falcon,游隼
CREATURE:CASTE:SINGULAR,peregrine falcon,游隼
CREATURE:CASTE:SINGULAR,tiercel peregrine,雄游隼
CREATURE:CASTE:PLURAL,peregrine falcons,游隼
CREATURE:CASTE:PLURAL,tiercel peregrines,雄游隼
CREATURE:CASTE:ADJECTIVE,peregrine falcon,游隼
CREATURE:CASTE:ADJECTIVE,tiercel peregrine,雄游隼
CREATURE:SINGULAR,peregrine falcon man,游隼人
CREATURE:PLURAL,peregrine falcon men,游隼人
CREATURE:ADJECTIVE,peregrine falcon man,游隼人
CREATURE:CASTE:SINGULAR,peregrine falcon woman,雌游隼人
CREATURE:CASTE:SINGULAR,peregrine falcon man,雄游隼人
CREATURE:CASTE:PLURAL,peregrine falcon women,雌游隼人
CREATURE:CASTE:PLURAL,peregrine falcon men,雄游隼人
CREATURE:CASTE:ADJECTIVE,peregrine falcon woman,雌游隼人
CREATURE:CASTE:ADJECTIVE,peregrine falcon man,雄游隼人
CREATURE:SINGULAR,giant peregrine falcon,巨型游隼
CREATURE:PLURAL,giant peregrine falcons,巨型游隼
CREATURE:ADJECTIVE,giant peregrine falcon,巨型游隼
CREATURE:CASTE:SINGULAR,giant peregrine falcon,巨型游隼
CREATURE:CASTE:SINGULAR,giant tiercel peregrine,巨型雄游隼
CREATURE:CASTE:PLURAL,giant peregrine falcons,巨型游隼
CREATURE:CASTE:PLURAL,giant tiercel peregrines,巨型雄游隼
CREATURE:CASTE:ADJECTIVE,giant peregrine falcon,巨型游隼
CREATURE:CASTE:ADJECTIVE,giant tiercel peregrine,巨型雄游隼
CREATURE:SINGULAR,kiwi,鹬鸵
CREATURE:PLURAL,kiwis,鹬鸵
CREATURE:ADJECTIVE,kiwi,鹬鸵
CREATURE:CASTE:SINGULAR,kiwi hen,雌鹬鸵
CREATURE:CASTE:SINGULAR,kiwi cock,雄鹬鸵
CREATURE:CASTE:PLURAL,kiwi hens,雌鹬鸵
CREATURE:CASTE:PLURAL,kiwi cocks,雄鹬鸵
CREATURE:CASTE:ADJECTIVE,kiwi hen,雌鹬鸵
CREATURE:CASTE:ADJECTIVE,kiwi cock,雄鹬鸵
CREATURE:SINGULAR,kiwi man,鹬鸵人
CREATURE:PLURAL,kiwi men,鹬鸵人
CREATURE:ADJECTIVE,kiwi man,鹬鸵人
CREATURE:CASTE:SINGULAR,kiwi woman,雌鹬鸵人
CREATURE:CASTE:SINGULAR,kiwi man,雄鹬鸵人
CREATURE:CASTE:PLURAL,kiwi women,雌鹬鸵人
CREATURE:CASTE:PLURAL,kiwi men,雄鹬鸵人
CREATURE:CASTE:ADJECTIVE,kiwi woman,雌鹬鸵人
CREATURE:CASTE:ADJECTIVE,kiwi man,雄鹬鸵人
CREATURE:SINGULAR,giant kiwi,巨型鹬鸵
CREATURE:PLURAL,giant kiwis,巨型鹬鸵
CREATURE:ADJECTIVE,giant kiwi,巨型鹬鸵
CREATURE:CASTE:SINGULAR,giant kiwi hen,巨型雌鹬鸵
CREATURE:CASTE:SINGULAR,giant kiwi cock,巨型雄鹬鸵
CREATURE:CASTE:PLURAL,giant kiwi hens,巨型雌鹬鸵
CREATURE:CASTE:PLURAL,giant kiwi cocks,巨型雄鹬鸵
CREATURE:CASTE:ADJECTIVE,giant kiwi hen,巨型雌鹬鸵
CREATURE:CASTE:ADJECTIVE,giant kiwi cock,巨型雄鹬鸵
CREATURE:SINGULAR,ostrich,鸵鸟
CREATURE:PLURAL,ostriches,鸵鸟
CREATURE:ADJECTIVE,ostrich,鸵鸟
CREATURE:CASTE:SINGULAR,ostrich hen,雌鸵鸟
CREATURE:CASTE:SINGULAR,ostrich cock,雄鸵鸟
CREATURE:CASTE:PLURAL,ostrich hens,雌鸵鸟
CREATURE:CASTE:PLURAL,ostrich cocks,雄鸵鸟
CREATURE:CASTE:ADJECTIVE,ostrich hen,雌鸵鸟
CREATURE:CASTE:ADJECTIVE,ostrich cock,雄鸵鸟
CREATURE:SINGULAR,ostrich man,鸵鸟人
CREATURE:PLURAL,ostrich men,鸵鸟人
CREATURE:ADJECTIVE,ostrich man,鸵鸟人
CREATURE:CASTE:SINGULAR,ostrich woman,雌鸵鸟人
CREATURE:CASTE:SINGULAR,ostrich man,雄鸵鸟人
CREATURE:CASTE:PLURAL,ostrich women,雌鸵鸟人
CREATURE:CASTE:PLURAL,ostrich men,雄鸵鸟人
CREATURE:CASTE:ADJECTIVE,ostrich woman,雌鸵鸟人
CREATURE:CASTE:ADJECTIVE,ostrich man,雄鸵鸟人
CREATURE:SINGULAR,giant ostrich,巨型鸵鸟
CREATURE:PLURAL,giant ostriches,巨型鸵鸟
CREATURE:ADJECTIVE,giant ostrich,巨型鸵鸟
CREATURE:CASTE:SINGULAR,giant ostrich hen,巨型雌鸵鸟
CREATURE:CASTE:SINGULAR,giant ostrich cock,巨型雄鸵鸟
CREATURE:CASTE:PLURAL,giant ostrich hens,巨型雌鸵鸟
CREATURE:CASTE:PLURAL,giant ostrich cocks,巨型雄鸵鸟
CREATURE:CASTE:ADJECTIVE,giant ostrich hen,巨型雌鸵鸟
CREATURE:CASTE:ADJECTIVE,giant ostrich cock,巨型雄鸵鸟
CREATURE:SINGULAR,damselfly,蓝蜻蛉
CREATURE:PLURAL,damselflies,蓝蜻蛉
CREATURE:ADJECTIVE,damselfly,蓝蜻蛉
CREATURE:CASTE:SINGULAR,damselfly,蓝蜻蛉
CREATURE:CASTE:PLURAL,damselflies,蓝蜻蛉
CREATURE:CASTE:ADJECTIVE,damselfly,蓝蜻蛉
CREATURE:SINGULAR,damselfly man,蓝蜻蛉人
CREATURE:PLURAL,damselfly men,蓝蜻蛉人
CREATURE:ADJECTIVE,damselfly man,蓝蜻蛉人
CREATURE:CASTE:SINGULAR,damselfly woman,雌蓝蜻蛉人
CREATURE:CASTE:SINGULAR,damselfly man,雄蓝蜻蛉人
CREATURE:CASTE:PLURAL,damselfly women,雌蓝蜻蛉人
CREATURE:CASTE:PLURAL,damselfly men,雄蓝蜻蛉人
CREATURE:CASTE:ADJECTIVE,damselfly woman,雌蓝蜻蛉人
CREATURE:CASTE:ADJECTIVE,damselfly man,雄蓝蜻蛉人
CREATURE:SINGULAR,giant damselfly,巨型蓝蜻蛉
CREATURE:PLURAL,giant damselflies,巨型蓝蜻蛉
CREATURE:ADJECTIVE,giant damselfly,巨型蓝蜻蛉
CREATURE:CASTE:SINGULAR,giant damselfly,巨型蓝蜻蛉
CREATURE:CASTE:PLURAL,giant damselflies,巨型蓝蜻蛉
CREATURE:CASTE:ADJECTIVE,giant damselfly,巨型蓝蜻蛉
CREATURE:SINGULAR,moth,飞蛾
CREATURE:PLURAL,moths,飞蛾
CREATURE:ADJECTIVE,moth,飞蛾
CREATURE:CASTE:SINGULAR,moth,飞蛾
CREATURE:CASTE:PLURAL,moths,飞蛾
CREATURE:CASTE:ADJECTIVE,moth,飞蛾
CREATURE:SINGULAR,moth man,飞蛾人
CREATURE:PLURAL,moth men,飞蛾人
CREATURE:ADJECTIVE,moth man,飞蛾人
CREATURE:CASTE:SINGULAR,moth woman,雌飞蛾人
CREATURE:CASTE:SINGULAR,moth man,雄飞蛾人
CREATURE:CASTE:PLURAL,moth women,雌飞蛾人
CREATURE:CASTE:PLURAL,moth men,雄飞蛾人
CREATURE:CASTE:ADJECTIVE,moth woman,雌飞蛾人
CREATURE:CASTE:ADJECTIVE,moth man,雄飞蛾人
CREATURE:SINGULAR,giant moth,巨型飞蛾
CREATURE:PLURAL,giant moths,巨型飞蛾
CREATURE:ADJECTIVE,giant moth,巨型飞蛾
CREATURE:CASTE:SINGULAR,giant moth,巨型飞蛾
CREATURE:CASTE:PLURAL,giant moths,巨型飞蛾
CREATURE:CASTE:ADJECTIVE,giant moth,巨型飞蛾
CREATURE:SINGULAR,grasshopper,蚱蜢
CREATURE:PLURAL,grasshoppers,蚱蜢
CREATURE:ADJECTIVE,grasshopper,蚱蜢
CREATURE:CASTE:SINGULAR,grasshopper,蚱蜢
CREATURE:CASTE:PLURAL,grasshoppers,蚱蜢
CREATURE:CASTE:ADJECTIVE,grasshopper,蚱蜢
CREATURE:SINGULAR,grasshopper man,蚱蜢人
CREATURE:PLURAL,grasshopper men,蚱蜢人
CREATURE:ADJECTIVE,grasshopper man,蚱蜢人
CREATURE:CASTE:SINGULAR,grasshopper woman,雌蚱蜢人
CREATURE:CASTE:SINGULAR,grasshopper man,雄蚱蜢人
CREATURE:CASTE:PLURAL,grasshopper women,雌蚱蜢人
CREATURE:CASTE:PLURAL,grasshopper men,雄蚱蜢人
CREATURE:CASTE:ADJECTIVE,grasshopper woman,雌蚱蜢人
CREATURE:CASTE:ADJECTIVE,grasshopper man,雄蚱蜢人
CREATURE:SINGULAR,giant grasshopper,巨型蚱蜢
CREATURE:PLURAL,giant grasshoppers,巨型蚱蜢
CREATURE:ADJECTIVE,giant grasshopper,巨型蚱蜢
CREATURE:CASTE:SINGULAR,giant grasshopper,巨型蚱蜢
CREATURE:CASTE:PLURAL,giant grasshoppers,巨型蚱蜢
CREATURE:CASTE:ADJECTIVE,giant grasshopper,巨型蚱蜢
CREATURE:SINGULAR,bark scorpion,树皮蝎
CREATURE:PLURAL,bark scorpions,树皮蝎
CREATURE:ADJECTIVE,bark scorpion,树皮蝎
CREATURE:CASTE:SINGULAR,bark scorpion,树皮蝎
CREATURE:CASTE:PLURAL,bark scorpions,树皮蝎
CREATURE:CASTE:ADJECTIVE,bark scorpion,树皮蝎
CREATURE:SINGULAR,bark scorpion man,树皮蝎人
CREATURE:PLURAL,bark scorpion men,树皮蝎人
CREATURE:ADJECTIVE,bark scorpion man,树皮蝎人
CREATURE:CASTE:SINGULAR,bark scorpion woman,雌树皮蝎人
CREATURE:CASTE:SINGULAR,bark scorpion man,雄树皮蝎人
CREATURE:CASTE:PLURAL,bark scorpion women,雌树皮蝎人
CREATURE:CASTE:PLURAL,bark scorpion men,雄树皮蝎人
CREATURE:CASTE:ADJECTIVE,bark scorpion woman,雌树皮蝎人
CREATURE:CASTE:ADJECTIVE,bark scorpion man,雄树皮蝎人
CREATURE:SINGULAR,giant bark scorpion,巨型树皮蝎
CREATURE:PLURAL,giant bark scorpions,巨型树皮蝎
CREATURE:ADJECTIVE,giant bark scorpion,巨型树皮蝎
CREATURE:CASTE:SINGULAR,giant bark scorpion,巨型树皮蝎
CREATURE:CASTE:PLURAL,giant bark scorpions,巨型树皮蝎
CREATURE:CASTE:ADJECTIVE,giant bark scorpion,巨型树皮蝎
CREATURE:SINGULAR,mantis,螳螂
CREATURE:PLURAL,mantises,螳螂
CREATURE:ADJECTIVE,mantis,螳螂
CREATURE:CASTE:SINGULAR,mantis,螳螂
CREATURE:CASTE:PLURAL,mantises,螳螂
CREATURE:CASTE:ADJECTIVE,mantis,螳螂
CREATURE:SINGULAR,mantis man,螳螂人
CREATURE:PLURAL,mantis men,螳螂人
CREATURE:ADJECTIVE,mantis man,螳螂人
CREATURE:CASTE:SINGULAR,mantis woman,女螳螂人
CREATURE:CASTE:SINGULAR,mantis man,男螳螂人
CREATURE:CASTE:PLURAL,mantis women,女螳螂人
CREATURE:CASTE:PLURAL,mantis men,男螳螂人
CREATURE:CASTE:ADJECTIVE,mantis woman,女螳螂人
CREATURE:CASTE:ADJECTIVE,mantis man,男螳螂人
CREATURE:SINGULAR,giant mantis,巨型螳螂
CREATURE:PLURAL,giant mantises,巨型螳螂
CREATURE:ADJECTIVE,giant mantis,巨型螳螂
CREATURE:CASTE:SINGULAR,giant mantis,巨型螳螂
CREATURE:CASTE:PLURAL,giant mantises,巨型螳螂
CREATURE:CASTE:ADJECTIVE,giant mantis,巨型螳螂
CREATURE:SINGULAR,tick,蜱虫
CREATURE:PLURAL,ticks,蜱虫
CREATURE:ADJECTIVE,tick,蜱虫
CREATURE:CASTE:SINGULAR,tick,蜱虫
CREATURE:CASTE:PLURAL,ticks,蜱虫
CREATURE:CASTE:ADJECTIVE,tick,蜱虫
CREATURE:SINGULAR,tick man,蜱虫人
CREATURE:PLURAL,tick men,蜱虫人
CREATURE:ADJECTIVE,tick man,蜱虫人
CREATURE:CASTE:SINGULAR,tick woman,女蜱虫人
CREATURE:CASTE:SINGULAR,tick man,男蜱虫人
CREATURE:CASTE:PLURAL,tick women,女蜱虫人
CREATURE:CASTE:PLURAL,tick men,男蜱虫人
CREATURE:CASTE:ADJECTIVE,tick woman,女蜱虫人
CREATURE:CASTE:ADJECTIVE,tick man,男蜱虫人
CREATURE:SINGULAR,giant tick,巨型蜱虫
CREATURE:PLURAL,giant ticks,巨型蜱虫
CREATURE:ADJECTIVE,giant tick,巨型蜱虫
CREATURE:CASTE:SINGULAR,giant tick,巨型蜱虫
CREATURE:CASTE:PLURAL,giant ticks,巨型蜱虫
CREATURE:CASTE:ADJECTIVE,giant tick,巨型蜱虫
CREATURE:SINGULAR,louse,虱子
CREATURE:PLURAL,lice,虱子
CREATURE:ADJECTIVE,louse,虱子
CREATURE:CASTE:SINGULAR,louse,虱子
CREATURE:CASTE:PLURAL,lice,虱子
CREATURE:CASTE:ADJECTIVE,louse,虱子
CREATURE:SINGULAR,louse man,虱子人
CREATURE:PLURAL,louse men,虱子人
CREATURE:ADJECTIVE,louse man,虱子人
CREATURE:CASTE:SINGULAR,louse woman,女虱子人
CREATURE:CASTE:SINGULAR,louse man,男虱子人
CREATURE:CASTE:PLURAL,louse women,女虱子人
CREATURE:CASTE:PLURAL,louse men,男虱子人
CREATURE:CASTE:ADJECTIVE,louse woman,女虱子人
CREATURE:CASTE:ADJECTIVE,louse man,男虱子人
CREATURE:SINGULAR,giant louse,巨型虱子
CREATURE:PLURAL,giant lice,巨型虱子
CREATURE:ADJECTIVE,giant louse,巨型虱子
CREATURE:CASTE:SINGULAR,giant louse,巨型虱子
CREATURE:CASTE:PLURAL,giant lice,巨型虱子
CREATURE:CASTE:ADJECTIVE,giant louse,巨型虱子
CREATURE:SINGULAR,thrips,蓟马
CREATURE:PLURAL,thrips,蓟马
CREATURE:ADJECTIVE,thrips,蓟马
CREATURE:CASTE:SINGULAR,thrips,蓟马
CREATURE:CASTE:PLURAL,thrips,蓟马
CREATURE:CASTE:ADJECTIVE,thrips,蓟马
CREATURE:SINGULAR,thrips man,蓟马人
CREATURE:PLURAL,thrips men,蓟马人
CREATURE:ADJECTIVE,thrips man,蓟马人
CREATURE:CASTE:SINGULAR,thrips woman,女蓟马人
CREATURE:CASTE:SINGULAR,thrips man,男蓟马人
CREATURE:CASTE:PLURAL,thrips women,女蓟马人
CREATURE:CASTE:PLURAL,thrips men,男蓟马人
CREATURE:CASTE:ADJECTIVE,thrips woman,女蓟马人
CREATURE:CASTE:ADJECTIVE,thrips man,男蓟马人
CREATURE:SINGULAR,giant thrips,巨型蓟马
CREATURE:PLURAL,giant thrips,巨型蓟马
CREATURE:ADJECTIVE,giant thrips,巨型蓟马
CREATURE:CASTE:SINGULAR,giant thrips,巨型蓟马
CREATURE:CASTE:PLURAL,giant thrips,巨型蓟马
CREATURE:CASTE:ADJECTIVE,giant thrips,巨型蓟马
CREATURE:SINGULAR,slug,蛞蝓
CREATURE:PLURAL,slugs,蛞蝓
CREATURE:ADJECTIVE,slug,蛞蝓
CREATURE:CASTE:SINGULAR,slug,蛞蝓
CREATURE:CASTE:PLURAL,slugs,蛞蝓
CREATURE:CASTE:ADJECTIVE,slug,蛞蝓
CREATURE:SINGULAR,slug man,蛞蝓人
CREATURE:PLURAL,slug men,蛞蝓人
CREATURE:ADJECTIVE,slug man,蛞蝓人
CREATURE:CASTE:SINGULAR,slug man,蛞蝓人
CREATURE:CASTE:PLURAL,slug men,蛞蝓人
CREATURE:CASTE:ADJECTIVE,slug man,蛞蝓人
CREATURE:SINGULAR,giant slug,巨型蛞蝓
CREATURE:PLURAL,giant slugs,巨型蛞蝓
CREATURE:ADJECTIVE,giant slug,巨型蛞蝓
CREATURE:CASTE:SINGULAR,giant slug,巨型蛞蝓
CREATURE:CASTE:PLURAL,giant slugs,巨型蛞蝓
CREATURE:CASTE:ADJECTIVE,giant slug,巨型蛞蝓
CREATURE:SINGULAR,mosquito,蚊子
CREATURE:PLURAL,mosquitos,蚊子
CREATURE:ADJECTIVE,mosquito,蚊子
CREATURE:CASTE:SINGULAR,mosquito,蚊子
CREATURE:CASTE:PLURAL,mosquitos,蚊子
CREATURE:CASTE:ADJECTIVE,mosquito,蚊子
CREATURE:SINGULAR,mosquito man,蚊子人
CREATURE:PLURAL,mosquito men,蚊子人
CREATURE:ADJECTIVE,mosquito man,蚊子人
CREATURE:CASTE:SINGULAR,mosquito woman,女蚊子人
CREATURE:CASTE:SINGULAR,mosquito man,男蚊子人
CREATURE:CASTE:PLURAL,mosquito women,女蚊子人
CREATURE:CASTE:PLURAL,mosquito men,男蚊子人
CREATURE:CASTE:ADJECTIVE,mosquito woman,女蚊子人
CREATURE:CASTE:ADJECTIVE,mosquito man,男蚊子人
CREATURE:SINGULAR,giant mosquito,巨型蚊子
CREATURE:PLURAL,giant mosquitos,巨型蚊子
CREATURE:ADJECTIVE,giant mosquito,巨型蚊子
CREATURE:CASTE:SINGULAR,giant mosquito,巨型蚊子
CREATURE:CASTE:PLURAL,giant mosquitos,巨型蚊子
CREATURE:CASTE:ADJECTIVE,giant mosquito,巨型蚊子
CREATURE:SINGULAR,jumping spider,跳蛛
CREATURE:PLURAL,jumping spiders,跳蛛
CREATURE:ADJECTIVE,jumping spider,跳蛛
CREATURE:CASTE:SINGULAR,jumping spider,跳蛛
CREATURE:CASTE:PLURAL,jumping spiders,跳蛛
CREATURE:CASTE:ADJECTIVE,jumping spider,跳蛛
CREATURE:SINGULAR,jumping spider man,跳蛛人
CREATURE:PLURAL,jumping spider men,跳蛛人
CREATURE:ADJECTIVE,jumping spider man,跳蛛人
CREATURE:CASTE:SINGULAR,jumping spider woman,女跳蛛人
CREATURE:CASTE:SINGULAR,jumping spider man,男跳蛛人
CREATURE:CASTE:PLURAL,jumping spider women,女跳蛛人
CREATURE:CASTE:PLURAL,jumping spider men,男跳蛛人
CREATURE:CASTE:ADJECTIVE,jumping spider woman,女跳蛛人
CREATURE:CASTE:ADJECTIVE,jumping spider man,男跳蛛人
CREATURE:SINGULAR,giant jumping spider,巨型跳蛛
CREATURE:PLURAL,giant jumping spiders,巨型跳蛛
CREATURE:ADJECTIVE,giant jumping spider,巨型跳蛛
CREATURE:CASTE:SINGULAR,giant jumping spider,巨型跳蛛
CREATURE:CASTE:PLURAL,giant jumping spiders,巨型跳蛛
CREATURE:CASTE:ADJECTIVE,giant jumping spider,巨型跳蛛
CREATURE:SINGULAR,termite,白蚁
CREATURE:PLURAL,termites,白蚁
CREATURE:ADJECTIVE,termite,白蚁
CREATURE:CASTE:SINGULAR,worker termite,白蚁工蚁
CREATURE:CASTE:SINGULAR,soldier termite,白蚁兵蚁
CREATURE:CASTE:SINGULAR,king termite,白蚁蚁王
CREATURE:CASTE:SINGULAR,queen termite,白蚁蚁后
CREATURE:CASTE:PLURAL,worker termites,白蚁工蚁
CREATURE:CASTE:PLURAL,soldier termites,白蚁兵蚁
CREATURE:CASTE:PLURAL,king termites,白蚁蚁王
CREATURE:CASTE:PLURAL,queen termites,白蚁蚁后
CREATURE:CASTE:ADJECTIVE,worker termite,白蚁工蚁
CREATURE:CASTE:ADJECTIVE,soldier termite,白蚁兵蚁
CREATURE:CASTE:ADJECTIVE,king termite,白蚁蚁王
CREATURE:CASTE:ADJECTIVE,queen termite,白蚁蚁后
CREATURE:SINGULAR,moon snail,月亮蜗牛
CREATURE:PLURAL,moon snails,月亮蜗牛
CREATURE:ADJECTIVE,moon snail,月亮蜗牛
CREATURE:CASTE:SINGULAR,moon snail,月亮蜗牛
CREATURE:CASTE:PLURAL,moon snails,月亮蜗牛
CREATURE:CASTE:ADJECTIVE,moon snail,月亮蜗牛
CREATURE:SINGULAR,moon snail man,月亮蜗牛人
CREATURE:PLURAL,moon snail men,月亮蜗牛人
CREATURE:ADJECTIVE,moon snail man,月亮蜗牛人
CREATURE:CASTE:SINGULAR,moon snail woman,女月亮蜗牛人
CREATURE:CASTE:SINGULAR,moon snail man,男月亮蜗牛人
CREATURE:CASTE:PLURAL,moon snail women,女月亮蜗牛人
CREATURE:CASTE:PLURAL,moon snail men,男月亮蜗牛人
CREATURE:CASTE:ADJECTIVE,moon snail woman,女月亮蜗牛人
CREATURE:CASTE:ADJECTIVE,moon snail man,男月亮蜗牛人
CREATURE:SINGULAR,giant moon snail,巨型月亮蜗牛
CREATURE:PLURAL,giant moon snails,巨型月亮蜗牛
CREATURE:ADJECTIVE,giant moon snail,巨型月亮蜗牛
CREATURE:CASTE:SINGULAR,giant moon snail,巨型月亮蜗牛
CREATURE:CASTE:PLURAL,giant moon snails,巨型月亮蜗牛
CREATURE:CASTE:ADJECTIVE,giant moon snail,巨型月亮蜗牛
CREATURE:SINGULAR,brown recluse spider,棕色遁蛛
CREATURE:PLURAL,brown recluse spiders,棕色遁蛛
CREATURE:ADJECTIVE,brown recluse spider,棕色遁蛛
CREATURE:CASTE:SINGULAR,brown recluse spider,棕色遁蛛
CREATURE:CASTE:PLURAL,brown recluse spiders,棕色遁蛛
CREATURE:CASTE:ADJECTIVE,brown recluse spider,棕色遁蛛
CREATURE:SINGULAR,brown recluse spider man,棕色遁蛛人
CREATURE:PLURAL,brown recluse spider men,棕色遁蛛人
CREATURE:ADJECTIVE,brown recluse spider man,棕色遁蛛人
CREATURE:CASTE:SINGULAR,brown recluse spider woman,女棕色遁蛛人
CREATURE:CASTE:SINGULAR,brown recluse spider man,男棕色遁蛛人
CREATURE:CASTE:PLURAL,brown recluse spider women,女棕色遁蛛人
CREATURE:CASTE:PLURAL,brown recluse spider men,男棕色遁蛛人
CREATURE:CASTE:ADJECTIVE,brown recluse spider woman,女棕色遁蛛人
CREATURE:CASTE:ADJECTIVE,brown recluse spider man,男棕色遁蛛人
CREATURE:SINGULAR,giant brown recluse spider,巨型棕色遁蛛
CREATURE:PLURAL,giant brown recluse spiders,巨型棕色遁蛛
CREATURE:ADJECTIVE,giant brown recluse spider,巨型棕色遁蛛
CREATURE:CASTE:SINGULAR,giant brown recluse spider,巨型棕色遁蛛
CREATURE:CASTE:PLURAL,giant brown recluse spiders,巨型棕色遁蛛
CREATURE:CASTE:ADJECTIVE,giant brown recluse spider,巨型棕色遁蛛
CREATURE:SINGULAR,snail,蜗牛
CREATURE:PLURAL,snails,蜗牛
CREATURE:ADJECTIVE,snail,蜗牛
CREATURE:CASTE:SINGULAR,snail,蜗牛
CREATURE:CASTE:PLURAL,snails,蜗牛
CREATURE:CASTE:ADJECTIVE,snail,蜗牛
CREATURE:SINGULAR,snail man,蜗牛人
CREATURE:PLURAL,snail men,蜗牛人
CREATURE:ADJECTIVE,snail man,蜗牛人
CREATURE:CASTE:SINGULAR,snail man,蜗牛人
CREATURE:CASTE:PLURAL,snail men,蜗牛人
CREATURE:CASTE:ADJECTIVE,snail man,蜗牛人
CREATURE:SINGULAR,giant snail,巨型蜗牛
CREATURE:PLURAL,giant snails,巨型蜗牛
CREATURE:ADJECTIVE,giant snail,巨型蜗牛
CREATURE:CASTE:SINGULAR,giant snail,巨型蜗牛
CREATURE:CASTE:PLURAL,giant snails,巨型蜗牛
CREATURE:CASTE:ADJECTIVE,giant snail,巨型蜗牛
CREATURE:SINGULAR,leopard gecko,豹纹壁虎
CREATURE:PLURAL,leopard geckos,豹纹壁虎
CREATURE:ADJECTIVE,leopard gecko,豹纹壁虎
CREATURE:CASTE:SINGULAR,leopard gecko,豹纹壁虎
CREATURE:CASTE:PLURAL,leopard geckos,豹纹壁虎
CREATURE:CASTE:ADJECTIVE,leopard gecko,豹纹壁虎
CREATURE:SINGULAR,leopard gecko man,豹纹壁虎人
CREATURE:PLURAL,leopard gecko men,豹纹壁虎人
CREATURE:ADJECTIVE,leopard gecko man,豹纹壁虎人
CREATURE:CASTE:SINGULAR,leopard gecko woman,女豹纹壁虎人
CREATURE:CASTE:SINGULAR,leopard gecko man,男豹纹壁虎人
CREATURE:CASTE:PLURAL,leopard gecko women,女豹纹壁虎人
CREATURE:CASTE:PLURAL,leopard gecko men,男豹纹壁虎人
CREATURE:CASTE:ADJECTIVE,leopard gecko woman,女豹纹壁虎人
CREATURE:CASTE:ADJECTIVE,leopard gecko man,男豹纹壁虎人
CREATURE:SINGULAR,giant leopard gecko,巨型豹纹壁虎
CREATURE:PLURAL,giant leopard geckos,巨型豹纹壁虎
CREATURE:ADJECTIVE,giant leopard gecko,巨型豹纹壁虎
CREATURE:CASTE:SINGULAR,giant leopard gecko,巨型豹纹壁虎
CREATURE:CASTE:PLURAL,giant leopard geckos,巨型豹纹壁虎
CREATURE:CASTE:ADJECTIVE,giant leopard gecko,巨型豹纹壁虎
CREATURE:SINGULAR,desert tortoise,沙漠陆龟
CREATURE:PLURAL,desert tortoises,沙漠陆龟
CREATURE:ADJECTIVE,desert tortoise,沙漠陆龟
CREATURE:CASTE:SINGULAR,desert tortoise,沙漠陆龟
CREATURE:CASTE:PLURAL,desert tortoises,沙漠陆龟
CREATURE:CASTE:ADJECTIVE,desert tortoise,沙漠陆龟
CREATURE:SINGULAR,desert tortoise man,沙漠陆龟人
CREATURE:PLURAL,desert tortoise men,沙漠陆龟人
CREATURE:ADJECTIVE,desert tortoise man,沙漠陆龟人
CREATURE:CASTE:SINGULAR,desert tortoise woman,女沙漠陆龟人
CREATURE:CASTE:SINGULAR,desert tortoise man,男沙漠陆龟人
CREATURE:CASTE:PLURAL,desert tortoise women,女沙漠陆龟人
CREATURE:CASTE:PLURAL,desert tortoise men,男沙漠陆龟人
CREATURE:CASTE:ADJECTIVE,desert tortoise woman,女沙漠陆龟人
CREATURE:CASTE:ADJECTIVE,desert tortoise man,男沙漠陆龟人
CREATURE:SINGULAR,giant desert tortoise,巨型沙漠陆龟
CREATURE:PLURAL,giant desert tortoises,巨型沙漠陆龟
CREATURE:ADJECTIVE,giant desert tortoise,巨型沙漠陆龟
CREATURE:CASTE:SINGULAR,giant desert tortoise,巨型沙漠陆龟
CREATURE:CASTE:PLURAL,giant desert tortoises,巨型沙漠陆龟
CREATURE:CASTE:ADJECTIVE,giant desert tortoise,巨型沙漠陆龟
CREATURE:SINGULAR,gila monster,毒蜥
CREATURE:PLURAL,gila monsters,毒蜥
CREATURE:ADJECTIVE,gila monster,毒蜥
CREATURE:CASTE:SINGULAR,gila monster,毒蜥
CREATURE:CASTE:PLURAL,gila monsters,毒蜥
CREATURE:CASTE:ADJECTIVE,gila monster,毒蜥
CREATURE:SINGULAR,gila monster man,毒蜥人
CREATURE:PLURAL,gila monster men,毒蜥人
CREATURE:ADJECTIVE,gila monster man,毒蜥人
CREATURE:CASTE:SINGULAR,gila monster woman,女毒蜥人
CREATURE:CASTE:SINGULAR,gila monster man,男毒蜥人
CREATURE:CASTE:PLURAL,gila monster women,女毒蜥人
CREATURE:CASTE:PLURAL,gila monster men,男毒蜥人
CREATURE:CASTE:ADJECTIVE,gila monster woman,女毒蜥人
CREATURE:CASTE:ADJECTIVE,gila monster man,男毒蜥人
CREATURE:SINGULAR,giant gila monster,巨型毒蜥
CREATURE:PLURAL,giant gila monsters,巨型毒蜥
CREATURE:ADJECTIVE,giant gila monster,巨型毒蜥
CREATURE:CASTE:SINGULAR,giant gila monster,巨型毒蜥
CREATURE:CASTE:PLURAL,giant gila monsters,巨型毒蜥
CREATURE:CASTE:ADJECTIVE,giant gila monster,巨型毒蜥
CREATURE:SINGULAR,dog,家犬
CREATURE:PLURAL,dogs,家犬
CREATURE:ADJECTIVE,canine,家犬
CREATURE:CASTE:SINGULAR,dog,家犬
CREATURE:CASTE:PLURAL,dogs,家犬
CREATURE:CASTE:ADJECTIVE,canine,家犬
CREATURE:SINGULAR,cat,家猫
CREATURE:PLURAL,cats,家猫
CREATURE:ADJECTIVE,feline,家猫
CREATURE:CASTE:SINGULAR,cat,家猫
CREATURE:CASTE:PLURAL,cats,家猫
CREATURE:CASTE:ADJECTIVE,feline,家猫
CREATURE:SINGULAR,mule,骡子
CREATURE:PLURAL,mules,骡子
CREATURE:ADJECTIVE,mule,骡子
CREATURE:CASTE:SINGULAR,mule,骡子
CREATURE:CASTE:PLURAL,mules,骡子
CREATURE:CASTE:ADJECTIVE,mule,骡子
CREATURE:SINGULAR,donkey,驴
CREATURE:PLURAL,donkeys,驴
CREATURE:ADJECTIVE,asinine,驴
CREATURE:CASTE:SINGULAR,donkey,驴
CREATURE:CASTE:PLURAL,donkeys,驴
CREATURE:CASTE:ADJECTIVE,asinine,驴
CREATURE:SINGULAR,horse,马
CREATURE:PLURAL,horses,马
CREATURE:ADJECTIVE,equine,马
CREATURE:CASTE:SINGULAR,horse,马
CREATURE:CASTE:PLURAL,horses,马
CREATURE:CASTE:ADJECTIVE,equine,马
CREATURE:SINGULAR,cow,奶牛
CREATURE:PLURAL,cows,奶牛
CREATURE:ADJECTIVE,bovine,奶牛
CREATURE:CASTE:SINGULAR,cow,奶牛
CREATURE:CASTE:SINGULAR,bull,公牛
CREATURE:CASTE:PLURAL,cows,奶牛
CREATURE:CASTE:PLURAL,bulls,公牛
CREATURE:CASTE:ADJECTIVE,bovine,母牛
CREATURE:CASTE:ADJECTIVE,bull,公牛
CREATURE:SINGULAR,sheep,绵羊
CREATURE:PLURAL,sheep,绵羊
CREATURE:ADJECTIVE,ovine,绵羊
CREATURE:CASTE:SINGULAR,ewe,母羊
CREATURE:CASTE:SINGULAR,ram,公羊
CREATURE:CASTE:PLURAL,ewes,母羊
CREATURE:CASTE:PLURAL,rams,公羊
CREATURE:CASTE:ADJECTIVE,ewe,母羊
CREATURE:CASTE:ADJECTIVE,ram,公羊
CREATURE:SINGULAR,pig,家猪
CREATURE:PLURAL,pigs,家猪
CREATURE:ADJECTIVE,porcine,家猪
CREATURE:CASTE:SINGULAR,sow,母猪
CREATURE:CASTE:SINGULAR,boar,公猪
CREATURE:CASTE:PLURAL,sows,母猪
CREATURE:CASTE:PLURAL,boars,公猪
CREATURE:CASTE:ADJECTIVE,sow,母猪
CREATURE:CASTE:ADJECTIVE,boar,公猪
CREATURE:SINGULAR,goat,山羊
CREATURE:PLURAL,goats,山羊
CREATURE:ADJECTIVE,hircine,山羊
CREATURE:CASTE:SINGULAR,nanny goat,母山羊
CREATURE:CASTE:SINGULAR,billy goat,公山羊
CREATURE:CASTE:PLURAL,nanny goats,母山羊
CREATURE:CASTE:PLURAL,billy goats,公山羊
CREATURE:CASTE:ADJECTIVE,nanny goat,母山羊
CREATURE:CASTE:ADJECTIVE,billy goat,公山羊
CREATURE:SINGULAR,chicken,家鸡
CREATURE:PLURAL,chickens,家鸡
CREATURE:ADJECTIVE,chicken,家鸡
CREATURE:CASTE:SINGULAR,hen,母鸡
CREATURE:CASTE:SINGULAR,rooster,公鸡
CREATURE:CASTE:PLURAL,hens,母鸡
CREATURE:CASTE:PLURAL,roosters,公鸡
CREATURE:CASTE:ADJECTIVE,hen,母鸡
CREATURE:CASTE:ADJECTIVE,rooster,公鸡
CREATURE:SINGULAR,cavy,豚鼠
CREATURE:PLURAL,cavies,豚鼠
CREATURE:ADJECTIVE,cavy,豚鼠
CREATURE:CASTE:SINGULAR,cavy sow,母豚鼠
CREATURE:CASTE:SINGULAR,cavy boar,公豚鼠
CREATURE:CASTE:PLURAL,cavy sows,母豚鼠
CREATURE:CASTE:PLURAL,cavy boars,公豚鼠
CREATURE:CASTE:ADJECTIVE,cavy sow,母豚鼠
CREATURE:CASTE:ADJECTIVE,cavy boar,公豚鼠
CREATURE:SINGULAR,duck,家鸭
CREATURE:PLURAL,ducks,家鸭
CREATURE:ADJECTIVE,duck,家鸭
CREATURE:CASTE:SINGULAR,duck,母鸭
CREATURE:CASTE:SINGULAR,drake,公鸭
CREATURE:CASTE:PLURAL,ducks,母鸭
CREATURE:CASTE:PLURAL,drakes,公鸭
CREATURE:CASTE:ADJECTIVE,duck,母鸭
CREATURE:CASTE:ADJECTIVE,drake,公鸭
CREATURE:SINGULAR,water buffalo,水牛
CREATURE:PLURAL,water buffalos,水牛
CREATURE:ADJECTIVE,water buffalo,水牛
CREATURE:CASTE:SINGULAR,water buffalo cow,母水牛
CREATURE:CASTE:SINGULAR,water buffalo bull,公水牛
CREATURE:CASTE:PLURAL,water buffalo cows,母水牛
CREATURE:CASTE:PLURAL,water buffalo bulls,公水牛
CREATURE:CASTE:ADJECTIVE,water buffalo cow,母水牛
CREATURE:CASTE:ADJECTIVE,water buffalo bull,公水牛
CREATURE:SINGULAR,reindeer,驯鹿
CREATURE:PLURAL,reindeer,驯鹿
CREATURE:ADJECTIVE,reindeer,驯鹿
CREATURE:CASTE:SINGULAR,reindeer cow,母驯鹿
CREATURE:CASTE:SINGULAR,reindeer bull,公驯鹿
CREATURE:CASTE:PLURAL,reindeer cows,母驯鹿
CREATURE:CASTE:PLURAL,reindeer bulls,公驯鹿
CREATURE:CASTE:ADJECTIVE,reindeer cow,母驯鹿
CREATURE:CASTE:ADJECTIVE,reindeer bull,公驯鹿
CREATURE:SINGULAR,goose,家鹅
CREATURE:PLURAL,geese,家鹅
CREATURE:ADJECTIVE,goose,家鹅
CREATURE:CASTE:SINGULAR,goose,母鹅
CREATURE:CASTE:SINGULAR,gander,公鹅
CREATURE:CASTE:PLURAL,geese,母鹅
CREATURE:CASTE:PLURAL,ganders,公鹅
CREATURE:CASTE:ADJECTIVE,goose,母鹅
CREATURE:CASTE:ADJECTIVE,gander,公鹅
CREATURE:SINGULAR,yak,牦牛
CREATURE:PLURAL,yaks,牦牛
CREATURE:ADJECTIVE,yak,牦牛
CREATURE:CASTE:SINGULAR,yak cow,母牦牛
CREATURE:CASTE:SINGULAR,yak bull,公牦牛
CREATURE:CASTE:PLURAL,yak cows,母牦牛
CREATURE:CASTE:PLURAL,yak bulls,公牦牛
CREATURE:CASTE:ADJECTIVE,yak cow,母牦牛
CREATURE:CASTE:ADJECTIVE,yak bull,公牦牛
CREATURE:SINGULAR,llama,无峰驼
CREATURE:PLURAL,llamas,无峰驼
CREATURE:ADJECTIVE,llama,无峰驼
CREATURE:CASTE:SINGULAR,llama,无峰驼
CREATURE:CASTE:PLURAL,llamas,无峰驼
CREATURE:CASTE:ADJECTIVE,llama,无峰驼
CREATURE:SINGULAR,alpaca,羊驼
CREATURE:PLURAL,alpacas,羊驼
CREATURE:ADJECTIVE,alpaca,羊驼
CREATURE:CASTE:SINGULAR,alpaca,羊驼
CREATURE:CASTE:PLURAL,alpacas,羊驼
CREATURE:CASTE:ADJECTIVE,alpaca,羊驼
CREATURE:SINGULAR,guineafowl,珍珠鸡
CREATURE:PLURAL,guineafowls,珍珠鸡
CREATURE:ADJECTIVE,guineafowl,珍珠鸡
CREATURE:CASTE:SINGULAR,guineahen,母珍珠鸡
CREATURE:CASTE:SINGULAR,guineacock,公珍珠鸡
CREATURE:CASTE:PLURAL,guineahens,母珍珠鸡
CREATURE:CASTE:PLURAL,guineacocks,公珍珠鸡
CREATURE:CASTE:ADJECTIVE,guineahen,母珍珠鸡
CREATURE:CASTE:ADJECTIVE,guineacock,公珍珠鸡
CREATURE:SINGULAR,blue peafowl,蓝孔雀
CREATURE:PLURAL,blue peafowls,蓝孔雀
CREATURE:ADJECTIVE,blue peafowl,蓝孔雀
CREATURE:CASTE:SINGULAR,blue peahen,蓝孔雀雌鸟
CREATURE:CASTE:SINGULAR,blue peacock,蓝孔雀雄鸟
CREATURE:CASTE:PLURAL,blue peahens,蓝孔雀雌鸟
CREATURE:CASTE:PLURAL,blue peacocks,蓝孔雀雄鸟
CREATURE:CASTE:ADJECTIVE,blue peahen,蓝孔雀雌鸟
CREATURE:CASTE:ADJECTIVE,blue peacock,蓝孔雀雄鸟
CREATURE:SINGULAR,turkey,火鸡
CREATURE:PLURAL,turkeys,火鸡
CREATURE:ADJECTIVE,turkey,火鸡
CREATURE:CASTE:SINGULAR,turkey hen,母火鸡
CREATURE:CASTE:SINGULAR,turkey gobbler,公火鸡
CREATURE:CASTE:PLURAL,turkey hens,母火鸡
CREATURE:CASTE:PLURAL,turkey gobblers,公火鸡
CREATURE:CASTE:ADJECTIVE,turkey hen,母火鸡
CREATURE:CASTE:ADJECTIVE,turkey gobbler,公火鸡
CREATURE:SINGULAR,rabbit,家兔
CREATURE:PLURAL,rabbits,家兔
CREATURE:ADJECTIVE,rabbit,家兔
CREATURE:CASTE:SINGULAR,doe rabbit,母家兔
CREATURE:CASTE:SINGULAR,buck rabbit,公家兔
CREATURE:CASTE:PLURAL,doe rabbits,母家兔
CREATURE:CASTE:PLURAL,buck rabbits,公家兔
CREATURE:CASTE:ADJECTIVE,doe rabbit,母家兔
CREATURE:CASTE:ADJECTIVE,buck rabbit,公家兔
CREATURE:SINGULAR,wagon,货车
CREATURE:PLURAL,wagons,货车
CREATURE:ADJECTIVE,wagon,货车
CREATURE:CASTE:SINGULAR,wagon,货车
CREATURE:CASTE:PLURAL,wagons,货车
CREATURE:CASTE:ADJECTIVE,wagon,货车
CREATURE:SINGULAR,chimera,奇美拉
CREATURE:PLURAL,chimeras,奇美拉
CREATURE:ADJECTIVE,chimeric,奇美拉
CREATURE:CASTE:SINGULAR,nothing,nothing
CREATURE:CASTE:PLURAL,nothing,nothing
CREATURE:CASTE:ADJECTIVE,nothing,nothing
CREATURE:SINGULAR,centaur,半人马
CREATURE:PLURAL,centaurs,半人马
CREATURE:ADJECTIVE,centaur,半人马
CREATURE:CASTE:SINGULAR,centauress,女性半人马
CREATURE:CASTE:SINGULAR,centaur,男性半人马
CREATURE:CASTE:PLURAL,centauresses,女性半人马
CREATURE:CASTE:PLURAL,centaurs,男性半人马
CREATURE:CASTE:ADJECTIVE,centauress,女性半人马
CREATURE:CASTE:ADJECTIVE,centaur,男性半人马
CREATURE:SINGULAR,griffon,狮鹫
CREATURE:PLURAL,griffons,狮鹫
CREATURE:ADJECTIVE,griffon,狮鹫
CREATURE:CASTE:SINGULAR,griffon,狮鹫
CREATURE:CASTE:PLURAL,griffons,狮鹫
CREATURE:CASTE:ADJECTIVE,griffon,狮鹫
CREATURE:SINGULAR,fly,苍蝇
CREATURE:PLURAL,flies,苍蝇
CREATURE:ADJECTIVE,fly,苍蝇
CREATURE:CASTE:SINGULAR,fly,苍蝇
CREATURE:CASTE:PLURAL,flies,苍蝇
CREATURE:CASTE:ADJECTIVE,fly,苍蝇
CREATURE:SINGULAR,fly man,苍蝇人
CREATURE:PLURAL,fly men,苍蝇人
CREATURE:ADJECTIVE,fly man,苍蝇人
CREATURE:CASTE:SINGULAR,fly woman,女苍蝇人
CREATURE:CASTE:SINGULAR,fly man,男苍蝇人
CREATURE:CASTE:PLURAL,fly women,女苍蝇人
CREATURE:CASTE:PLURAL,fly men,男苍蝇人
CREATURE:CASTE:ADJECTIVE,fly woman,女苍蝇人
CREATURE:CASTE:ADJECTIVE,fly man,男苍蝇人
CREATURE:SINGULAR,giant fly,巨型苍蝇
CREATURE:PLURAL,giant flies,巨型苍蝇
CREATURE:ADJECTIVE,giant fly,巨型苍蝇
CREATURE:CASTE:SINGULAR,giant fly,巨型苍蝇
CREATURE:CASTE:PLURAL,giant flies,巨型苍蝇
CREATURE:CASTE:ADJECTIVE,giant fly,巨型苍蝇
CREATURE:SINGULAR,large roach,大蟑螂
CREATURE:PLURAL,large roaches,大蟑螂
CREATURE:ADJECTIVE,large roach,大蟑螂
CREATURE:CASTE:SINGULAR,large roach,大蟑螂
CREATURE:CASTE:PLURAL,large roaches,大蟑螂
CREATURE:CASTE:ADJECTIVE,large roach,大蟑螂
CREATURE:SINGULAR,roach man,蟑螂人
CREATURE:PLURAL,roach men,蟑螂人
CREATURE:ADJECTIVE,roach man,蟑螂人
CREATURE:CASTE:SINGULAR,roach woman,女蟑螂人
CREATURE:CASTE:SINGULAR,roach man,男蟑螂人
CREATURE:CASTE:PLURAL,roach women,女蟑螂人
CREATURE:CASTE:PLURAL,roach men,男蟑螂人
CREATURE:CASTE:ADJECTIVE,roach woman,女蟑螂人
CREATURE:CASTE:ADJECTIVE,roach man,男蟑螂人
CREATURE:SINGULAR,giant roach,巨型蟑螂
CREATURE:PLURAL,giant roaches,巨型蟑螂
CREATURE:ADJECTIVE,giant roach,巨型蟑螂
CREATURE:CASTE:SINGULAR,giant roach,巨型蟑螂
CREATURE:CASTE:PLURAL,giant roaches,巨型蟑螂
CREATURE:CASTE:ADJECTIVE,giant roach,巨型蟑螂
CREATURE:SINGULAR,beetle,甲虫
CREATURE:PLURAL,beetles,甲虫
CREATURE:ADJECTIVE,beetle,甲虫
CREATURE:CASTE:SINGULAR,beetle,甲虫
CREATURE:CASTE:PLURAL,beetles,甲虫
CREATURE:CASTE:ADJECTIVE,beetle,甲虫
CREATURE:SINGULAR,beetle man,甲虫人
CREATURE:PLURAL,beetle men,甲虫人
CREATURE:ADJECTIVE,beetle man,甲虫人
CREATURE:CASTE:SINGULAR,beetle woman,女甲虫人
CREATURE:CASTE:SINGULAR,beetle man,男甲虫人
CREATURE:CASTE:PLURAL,beetle women,女甲虫人
CREATURE:CASTE:PLURAL,beetle men,男甲虫人
CREATURE:CASTE:ADJECTIVE,beetle woman,女甲虫人
CREATURE:CASTE:ADJECTIVE,beetle man,男甲虫人
CREATURE:SINGULAR,giant beetle,巨型甲虫
CREATURE:PLURAL,giant beetles,巨型甲虫
CREATURE:ADJECTIVE,giant beetle,巨型甲虫
CREATURE:CASTE:SINGULAR,giant beetle,巨型甲虫
CREATURE:CASTE:PLURAL,giant beetles,巨型甲虫
CREATURE:CASTE:ADJECTIVE,giant beetle,巨型甲虫
CREATURE:SINGULAR,ant,蚂蚁
CREATURE:PLURAL,ants,蚂蚁
CREATURE:ADJECTIVE,ant,蚂蚁
CREATURE:CASTE:SINGULAR,worker ant,蚂蚁工蚁
CREATURE:CASTE:SINGULAR,soldier ant,蚂蚁兵蚁
CREATURE:CASTE:SINGULAR,drone ant,蚂蚁蚁王
CREATURE:CASTE:SINGULAR,queen ant,蚂蚁蚁后
CREATURE:CASTE:PLURAL,worker ants,蚂蚁工蚁
CREATURE:CASTE:PLURAL,soldier ants,蚂蚁兵蚁
CREATURE:CASTE:PLURAL,drone ants,蚂蚁蚁王
CREATURE:CASTE:PLURAL,queen ants,蚂蚁蚁后
CREATURE:CASTE:ADJECTIVE,worker ant,蚂蚁工蚁
CREATURE:CASTE:ADJECTIVE,soldier ant,蚂蚁兵蚁
CREATURE:CASTE:ADJECTIVE,drone ant,蚂蚁蚁王
CREATURE:CASTE:ADJECTIVE,queen ant,蚂蚁蚁后
CREATURE:SINGULAR,monarch butterfly,帝王蝶
CREATURE:PLURAL,monarch butterflies,帝王蝶
CREATURE:ADJECTIVE,monarch butterfly,帝王蝶
CREATURE:CASTE:SINGULAR,monarch butterfly,帝王蝶
CREATURE:CASTE:PLURAL,monarch butterflies,帝王蝶
CREATURE:CASTE:ADJECTIVE,monarch butterfly,帝王蝶
CREATURE:SINGULAR,monarch butterfly man,帝王蝶人
CREATURE:PLURAL,monarch butterfly men,帝王蝶人
CREATURE:ADJECTIVE,monarch butterfly man,帝王蝶人
CREATURE:CASTE:SINGULAR,monarch butterfly woman,女帝王蝶人
CREATURE:CASTE:SINGULAR,monarch butterfly man,男帝王蝶人
CREATURE:CASTE:PLURAL,monarch butterfly women,女帝王蝶人
CREATURE:CASTE:PLURAL,monarch butterfly men,男帝王蝶人
CREATURE:CASTE:ADJECTIVE,monarch butterfly woman,女帝王蝶人
CREATURE:CASTE:ADJECTIVE,monarch butterfly man,男帝王蝶人
CREATURE:SINGULAR,giant monarch butterfly,巨型帝王蝶
CREATURE:PLURAL,giant monarch butterflies,巨型帝王蝶
CREATURE:ADJECTIVE,giant monarch butterfly,巨型帝王蝶
CREATURE:CASTE:SINGULAR,giant monarch butterfly,巨型帝王蝶
CREATURE:CASTE:PLURAL,giant monarch butterflies,巨型帝王蝶
CREATURE:CASTE:ADJECTIVE,giant monarch butterfly,巨型帝王蝶
CREATURE:SINGULAR,firefly,萤火虫
CREATURE:PLURAL,fireflies,萤火虫
CREATURE:ADJECTIVE,firefly,萤火虫
CREATURE:CASTE:SINGULAR,firefly,萤火虫
CREATURE:CASTE:PLURAL,fireflies,萤火虫
CREATURE:CASTE:ADJECTIVE,firefly,萤火虫
CREATURE:SINGULAR,firefly man,萤火虫人
CREATURE:PLURAL,firefly men,萤火虫人
CREATURE:ADJECTIVE,firefly man,萤火虫人
CREATURE:CASTE:SINGULAR,firefly woman,女萤火虫人
CREATURE:CASTE:SINGULAR,firefly man,男萤火虫人
CREATURE:CASTE:PLURAL,firefly women,女萤火虫人
CREATURE:CASTE:PLURAL,firefly men,男萤火虫人
CREATURE:CASTE:ADJECTIVE,firefly woman,女萤火虫人
CREATURE:CASTE:ADJECTIVE,firefly man,男萤火虫人
CREATURE:SINGULAR,giant firefly,巨型萤火虫
CREATURE:PLURAL,giant fireflies,巨型萤火虫
CREATURE:ADJECTIVE,giant firefly,巨型萤火虫
CREATURE:CASTE:SINGULAR,giant firefly,巨型萤火虫
CREATURE:CASTE:PLURAL,giant fireflies,巨型萤火虫
CREATURE:CASTE:ADJECTIVE,giant firefly,巨型萤火虫
CREATURE:SINGULAR,dragonfly,蜻蜓
CREATURE:PLURAL,dragonflies,蜻蜓
CREATURE:ADJECTIVE,dragonfly,蜻蜓
CREATURE:CASTE:SINGULAR,dragonfly,蜻蜓
CREATURE:CASTE:PLURAL,dragonflies,蜻蜓
CREATURE:CASTE:ADJECTIVE,dragonfly,蜻蜓
CREATURE:SINGULAR,dragonfly man,蜻蜓人
CREATURE:PLURAL,dragonfly men,蜻蜓人
CREATURE:ADJECTIVE,dragonfly man,蜻蜓人
CREATURE:CASTE:SINGULAR,dragonfly woman,女蜻蜓人
CREATURE:CASTE:SINGULAR,dragonfly man,男蜻蜓人
CREATURE:CASTE:PLURAL,dragonfly women,女蜻蜓人
CREATURE:CASTE:PLURAL,dragonfly men,男蜻蜓人
CREATURE:CASTE:ADJECTIVE,dragonfly woman,女蜻蜓人
CREATURE:CASTE:ADJECTIVE,dragonfly man,男蜻蜓人
CREATURE:SINGULAR,giant dragonfly,巨型蜻蜓
CREATURE:PLURAL,giant dragonflies,巨型蜻蜓
CREATURE:ADJECTIVE,giant dragonfly,巨型蜻蜓
CREATURE:CASTE:SINGULAR,giant dragonfly,巨型蜻蜓
CREATURE:CASTE:PLURAL,giant dragonflies,巨型蜻蜓
CREATURE:CASTE:ADJECTIVE,giant dragonfly,巨型蜻蜓
CREATURE:SINGULAR,honey bee,蜜蜂
CREATURE:PLURAL,honey bees,蜜蜂
CREATURE:ADJECTIVE,honey bee,蜜蜂
CREATURE:CASTE:SINGULAR,honey bee worker,蜜蜂工蜂
CREATURE:CASTE:SINGULAR,honey bee drone,蜜蜂雄蜂
CREATURE:CASTE:SINGULAR,honey bee queen,蜜蜂蜂后
CREATURE:CASTE:PLURAL,honey bee workers,蜜蜂工蜂
CREATURE:CASTE:PLURAL,honey bee drones,蜜蜂雄蜂
CREATURE:CASTE:PLURAL,honey bee queens,蜜蜂蜂后
CREATURE:CASTE:ADJECTIVE,honey bee worker,蜜蜂工蜂
CREATURE:CASTE:ADJECTIVE,honey bee drone,蜜蜂雄蜂
CREATURE:CASTE:ADJECTIVE,honey bee queen,蜜蜂蜂后
CREATURE:SINGULAR,bumblebee,大黄蜂
CREATURE:PLURAL,bumblebees,大黄蜂
CREATURE:ADJECTIVE,bumblebee,大黄蜂
CREATURE:CASTE:SINGULAR,bumblebee worker,大黄蜂工蜂
CREATURE:CASTE:SINGULAR,bumblebee drone,大黄蜂雄蜂
CREATURE:CASTE:SINGULAR,bumblebee queen,大黄蜂蜂后
CREATURE:CASTE:PLURAL,bumblebee workers,大黄蜂工蜂
CREATURE:CASTE:PLURAL,bumblebee drones,大黄蜂雄蜂
CREATURE:CASTE:PLURAL,bumblebee queens,大黄蜂蜂后
CREATURE:CASTE:ADJECTIVE,bumblebee worker,大黄蜂工蜂
CREATURE:CASTE:ADJECTIVE,bumblebee drone,大黄蜂雄蜂
CREATURE:CASTE:ADJECTIVE,bumblebee queen,大黄蜂蜂后
CREATURE:SINGULAR,mountain goat,山羊
CREATURE:PLURAL,mountain goats,山羊
CREATURE:ADJECTIVE,mountain goat,山羊
CREATURE:CASTE:SINGULAR,mountain goat,山羊
CREATURE:CASTE:PLURAL,mountain goats,山羊
CREATURE:CASTE:ADJECTIVE,mountain goat,山羊
CREATURE:SINGULAR,mountain goat man,山羊人
CREATURE:PLURAL,mountain goat men,山羊人
CREATURE:ADJECTIVE,mountain goat man,山羊人
CREATURE:CASTE:SINGULAR,mountain goat woman,女山羊人
CREATURE:CASTE:SINGULAR,mountain goat man,男山羊人
CREATURE:CASTE:PLURAL,mountain goat women,女山羊人
CREATURE:CASTE:PLURAL,mountain goat men,男山羊人
CREATURE:CASTE:ADJECTIVE,mountain goat woman,女山羊人
CREATURE:CASTE:ADJECTIVE,mountain goat man,男山羊人
CREATURE:SINGULAR,giant mountain goat,巨型山羊
CREATURE:PLURAL,giant mountain goats,巨型山羊
CREATURE:ADJECTIVE,giant mountain goat,巨型山羊
CREATURE:CASTE:SINGULAR,giant mountain goat,巨型山羊
CREATURE:CASTE:PLURAL,giant mountain goats,巨型山羊
CREATURE:CASTE:ADJECTIVE,giant mountain goat,巨型山羊
CREATURE:SINGULAR,hoary marmot,花白旱獭
CREATURE:PLURAL,hoary marmots,花白旱獭
CREATURE:ADJECTIVE,hoary marmot,花白旱獭
CREATURE:CASTE:SINGULAR,hoary marmot,花白旱獭
CREATURE:CASTE:PLURAL,hoary marmots,花白旱獭
CREATURE:CASTE:ADJECTIVE,hoary marmot,花白旱獭
CREATURE:SINGULAR,hoary marmot man,花白旱獭人
CREATURE:PLURAL,hoary marmot men,花白旱獭人
CREATURE:ADJECTIVE,hoary marmot man,花白旱獭人
CREATURE:CASTE:SINGULAR,hoary marmot woman,女花白旱獭人
CREATURE:CASTE:SINGULAR,hoary marmot man,男花白旱獭人
CREATURE:CASTE:PLURAL,hoary marmot women,女花白旱獭人
CREATURE:CASTE:PLURAL,hoary marmot men,男花白旱獭人
CREATURE:CASTE:ADJECTIVE,hoary marmot woman,女花白旱獭人
CREATURE:CASTE:ADJECTIVE,hoary marmot man,男花白旱獭人
CREATURE:SINGULAR,giant hoary marmot,巨型花白旱獭
CREATURE:PLURAL,giant hoary marmots,巨型花白旱獭
CREATURE:ADJECTIVE,giant hoary marmot,巨型花白旱獭
CREATURE:CASTE:SINGULAR,giant hoary marmot,巨型花白旱獭
CREATURE:CASTE:PLURAL,giant hoary marmots,巨型花白旱獭
CREATURE:CASTE:ADJECTIVE,giant hoary marmot,巨型花白旱獭
CREATURE:SINGULAR,mountain gnome,山岭地精
CREATURE:PLURAL,mountain gnomes,山岭地精
CREATURE:ADJECTIVE,mountain gnome,山岭地精
CREATURE:CASTE:SINGULAR,mountain gnome,山岭地精
CREATURE:CASTE:PLURAL,mountain gnomes,山岭地精
CREATURE:CASTE:ADJECTIVE,mountain gnome,山岭地精
CREATURE:SINGULAR,dark gnome,黑暗地精
CREATURE:PLURAL,dark gnomes,黑暗地精
CREATURE:ADJECTIVE,dark gnome,黑暗地精
CREATURE:CASTE:SINGULAR,dark gnome,黑暗地精
CREATURE:CASTE:PLURAL,dark gnomes,黑暗地精
CREATURE:CASTE:ADJECTIVE,dark gnome,黑暗地精
CREATURE:SINGULAR,walrus,海象
CREATURE:PLURAL,walruses,海象
CREATURE:ADJECTIVE,walrus,海象
CREATURE:CASTE:SINGULAR,walrus,海象
CREATURE:CASTE:PLURAL,walruses,海象
CREATURE:CASTE:ADJECTIVE,walrus,海象
CREATURE:SINGULAR,walrus man,海象人
CREATURE:PLURAL,walrus men,海象人
CREATURE:ADJECTIVE,walrus man,海象人
CREATURE:CASTE:SINGULAR,walrus woman,女海象人
CREATURE:CASTE:SINGULAR,walrus man,男海象人
CREATURE:CASTE:PLURAL,walrus women,女海象人
CREATURE:CASTE:PLURAL,walrus men,男海象人
CREATURE:CASTE:ADJECTIVE,walrus woman,女海象人
CREATURE:CASTE:ADJECTIVE,walrus man,男海象人
CREATURE:SINGULAR,giant walrus,巨型海象
CREATURE:PLURAL,giant walruss,巨型海象
CREATURE:ADJECTIVE,giant walrus,巨型海象
CREATURE:CASTE:SINGULAR,giant walrus,巨型海象
CREATURE:CASTE:PLURAL,giant walruss,巨型海象
CREATURE:CASTE:ADJECTIVE,giant walrus,巨型海象
CREATURE:SINGULAR,sea lamprey,海七鳃鳗
CREATURE:PLURAL,sea lampreys,海七鳃鳗
CREATURE:ADJECTIVE,sea lamprey,海七鳃鳗
CREATURE:CASTE:SINGULAR,sea lamprey,海七鳃鳗
CREATURE:CASTE:PLURAL,sea lampreys,海七鳃鳗
CREATURE:CASTE:ADJECTIVE,sea lamprey,海七鳃鳗
CREATURE:SINGULAR,great white shark,大白鲨
CREATURE:PLURAL,great white sharks,大白鲨
CREATURE:ADJECTIVE,great white shark,大白鲨
CREATURE:CASTE:SINGULAR,great white shark,大白鲨
CREATURE:CASTE:PLURAL,great white sharks,大白鲨
CREATURE:CASTE:ADJECTIVE,great white shark,大白鲨
CREATURE:SINGULAR,frill shark,皱鳃鲨
CREATURE:PLURAL,frill sharks,皱鳃鲨
CREATURE:ADJECTIVE,frill shark,皱鳃鲨
CREATURE:CASTE:SINGULAR,frill shark,皱鳃鲨
CREATURE:CASTE:PLURAL,frill sharks,皱鳃鲨
CREATURE:CASTE:ADJECTIVE,frill shark,皱鳃鲨
CREATURE:SINGULAR,spiny dogfish,白斑角鲨
CREATURE:PLURAL,spiny dogfish,白斑角鲨
CREATURE:ADJECTIVE,spiny dogfish,白斑角鲨
CREATURE:CASTE:SINGULAR,spiny dogfish,白斑角鲨
CREATURE:CASTE:PLURAL,spiny dogfish,白斑角鲨
CREATURE:CASTE:ADJECTIVE,spiny dogfish,白斑角鲨
CREATURE:SINGULAR,spotted wobbegong,斑纹须鲨
CREATURE:PLURAL,spotted wobbegongs,斑纹须鲨
CREATURE:ADJECTIVE,spotted wobbegong,斑纹须鲨
CREATURE:CASTE:SINGULAR,spotted wobbegong,斑纹须鲨
CREATURE:CASTE:PLURAL,spotted wobbegongs,斑纹须鲨
CREATURE:CASTE:ADJECTIVE,spotted wobbegong,斑纹须鲨
CREATURE:SINGULAR,whale shark,鲸鲨
CREATURE:PLURAL,whale sharks,鲸鲨
CREATURE:ADJECTIVE,whale shark,鲸鲨
CREATURE:CASTE:SINGULAR,whale shark,鲸鲨
CREATURE:CASTE:PLURAL,whale sharks,鲸鲨
CREATURE:CASTE:ADJECTIVE,whale shark,鲸鲨
CREATURE:SINGULAR,basking shark,姥鲨
CREATURE:PLURAL,basking sharks,姥鲨
CREATURE:ADJECTIVE,basking shark,姥鲨
CREATURE:CASTE:SINGULAR,basking shark,姥鲨
CREATURE:CASTE:PLURAL,basking sharks,姥鲨
CREATURE:CASTE:ADJECTIVE,basking shark,姥鲨
CREATURE:SINGULAR,nurse shark,铰口鲨
CREATURE:PLURAL,nurse sharks,铰口鲨
CREATURE:ADJECTIVE,nurse shark,铰口鲨
CREATURE:CASTE:SINGULAR,nurse shark,铰口鲨
CREATURE:CASTE:PLURAL,nurse sharks,铰口鲨
CREATURE:CASTE:ADJECTIVE,nurse shark,铰口鲨
CREATURE:SINGULAR,shortfin mako shark,短鳍鲭鲨
CREATURE:PLURAL,shortfin mako sharks,短鳍鲭鲨
CREATURE:ADJECTIVE,shortfin mako shark,短鳍鲭鲨
CREATURE:CASTE:SINGULAR,shortfin mako shark,短鳍鲭鲨
CREATURE:CASTE:PLURAL,shortfin mako sharks,短鳍鲭鲨
CREATURE:CASTE:ADJECTIVE,shortfin mako shark,短鳍鲭鲨
CREATURE:SINGULAR,longfin mako shark,长鳍鲭鲨
CREATURE:PLURAL,longfin mako sharks,长鳍鲭鲨
CREATURE:ADJECTIVE,longfin mako shark,长鳍鲭鲨
CREATURE:CASTE:SINGULAR,longfin mako shark,长鳍鲭鲨
CREATURE:CASTE:PLURAL,longfin mako sharks,长鳍鲭鲨
CREATURE:CASTE:ADJECTIVE,longfin mako shark,长鳍鲭鲨
CREATURE:SINGULAR,tiger shark,虎鲨
CREATURE:PLURAL,tiger sharks,虎鲨
CREATURE:ADJECTIVE,tiger shark,虎鲨
CREATURE:CASTE:SINGULAR,tiger shark,虎鲨
CREATURE:CASTE:PLURAL,tiger sharks,虎鲨
CREATURE:CASTE:ADJECTIVE,tiger shark,虎鲨
CREATURE:SINGULAR,bull shark,牛鲨
CREATURE:PLURAL,bull sharks,牛鲨
CREATURE:ADJECTIVE,bull shark,牛鲨
CREATURE:CASTE:SINGULAR,bull shark,牛鲨
CREATURE:CASTE:PLURAL,bull sharks,牛鲨
CREATURE:CASTE:ADJECTIVE,bull shark,牛鲨
CREATURE:SINGULAR,blacktip reef shark,黑鳍礁鲨
CREATURE:PLURAL,blacktip reef sharks,黑鳍礁鲨
CREATURE:ADJECTIVE,blacktip reef shark,黑鳍礁鲨
CREATURE:CASTE:SINGULAR,blacktip reef shark,黑鳍礁鲨
CREATURE:CASTE:PLURAL,blacktip reef sharks,黑鳍礁鲨
CREATURE:CASTE:ADJECTIVE,blacktip reef shark,黑鳍礁鲨
CREATURE:SINGULAR,whitetip reef shark,白鳍礁鲨
CREATURE:PLURAL,whitetip reef sharks,白鳍礁鲨
CREATURE:ADJECTIVE,whitetip reef shark,白鳍礁鲨
CREATURE:CASTE:SINGULAR,whitetip reef shark,白鳍礁鲨
CREATURE:CASTE:PLURAL,whitetip reef sharks,白鳍礁鲨
CREATURE:CASTE:ADJECTIVE,whitetip reef shark,白鳍礁鲨
CREATURE:SINGULAR,blue shark,大青鲨
CREATURE:PLURAL,blue sharks,大青鲨
CREATURE:ADJECTIVE,blue shark,大青鲨
CREATURE:CASTE:SINGULAR,blue shark,白鳍礁鲨
CREATURE:CASTE:PLURAL,blue sharks,白鳍礁鲨
CREATURE:CASTE:ADJECTIVE,blue shark,白鳍礁鲨
CREATURE:SINGULAR,hammerhead shark,锤头鲨
CREATURE:PLURAL,hammerhead sharks,锤头鲨
CREATURE:ADJECTIVE,hammerhead shark,锤头鲨
CREATURE:CASTE:SINGULAR,hammerhead shark,白鳍礁鲨
CREATURE:CASTE:PLURAL,hammerhead sharks,白鳍礁鲨
CREATURE:CASTE:ADJECTIVE,hammerhead shark,白鳍礁鲨
CREATURE:SINGULAR,angelshark,扁鲨
CREATURE:PLURAL,angelsharks,扁鲨
CREATURE:ADJECTIVE,angelshark,扁鲨
CREATURE:CASTE:SINGULAR,angelshark,白鳍礁鲨
CREATURE:CASTE:PLURAL,angelsharks,白鳍礁鲨
CREATURE:CASTE:ADJECTIVE,angelshark,白鳍礁鲨
CREATURE:SINGULAR,common skate,鳐鱼
CREATURE:PLURAL,common skates,鳐鱼
CREATURE:ADJECTIVE,common skate,鳐鱼
CREATURE:CASTE:SINGULAR,common skate,鳐鱼
CREATURE:CASTE:PLURAL,common skates,鳐鱼
CREATURE:CASTE:ADJECTIVE,common skate,鳐鱼
CREATURE:SINGULAR,manta ray,蝠鲼
CREATURE:PLURAL,manta rays,蝠鲼
CREATURE:ADJECTIVE,manta ray,蝠鲼
CREATURE:CASTE:SINGULAR,manta ray,蝠鲼
CREATURE:CASTE:PLURAL,manta rays,蝠鲼
CREATURE:CASTE:ADJECTIVE,manta ray,蝠鲼
CREATURE:SINGULAR,stingray,刺魟
CREATURE:PLURAL,stingrays,刺魟
CREATURE:ADJECTIVE,stingray,刺魟
CREATURE:CASTE:SINGULAR,stingray,刺魟
CREATURE:CASTE:PLURAL,stingrays,刺魟
CREATURE:CASTE:ADJECTIVE,stingray,刺魟
CREATURE:SINGULAR,coelacanth,腔棘鱼
CREATURE:PLURAL,coelacanths,腔棘鱼
CREATURE:ADJECTIVE,coelacanth,腔棘鱼
CREATURE:CASTE:SINGULAR,coelacanth,腔棘鱼
CREATURE:CASTE:PLURAL,coelacanths,腔棘鱼
CREATURE:CASTE:ADJECTIVE,coelacanth,腔棘鱼
CREATURE:SINGULAR,sturgeon,鲟鱼
CREATURE:PLURAL,sturgeons,鲟鱼
CREATURE:ADJECTIVE,sturgeon,鲟鱼
CREATURE:CASTE:SINGULAR,sturgeon,鲟鱼
CREATURE:CASTE:PLURAL,sturgeons,鲟鱼
CREATURE:CASTE:ADJECTIVE,sturgeon,鲟鱼
CREATURE:SINGULAR,conger eel,康吉鳗
CREATURE:PLURAL,conger eels,康吉鳗
CREATURE:ADJECTIVE,conger eel,康吉鳗
CREATURE:CASTE:SINGULAR,conger eel,康吉鳗
CREATURE:CASTE:PLURAL,conger eels,康吉鳗
CREATURE:CASTE:ADJECTIVE,conger eel,康吉鳗
CREATURE:SINGULAR,milkfish,遮目鱼
CREATURE:PLURAL,milkfish,遮目鱼
CREATURE:ADJECTIVE,milkfish,遮目鱼
CREATURE:CASTE:SINGULAR,milkfish,遮目鱼
CREATURE:CASTE:PLURAL,milkfish,遮目鱼
CREATURE:CASTE:ADJECTIVE,milkfish,遮目鱼
CREATURE:SINGULAR,cod,鳕鱼
CREATURE:PLURAL,cod,鳕鱼
CREATURE:ADJECTIVE,cod,鳕鱼
CREATURE:CASTE:SINGULAR,cod,鳕鱼
CREATURE:CASTE:PLURAL,cod,鳕鱼
CREATURE:CASTE:ADJECTIVE,cod,鳕鱼
CREATURE:SINGULAR,opah,圆月鱼
CREATURE:PLURAL,opah,圆月鱼
CREATURE:ADJECTIVE,opah,圆月鱼
CREATURE:CASTE:SINGULAR,opah,圆月鱼
CREATURE:CASTE:PLURAL,opah,圆月鱼
CREATURE:CASTE:ADJECTIVE,opah,圆月鱼
CREATURE:SINGULAR,giant grouper,巨型石斑鱼
CREATURE:PLURAL,giant groupers,巨型石斑鱼
CREATURE:ADJECTIVE,giant grouper,巨型石斑鱼
CREATURE:CASTE:SINGULAR,giant grouper,巨型石斑鱼
CREATURE:CASTE:PLURAL,giant groupers,巨型石斑鱼
CREATURE:CASTE:ADJECTIVE,giant grouper,巨型石斑鱼
CREATURE:SINGULAR,bluefish,扁鲹
CREATURE:PLURAL,bluefish,扁鲹
CREATURE:ADJECTIVE,bluefish,扁鲹
CREATURE:CASTE:SINGULAR,bluefish,扁鲹
CREATURE:CASTE:PLURAL,bluefish,扁鲹
CREATURE:CASTE:ADJECTIVE,bluefish,扁鲹
CREATURE:SINGULAR,ocean sunfish,翻车鲀
CREATURE:PLURAL,ocean sunfish,翻车鲀
CREATURE:ADJECTIVE,ocean sunfish,翻车鲀
CREATURE:CASTE:SINGULAR,ocean sunfish,翻车鲀
CREATURE:CASTE:PLURAL,ocean sunfish,翻车鲀
CREATURE:CASTE:ADJECTIVE,ocean sunfish,翻车鲀
CREATURE:SINGULAR,swordfish,剑鱼
CREATURE:PLURAL,swordfish,剑鱼
CREATURE:ADJECTIVE,swordfish,剑鱼
CREATURE:CASTE:SINGULAR,swordfish,剑鱼
CREATURE:CASTE:PLURAL,swordfish,剑鱼
CREATURE:CASTE:ADJECTIVE,swordfish,剑鱼
CREATURE:SINGULAR,marlin,枪鱼
CREATURE:PLURAL,marlins,枪鱼
CREATURE:ADJECTIVE,marlin,枪鱼
CREATURE:CASTE:SINGULAR,marlin,枪鱼
CREATURE:CASTE:PLURAL,marlins,枪鱼
CREATURE:CASTE:ADJECTIVE,marlin,枪鱼
CREATURE:SINGULAR,halibut,大比目鱼
CREATURE:PLURAL,halibut,大比目鱼
CREATURE:ADJECTIVE,halibut,大比目鱼
CREATURE:CASTE:SINGULAR,halibut,大比目鱼
CREATURE:CASTE:PLURAL,halibut,大比目鱼
CREATURE:CASTE:ADJECTIVE,halibut,大比目鱼
CREATURE:SINGULAR,great barracuda,大梭鱼
CREATURE:PLURAL,great barracudas,大梭鱼
CREATURE:ADJECTIVE,great barracuda,大梭鱼
CREATURE:CASTE:SINGULAR,great barracuda,大梭鱼
CREATURE:CASTE:PLURAL,great barracudas,大梭鱼
CREATURE:CASTE:ADJECTIVE,great barracuda,大梭鱼
CREATURE:SINGULAR,bluefin tuna,蓝鳍金枪鱼
CREATURE:PLURAL,bluefin tuna,蓝鳍金枪鱼
CREATURE:ADJECTIVE,bluefin tuna,蓝鳍金枪鱼
CREATURE:CASTE:SINGULAR,bluefin tuna,蓝鳍金枪鱼
CREATURE:CASTE:PLURAL,bluefin tuna,蓝鳍金枪鱼
CREATURE:CASTE:ADJECTIVE,bluefin tuna,蓝鳍金枪鱼
CREATURE:SINGULAR,narwhal,独角鲸
CREATURE:PLURAL,narwhals,独角鲸
CREATURE:ADJECTIVE,narwhal,独角鲸
CREATURE:CASTE:SINGULAR,narwhal,独角鲸
CREATURE:CASTE:PLURAL,narwhals,独角鲸
CREATURE:CASTE:ADJECTIVE,narwhal,独角鲸
CREATURE:SINGULAR,narwhal man,独角鲸人
CREATURE:PLURAL,narwhal men,独角鲸人
CREATURE:ADJECTIVE,narwhal man,独角鲸人
CREATURE:CASTE:SINGULAR,narwhal woman,女独角鲸人
CREATURE:CASTE:SINGULAR,narwhal man,男独角鲸人
CREATURE:CASTE:PLURAL,narwhal women,女独角鲸人
CREATURE:CASTE:PLURAL,narwhal men,男独角鲸人
CREATURE:CASTE:ADJECTIVE,narwhal woman,女独角鲸人
CREATURE:CASTE:ADJECTIVE,narwhal man,男独角鲸人
CREATURE:SINGULAR,giant narwhal,巨型独角鲸
CREATURE:PLURAL,giant narwhals,巨型独角鲸
CREATURE:ADJECTIVE,giant narwhal,巨型独角鲸
CREATURE:CASTE:SINGULAR,giant narwhal,巨型独角鲸
CREATURE:CASTE:PLURAL,giant narwhals,巨型独角鲸
CREATURE:CASTE:ADJECTIVE,giant narwhal,巨型独角鲸
CREATURE:SINGULAR,hippo,河马
CREATURE:PLURAL,hippos,河马
CREATURE:ADJECTIVE,hippo,河马
CREATURE:CASTE:SINGULAR,hippo,河马
CREATURE:CASTE:PLURAL,hippos,河马
CREATURE:CASTE:ADJECTIVE,hippo,河马
CREATURE:SINGULAR,hippo man,河马人
CREATURE:PLURAL,hippo men,河马人
CREATURE:ADJECTIVE,hippo man,河马人
CREATURE:CASTE:SINGULAR,hippo woman,女河马人
CREATURE:CASTE:SINGULAR,hippo man,男河马人
CREATURE:CASTE:PLURAL,hippo women,女河马人
CREATURE:CASTE:PLURAL,hippo men,男河马人
CREATURE:CASTE:ADJECTIVE,hippo woman,女河马人
CREATURE:CASTE:ADJECTIVE,hippo man,男河马人
CREATURE:SINGULAR,giant hippo,巨型河马
CREATURE:PLURAL,giant hippos,巨型河马
CREATURE:ADJECTIVE,giant hippo,巨型河马
CREATURE:CASTE:SINGULAR,giant hippo,巨型河马
CREATURE:CASTE:PLURAL,giant hippos,巨型河马
CREATURE:CASTE:ADJECTIVE,giant hippo,巨型河马
CREATURE:SINGULAR,longnose gar,长鼻雀鳝
CREATURE:PLURAL,longnose gars,长鼻雀鳝
CREATURE:ADJECTIVE,longnose gar,长鼻雀鳝
CREATURE:CASTE:SINGULAR,longnose gar,长鼻雀鳝
CREATURE:CASTE:PLURAL,longnose gars,长鼻雀鳝
CREATURE:CASTE:ADJECTIVE,longnose gar,长鼻雀鳝
CREATURE:SINGULAR,carp,鲤鱼
CREATURE:PLURAL,carp,鲤鱼
CREATURE:ADJECTIVE,carp,鲤鱼
CREATURE:CASTE:SINGULAR,carp,鲤鱼
CREATURE:CASTE:PLURAL,carp,鲤鱼
CREATURE:CASTE:ADJECTIVE,carp,鲤鱼
CREATURE:SINGULAR,tigerfish,虎鱼
CREATURE:PLURAL,tigerfish,虎鱼
CREATURE:ADJECTIVE,tigerfish,虎鱼
CREATURE:CASTE:SINGULAR,tigerfish,虎鱼
CREATURE:CASTE:PLURAL,tigerfish,虎鱼
CREATURE:CASTE:ADJECTIVE,tigerfish,虎鱼
CREATURE:SINGULAR,pike,海狼鱼
CREATURE:PLURAL,pike,海狼鱼
CREATURE:ADJECTIVE,pike,海狼鱼
CREATURE:CASTE:SINGULAR,pike,海狼鱼
CREATURE:CASTE:PLURAL,pike,海狼鱼
CREATURE:CASTE:ADJECTIVE,pike,海狼鱼
CREATURE:SINGULAR,platypus,鸭嘴兽
CREATURE:PLURAL,platypuses,鸭嘴兽
CREATURE:ADJECTIVE,platypus,鸭嘴兽
CREATURE:CASTE:SINGULAR,platypus,鸭嘴兽
CREATURE:CASTE:PLURAL,platypuses,鸭嘴兽
CREATURE:CASTE:ADJECTIVE,platypus,鸭嘴兽
CREATURE:SINGULAR,platypus man,鸭嘴兽人
CREATURE:PLURAL,platypus men,鸭嘴兽人
CREATURE:ADJECTIVE,platypus man,鸭嘴兽人
CREATURE:CASTE:SINGULAR,platypus woman,女鸭嘴兽人
CREATURE:CASTE:SINGULAR,platypus man,男鸭嘴兽人
CREATURE:CASTE:PLURAL,platypus women,女鸭嘴兽人
CREATURE:CASTE:PLURAL,platypus men,男鸭嘴兽人
CREATURE:CASTE:ADJECTIVE,platypus woman,女鸭嘴兽人
CREATURE:CASTE:ADJECTIVE,platypus man,男鸭嘴兽人
CREATURE:SINGULAR,giant platypus,巨型鸭嘴兽
CREATURE:PLURAL,giant platypuses,巨型鸭嘴兽
CREATURE:ADJECTIVE,giant platypus,巨型鸭嘴兽
CREATURE:CASTE:SINGULAR,giant platypus,巨型鸭嘴兽
CREATURE:CASTE:PLURAL,giant platypuses,巨型鸭嘴兽
CREATURE:CASTE:ADJECTIVE,giant platypus,巨型鸭嘴兽
CREATURE:SINGULAR,grizzly bear,灰熊
CREATURE:PLURAL,grizzly bears,灰熊
CREATURE:ADJECTIVE,grizzly bear,灰熊
CREATURE:CASTE:SINGULAR,grizzly bear,灰熊
CREATURE:CASTE:PLURAL,grizzly bears,灰熊
CREATURE:CASTE:ADJECTIVE,grizzly bear,灰熊
CREATURE:SINGULAR,grizzly bear man,灰熊人
CREATURE:PLURAL,grizzly bear men,灰熊人
CREATURE:ADJECTIVE,grizzly bear man,灰熊人
CREATURE:CASTE:SINGULAR,grizzly bear woman,女灰熊人
CREATURE:CASTE:SINGULAR,grizzly bear man,男灰熊人
CREATURE:CASTE:PLURAL,grizzly bear women,女灰熊人
CREATURE:CASTE:PLURAL,grizzly bear men,男灰熊人
CREATURE:CASTE:ADJECTIVE,grizzly bear woman,女灰熊人
CREATURE:CASTE:ADJECTIVE,grizzly bear man,男灰熊人
CREATURE:SINGULAR,giant grizzly bear,巨型灰熊
CREATURE:PLURAL,giant grizzly bears,巨型灰熊
CREATURE:ADJECTIVE,giant grizzly bear,巨型灰熊
CREATURE:CASTE:SINGULAR,giant grizzly bear,巨型灰熊
CREATURE:CASTE:PLURAL,giant grizzly bears,巨型灰熊
CREATURE:CASTE:ADJECTIVE,giant grizzly bear,巨型灰熊
CREATURE:SINGULAR,black bear,黑熊
CREATURE:PLURAL,black bears,黑熊
CREATURE:ADJECTIVE,black bear,黑熊
CREATURE:CASTE:SINGULAR,black bear,黑熊
CREATURE:CASTE:PLURAL,black bears,黑熊
CREATURE:CASTE:ADJECTIVE,black bear,黑熊
CREATURE:SINGULAR,black bear man,黑熊人
CREATURE:PLURAL,black bear men,黑熊人
CREATURE:ADJECTIVE,black bear man,黑熊人
CREATURE:CASTE:SINGULAR,black bear woman,女黑熊人
CREATURE:CASTE:SINGULAR,black bear man,男黑熊人
CREATURE:CASTE:PLURAL,black bear women,女黑熊人
CREATURE:CASTE:PLURAL,black bear men,男黑熊人
CREATURE:CASTE:ADJECTIVE,black bear woman,女黑熊人
CREATURE:CASTE:ADJECTIVE,black bear man,男黑熊人
CREATURE:SINGULAR,giant black bear,巨型黑熊
CREATURE:PLURAL,giant black bears,巨型黑熊
CREATURE:ADJECTIVE,giant black bear,巨型黑熊
CREATURE:CASTE:SINGULAR,giant black bear,巨型黑熊
CREATURE:CASTE:PLURAL,giant black bears,巨型黑熊
CREATURE:CASTE:ADJECTIVE,giant black bear,巨型黑熊
CREATURE:SINGULAR,deer,鹿
CREATURE:PLURAL,deer,鹿
CREATURE:ADJECTIVE,deer,鹿
CREATURE:CASTE:SINGULAR,deer,鹿
CREATURE:CASTE:PLURAL,deer,鹿
CREATURE:CASTE:ADJECTIVE,deer,鹿
CREATURE:SINGULAR,deer man,鹿人
CREATURE:PLURAL,deer men,鹿人
CREATURE:ADJECTIVE,deer man,鹿人
CREATURE:CASTE:SINGULAR,deer woman,女鹿人
CREATURE:CASTE:SINGULAR,deer man,男鹿人
CREATURE:CASTE:PLURAL,deer women,女鹿人
CREATURE:CASTE:PLURAL,deer men,男鹿人
CREATURE:CASTE:ADJECTIVE,deer woman,女鹿人
CREATURE:CASTE:ADJECTIVE,deer man,男鹿人
CREATURE:SINGULAR,giant deer,巨型鹿
CREATURE:PLURAL,giant deer,巨型鹿
CREATURE:ADJECTIVE,giant deer,巨型鹿
CREATURE:CASTE:SINGULAR,giant deer,巨型鹿
CREATURE:CASTE:PLURAL,giant deer,巨型鹿
CREATURE:CASTE:ADJECTIVE,giant deer,巨型鹿
CREATURE:SINGULAR,fox,狐狸
CREATURE:PLURAL,foxes,狐狸
CREATURE:ADJECTIVE,fox,狐狸
CREATURE:CASTE:SINGULAR,fox,狐狸
CREATURE:CASTE:PLURAL,foxes,狐狸
CREATURE:CASTE:ADJECTIVE,fox,狐狸
CREATURE:SINGULAR,fox man,狐狸人
CREATURE:PLURAL,fox men,狐狸人
CREATURE:ADJECTIVE,fox man,狐狸人
CREATURE:CASTE:SINGULAR,fox woman,女狐狸人
CREATURE:CASTE:SINGULAR,fox man,男狐狸人
CREATURE:CASTE:PLURAL,fox women,女狐狸人
CREATURE:CASTE:PLURAL,fox men,男狐狸人
CREATURE:CASTE:ADJECTIVE,fox woman,女狐狸人
CREATURE:CASTE:ADJECTIVE,fox man,男狐狸人
CREATURE:SINGULAR,giant fox,巨型狐狸
CREATURE:PLURAL,giant foxes,巨型狐狸
CREATURE:ADJECTIVE,giant fox,巨型狐狸
CREATURE:CASTE:SINGULAR,giant fox,巨型狐狸
CREATURE:CASTE:PLURAL,giant foxes,巨型狐狸
CREATURE:CASTE:ADJECTIVE,giant fox,巨型狐狸
CREATURE:SINGULAR,raccoon,浣熊
CREATURE:PLURAL,raccoons,浣熊
CREATURE:ADJECTIVE,raccoon,浣熊
CREATURE:CASTE:SINGULAR,raccoon,浣熊
CREATURE:CASTE:PLURAL,raccoons,浣熊
CREATURE:CASTE:ADJECTIVE,raccoon,浣熊
CREATURE:SINGULAR,raccoon man,浣熊人
CREATURE:PLURAL,raccoon men,浣熊人
CREATURE:ADJECTIVE,raccoon man,浣熊人
CREATURE:CASTE:SINGULAR,raccoon woman,女浣熊人
CREATURE:CASTE:SINGULAR,raccoon man,男浣熊人
CREATURE:CASTE:PLURAL,raccoon women,女浣熊人
CREATURE:CASTE:PLURAL,raccoon men,男浣熊人
CREATURE:CASTE:ADJECTIVE,raccoon woman,女浣熊人
CREATURE:CASTE:ADJECTIVE,raccoon man,男浣熊人
CREATURE:SINGULAR,giant raccoon,巨型浣熊
CREATURE:PLURAL,giant raccoons,巨型浣熊
CREATURE:ADJECTIVE,giant raccoon,巨型浣熊
CREATURE:CASTE:SINGULAR,giant raccoon,巨型浣熊
CREATURE:CASTE:PLURAL,giant raccoons,巨型浣熊
CREATURE:CASTE:ADJECTIVE,giant raccoon,巨型浣熊
CREATURE:SINGULAR,rhesus macaque,猕猴
CREATURE:PLURAL,rhesus macaques,猕猴
CREATURE:ADJECTIVE,rhesus macaque,猕猴
CREATURE:CASTE:SINGULAR,rhesus macaque,猕猴
CREATURE:CASTE:PLURAL,rhesus macaques,猕猴
CREATURE:CASTE:ADJECTIVE,rhesus macaque,猕猴
CREATURE:SINGULAR,rhesus macaque man,猕猴人
CREATURE:PLURAL,rhesus macaque men,猕猴人
CREATURE:ADJECTIVE,rhesus macaque man,猕猴人
CREATURE:CASTE:SINGULAR,rhesus macaque woman,女猕猴人
CREATURE:CASTE:SINGULAR,rhesus macaque man,男猕猴人
CREATURE:CASTE:PLURAL,rhesus macaque women,女猕猴人
CREATURE:CASTE:PLURAL,rhesus macaque men,男猕猴人
CREATURE:CASTE:ADJECTIVE,rhesus macaque woman,女猕猴人
CREATURE:CASTE:ADJECTIVE,rhesus macaque man,男猕猴人
CREATURE:SINGULAR,giant rhesus macaque,巨型猕猴
CREATURE:PLURAL,giant rhesus macaques,巨型猕猴
CREATURE:ADJECTIVE,giant rhesus macaque,巨型猕猴
CREATURE:CASTE:SINGULAR,giant rhesus macaque,巨型猕猴
CREATURE:CASTE:PLURAL,giant rhesus macaques,巨型猕猴
CREATURE:CASTE:ADJECTIVE,giant rhesus macaque,巨型猕猴
CREATURE:SINGULAR,cougar,美洲狮
CREATURE:PLURAL,cougars,美洲狮
CREATURE:ADJECTIVE,cougar,美洲狮
CREATURE:CASTE:SINGULAR,cougar,美洲狮
CREATURE:CASTE:PLURAL,cougars,美洲狮
CREATURE:CASTE:ADJECTIVE,cougar,美洲狮
CREATURE:SINGULAR,cougar man,美洲狮人
CREATURE:PLURAL,cougar men,美洲狮人
CREATURE:ADJECTIVE,cougar man,美洲狮人
CREATURE:CASTE:SINGULAR,cougar woman,女美洲狮人
CREATURE:CASTE:SINGULAR,cougar man,男美洲狮人
CREATURE:CASTE:PLURAL,cougar women,女美洲狮人
CREATURE:CASTE:PLURAL,cougar men,男美洲狮人
CREATURE:CASTE:ADJECTIVE,cougar woman,女美洲狮人
CREATURE:CASTE:ADJECTIVE,cougar man,男美洲狮人
CREATURE:SINGULAR,giant cougar,巨型美洲狮
CREATURE:PLURAL,giant cougars,巨型美洲狮
CREATURE:ADJECTIVE,giant cougar,巨型美洲狮
CREATURE:CASTE:SINGULAR,giant cougar,巨型美洲狮
CREATURE:CASTE:PLURAL,giant cougars,巨型美洲狮
CREATURE:CASTE:ADJECTIVE,giant cougar,巨型美洲狮
CREATURE:SINGULAR,wolf,狼
CREATURE:PLURAL,wolves,狼
CREATURE:ADJECTIVE,wolf,狼
CREATURE:CASTE:SINGULAR,wolf,狼
CREATURE:CASTE:PLURAL,wolves,狼
CREATURE:CASTE:ADJECTIVE,wolf,狼
CREATURE:SINGULAR,wolf man,狼人
CREATURE:PLURAL,wolf men,狼人
CREATURE:ADJECTIVE,wolf man,狼人
CREATURE:CASTE:SINGULAR,wolf woman,女狼人
CREATURE:CASTE:SINGULAR,wolf man,男狼人
CREATURE:CASTE:PLURAL,wolf women,女狼人
CREATURE:CASTE:PLURAL,wolf men,男狼人
CREATURE:CASTE:ADJECTIVE,wolf woman,女狼人
CREATURE:CASTE:ADJECTIVE,wolf man,男狼人
CREATURE:SINGULAR,giant wolf,巨型狼
CREATURE:PLURAL,giant wolves,巨型狼
CREATURE:ADJECTIVE,giant wolf,巨型狼
CREATURE:CASTE:SINGULAR,giant wolf,巨型狼
CREATURE:CASTE:PLURAL,giant wolves,巨型狼
CREATURE:CASTE:ADJECTIVE,giant wolf,巨型狼
CREATURE:SINGULAR,groundhog,土拨鼠
CREATURE:PLURAL,groundhogs,土拨鼠
CREATURE:ADJECTIVE,groundhog,土拨鼠
CREATURE:CASTE:SINGULAR,groundhog,土拨鼠
CREATURE:CASTE:PLURAL,groundhogs,土拨鼠
CREATURE:CASTE:ADJECTIVE,groundhog,土拨鼠
CREATURE:SINGULAR,groundhog man,土拨鼠人
CREATURE:PLURAL,groundhog men,土拨鼠人
CREATURE:ADJECTIVE,groundhog man,土拨鼠人
CREATURE:CASTE:SINGULAR,groundhog woman,女土拨鼠人
CREATURE:CASTE:SINGULAR,groundhog man,男土拨鼠人
CREATURE:CASTE:PLURAL,groundhog women,女土拨鼠人
CREATURE:CASTE:PLURAL,groundhog men,男土拨鼠人
CREATURE:CASTE:ADJECTIVE,groundhog woman,女土拨鼠人
CREATURE:CASTE:ADJECTIVE,groundhog man,男土拨鼠人
CREATURE:SINGULAR,giant groundhog,巨型土拨鼠
CREATURE:PLURAL,giant groundhogs,巨型土拨鼠
CREATURE:ADJECTIVE,giant groundhog,巨型土拨鼠
CREATURE:CASTE:SINGULAR,giant groundhog,巨型土拨鼠
CREATURE:CASTE:PLURAL,giant groundhogs,巨型土拨鼠
CREATURE:CASTE:ADJECTIVE,giant groundhog,巨型土拨鼠
CREATURE:SINGULAR,alligator,短吻鳄
CREATURE:PLURAL,alligators,短吻鳄
CREATURE:ADJECTIVE,alligator,短吻鳄
CREATURE:CASTE:SINGULAR,alligator,短吻鳄
CREATURE:CASTE:PLURAL,alligators,短吻鳄
CREATURE:CASTE:ADJECTIVE,alligator,短吻鳄
CREATURE:SINGULAR,alligator man,短吻鳄人
CREATURE:PLURAL,alligator men,短吻鳄人
CREATURE:ADJECTIVE,alligator man,短吻鳄人
CREATURE:CASTE:SINGULAR,alligator woman,女短吻鳄人
CREATURE:CASTE:SINGULAR,alligator man,男短吻鳄人
CREATURE:CASTE:PLURAL,alligator women,女短吻鳄人
CREATURE:CASTE:PLURAL,alligator men,男短吻鳄人
CREATURE:CASTE:ADJECTIVE,alligator woman,女短吻鳄人
CREATURE:CASTE:ADJECTIVE,alligator man,男短吻鳄人
CREATURE:SINGULAR,giant alligator,巨型短吻鳄
CREATURE:PLURAL,giant alligators,巨型短吻鳄
CREATURE:ADJECTIVE,giant alligator,巨型短吻鳄
CREATURE:CASTE:SINGULAR,giant alligator,巨型短吻鳄
CREATURE:CASTE:PLURAL,giant alligators,巨型短吻鳄
CREATURE:CASTE:ADJECTIVE,giant alligator,巨型短吻鳄
CREATURE:SINGULAR,buzzard,秃鹰
CREATURE:PLURAL,buzzards,秃鹰
CREATURE:ADJECTIVE,buzzard,秃鹰
CREATURE:CASTE:SINGULAR,buzzard,秃鹰
CREATURE:CASTE:PLURAL,buzzards,秃鹰
CREATURE:CASTE:ADJECTIVE,buzzard,秃鹰
CREATURE:SINGULAR,buzzard man,秃鹰人
CREATURE:PLURAL,buzzard men,秃鹰人
CREATURE:ADJECTIVE,buzzard man,秃鹰人
CREATURE:CASTE:SINGULAR,buzzard woman,女秃鹰人
CREATURE:CASTE:SINGULAR,buzzard man,男秃鹰人
CREATURE:CASTE:PLURAL,buzzard women,女秃鹰人
CREATURE:CASTE:PLURAL,buzzard men,男秃鹰人
CREATURE:CASTE:ADJECTIVE,buzzard woman,女秃鹰人
CREATURE:CASTE:ADJECTIVE,buzzard man,男秃鹰人
CREATURE:SINGULAR,giant buzzard,巨型秃鹰
CREATURE:PLURAL,giant buzzards,巨型秃鹰
CREATURE:ADJECTIVE,giant buzzard,巨型秃鹰
CREATURE:CASTE:SINGULAR,giant buzzard,巨型秃鹰
CREATURE:CASTE:PLURAL,giant buzzards,巨型秃鹰
CREATURE:CASTE:ADJECTIVE,giant buzzard,巨型秃鹰
CREATURE:SINGULAR,panda,熊猫
CREATURE:PLURAL,pandas,熊猫
CREATURE:ADJECTIVE,panda,熊猫
CREATURE:CASTE:SINGULAR,panda,熊猫
CREATURE:CASTE:PLURAL,pandas,熊猫
CREATURE:CASTE:ADJECTIVE,panda,熊猫
CREATURE:SINGULAR,gigantic panda,超巨型熊猫
CREATURE:PLURAL,gigantic pandas,超巨型熊猫
CREATURE:ADJECTIVE,gigantic panda,超巨型熊猫
CREATURE:CASTE:SINGULAR,gigantic panda,超巨型熊猫
CREATURE:CASTE:PLURAL,gigantic pandas,超巨型熊猫
CREATURE:CASTE:ADJECTIVE,gigantic panda,超巨型熊猫
CREATURE:SINGULAR,panda man,熊猫人
CREATURE:PLURAL,panda men,熊猫人
CREATURE:ADJECTIVE,panda man,熊猫人
CREATURE:CASTE:SINGULAR,panda woman,女熊猫人
CREATURE:CASTE:SINGULAR,panda man,男熊猫人
CREATURE:CASTE:PLURAL,panda women,女熊猫人
CREATURE:CASTE:PLURAL,panda men,男熊猫人
CREATURE:CASTE:ADJECTIVE,panda woman,女熊猫人
CREATURE:CASTE:ADJECTIVE,panda man,男熊猫人
CREATURE:SINGULAR,capybara,水豚
CREATURE:PLURAL,capybaras,水豚
CREATURE:ADJECTIVE,capybara,水豚
CREATURE:CASTE:SINGULAR,capybara,水豚
CREATURE:CASTE:PLURAL,capybaras,水豚
CREATURE:CASTE:ADJECTIVE,capybara,水豚
CREATURE:SINGULAR,giant capybara,巨型水豚
CREATURE:PLURAL,giant capybaras,巨型水豚
CREATURE:ADJECTIVE,giant capybara,巨型水豚
CREATURE:CASTE:SINGULAR,giant capybara,巨型水豚
CREATURE:CASTE:PLURAL,giant capybaras,巨型水豚
CREATURE:CASTE:ADJECTIVE,giant capybara,巨型水豚
CREATURE:SINGULAR,capybara man,水豚人
CREATURE:PLURAL,capybara men,水豚人
CREATURE:ADJECTIVE,capybara man,水豚人
CREATURE:CASTE:SINGULAR,capybara woman,女水豚人
CREATURE:CASTE:SINGULAR,capybara man,男水豚人
CREATURE:CASTE:PLURAL,capybara women,女水豚人
CREATURE:CASTE:PLURAL,capybara men,男水豚人
CREATURE:CASTE:ADJECTIVE,capybara woman,女水豚人
CREATURE:CASTE:ADJECTIVE,capybara man,男水豚人
CREATURE:SINGULAR,badger,鼬獾
CREATURE:PLURAL,badgers,鼬獾
CREATURE:ADJECTIVE,badger,鼬獾
CREATURE:CASTE:SINGULAR,badger sow,雌鼬獾
CREATURE:CASTE:SINGULAR,badger boar,雄鼬獾
CREATURE:CASTE:PLURAL,badger sows,雌鼬獾
CREATURE:CASTE:PLURAL,badger boars,雄鼬獾
CREATURE:CASTE:ADJECTIVE,badger sow,雌鼬獾
CREATURE:CASTE:ADJECTIVE,badger boar,雄鼬獾
CREATURE:SINGULAR,badger man,鼬獾人
CREATURE:PLURAL,badger men,鼬獾人
CREATURE:ADJECTIVE,badger man,鼬獾人
CREATURE:CASTE:SINGULAR,badger woman,女鼬獾人
CREATURE:CASTE:SINGULAR,badger man,男鼬獾人
CREATURE:CASTE:PLURAL,badger women,女鼬獾人
CREATURE:CASTE:PLURAL,badger men,男鼬獾人
CREATURE:CASTE:ADJECTIVE,badger woman,女鼬獾人
CREATURE:CASTE:ADJECTIVE,badger man,男鼬獾人
CREATURE:SINGULAR,giant badger,巨型鼬獾
CREATURE:PLURAL,giant badgers,巨型鼬獾
CREATURE:ADJECTIVE,giant badger,巨型鼬獾
CREATURE:CASTE:SINGULAR,giant badger sow,巨型雌鼬獾
CREATURE:CASTE:SINGULAR,giant badger boar,巨型雄鼬獾
CREATURE:CASTE:PLURAL,giant badger sows,巨型雌鼬獾
CREATURE:CASTE:PLURAL,giant badger boars,巨型雄鼬獾
CREATURE:CASTE:ADJECTIVE,giant badger sow,巨型雌鼬獾
CREATURE:CASTE:ADJECTIVE,giant badger boar,巨型雄鼬獾
CREATURE:SINGULAR,moose,驼鹿
CREATURE:PLURAL,moose,驼鹿
CREATURE:ADJECTIVE,moose,驼鹿
CREATURE:CASTE:SINGULAR,cow moose,雌驼鹿
CREATURE:CASTE:SINGULAR,bull moose,雄驼鹿
CREATURE:CASTE:PLURAL,cow moose,雌驼鹿
CREATURE:CASTE:PLURAL,bull moose,雄驼鹿
CREATURE:CASTE:ADJECTIVE,cow moose,雌驼鹿
CREATURE:CASTE:ADJECTIVE,bull moose,雄驼鹿
CREATURE:SINGULAR,moose man,驼鹿人
CREATURE:PLURAL,moose men,驼鹿人
CREATURE:ADJECTIVE,moose man,驼鹿人
CREATURE:CASTE:SINGULAR,moose woman,女驼鹿人
CREATURE:CASTE:SINGULAR,moose man,男驼鹿人
CREATURE:CASTE:PLURAL,moose women,女驼鹿人
CREATURE:CASTE:PLURAL,moose men,男驼鹿人
CREATURE:CASTE:ADJECTIVE,moose woman,女驼鹿人
CREATURE:CASTE:ADJECTIVE,moose man,男驼鹿人
CREATURE:SINGULAR,giant moose,巨型驼鹿
CREATURE:PLURAL,giant moose,巨型驼鹿
CREATURE:ADJECTIVE,giant moose,巨型驼鹿
CREATURE:CASTE:SINGULAR,giant moose cow,巨型雌驼鹿
CREATURE:CASTE:SINGULAR,giant moose bull,巨型雄驼鹿
CREATURE:CASTE:PLURAL,giant moose cows,巨型雌驼鹿
CREATURE:CASTE:PLURAL,giant moose bulls,巨型雄驼鹿
CREATURE:CASTE:ADJECTIVE,giant moose cow,巨型雌驼鹿
CREATURE:CASTE:ADJECTIVE,giant moose bull,巨型雄驼鹿
CREATURE:SINGULAR,red panda,红熊猫
CREATURE:PLURAL,red pandas,红熊猫
CREATURE:ADJECTIVE,red panda,红熊猫
CREATURE:CASTE:SINGULAR,red panda sow,雌红熊猫
CREATURE:CASTE:SINGULAR,red panda boar,雄红熊猫
CREATURE:CASTE:PLURAL,red panda sows,雌红熊猫
CREATURE:CASTE:PLURAL,red panda boars,雄红熊猫
CREATURE:CASTE:ADJECTIVE,red panda sow,雌红熊猫
CREATURE:CASTE:ADJECTIVE,red panda boar,雄红熊猫
CREATURE:SINGULAR,red panda man,红熊猫人
CREATURE:PLURAL,red panda men,红熊猫人
CREATURE:ADJECTIVE,red panda man,红熊猫人
CREATURE:CASTE:SINGULAR,red panda woman,女红熊猫人
CREATURE:CASTE:SINGULAR,red panda man,男红熊猫人
CREATURE:CASTE:PLURAL,red panda women,女红熊猫人
CREATURE:CASTE:PLURAL,red panda men,男红熊猫人
CREATURE:CASTE:ADJECTIVE,red panda woman,女红熊猫人
CREATURE:CASTE:ADJECTIVE,red panda man,男红熊猫人
CREATURE:SINGULAR,giant red panda,巨型红熊猫
CREATURE:PLURAL,giant red pandas,巨型红熊猫
CREATURE:ADJECTIVE,giant red panda,巨型红熊猫
CREATURE:CASTE:SINGULAR,giant red panda sow,巨型雌红熊猫
CREATURE:CASTE:SINGULAR,giant red panda boar,巨型雄红熊猫
CREATURE:CASTE:PLURAL,giant red panda sows,巨型雌红熊猫
CREATURE:CASTE:PLURAL,giant red panda boars,巨型雄红熊猫
CREATURE:CASTE:ADJECTIVE,giant red panda sow,巨型雌红熊猫
CREATURE:CASTE:ADJECTIVE,giant red panda boar,巨型雄红熊猫
CREATURE:SINGULAR,elephant,大象
CREATURE:PLURAL,elephants,大象
CREATURE:ADJECTIVE,elephant,大象
CREATURE:CASTE:SINGULAR,elephant,大象
CREATURE:CASTE:PLURAL,elephants,大象
CREATURE:CASTE:ADJECTIVE,elephant,大象
CREATURE:SINGULAR,elephant man,大象人
CREATURE:PLURAL,elephant men,大象人
CREATURE:ADJECTIVE,elephant man,大象人
CREATURE:CASTE:SINGULAR,elephant woman,女大象人
CREATURE:CASTE:SINGULAR,elephant man,男大象人
CREATURE:CASTE:PLURAL,elephant women,女大象人
CREATURE:CASTE:PLURAL,elephant men,男大象人
CREATURE:CASTE:ADJECTIVE,elephant woman,女大象人
CREATURE:CASTE:ADJECTIVE,elephant man,男大象人
CREATURE:SINGULAR,giant elephant,巨型大象
CREATURE:PLURAL,giant elephants,巨型大象
CREATURE:ADJECTIVE,giant elephant,巨型大象
CREATURE:CASTE:SINGULAR,giant elephant,巨型大象
CREATURE:CASTE:PLURAL,giant elephants,巨型大象
CREATURE:CASTE:ADJECTIVE,giant elephant,巨型大象
CREATURE:SINGULAR,warthog,疣猪
CREATURE:PLURAL,warthogs,疣猪
CREATURE:ADJECTIVE,warthog,疣猪
CREATURE:CASTE:SINGULAR,warthog,疣猪
CREATURE:CASTE:PLURAL,warthogs,疣猪
CREATURE:CASTE:ADJECTIVE,warthog,疣猪
CREATURE:SINGULAR,warthog man,疣猪人
CREATURE:PLURAL,warthog men,疣猪人
CREATURE:ADJECTIVE,warthog man,疣猪人
CREATURE:CASTE:SINGULAR,warthog woman,女疣猪人
CREATURE:CASTE:SINGULAR,warthog man,男疣猪人
CREATURE:CASTE:PLURAL,warthog women,女疣猪人
CREATURE:CASTE:PLURAL,warthog men,男疣猪人
CREATURE:CASTE:ADJECTIVE,warthog woman,女疣猪人
CREATURE:CASTE:ADJECTIVE,warthog man,男疣猪人
CREATURE:SINGULAR,giant warthog,巨型疣猪
CREATURE:PLURAL,giant warthogs,巨型疣猪
CREATURE:ADJECTIVE,giant warthog,巨型疣猪
CREATURE:CASTE:SINGULAR,giant warthog,巨型疣猪
CREATURE:CASTE:PLURAL,giant warthogs,巨型疣猪
CREATURE:CASTE:ADJECTIVE,giant warthog,巨型疣猪
CREATURE:SINGULAR,lion,狮子
CREATURE:PLURAL,lions,狮子
CREATURE:ADJECTIVE,lion,狮子
CREATURE:CASTE:SINGULAR,lion,狮子
CREATURE:CASTE:PLURAL,lions,狮子
CREATURE:CASTE:ADJECTIVE,lion,狮子
CREATURE:SINGULAR,lion man,狮子人
CREATURE:PLURAL,lion men,狮子人
CREATURE:ADJECTIVE,lion man,狮子人
CREATURE:CASTE:SINGULAR,lion woman,女狮子人
CREATURE:CASTE:SINGULAR,lion man,男狮子人
CREATURE:CASTE:PLURAL,lion women,女狮子人
CREATURE:CASTE:PLURAL,lion men,男狮子人
CREATURE:CASTE:ADJECTIVE,lion woman,女狮子人
CREATURE:CASTE:ADJECTIVE,lion man,男狮子人
CREATURE:SINGULAR,giant lion,巨型狮子
CREATURE:PLURAL,giant lions,巨型狮子
CREATURE:ADJECTIVE,giant lion,巨型狮子
CREATURE:CASTE:SINGULAR,giant lion,巨型狮子
CREATURE:CASTE:PLURAL,giant lions,巨型狮子
CREATURE:CASTE:ADJECTIVE,giant lion,巨型狮子
CREATURE:SINGULAR,leopard,花豹
CREATURE:PLURAL,leopards,花豹
CREATURE:ADJECTIVE,leopard,花豹
CREATURE:CASTE:SINGULAR,leopard,花豹
CREATURE:CASTE:PLURAL,leopards,花豹
CREATURE:CASTE:ADJECTIVE,leopard,花豹
CREATURE:SINGULAR,leopard man,花豹人
CREATURE:PLURAL,leopard men,花豹人
CREATURE:ADJECTIVE,leopard man,花豹人
CREATURE:CASTE:SINGULAR,leopard woman,女花豹人
CREATURE:CASTE:SINGULAR,leopard man,男花豹人
CREATURE:CASTE:PLURAL,leopard women,女花豹人
CREATURE:CASTE:PLURAL,leopard men,男花豹人
CREATURE:CASTE:ADJECTIVE,leopard woman,女花豹人
CREATURE:CASTE:ADJECTIVE,leopard man,男花豹人
CREATURE:SINGULAR,giant leopard,巨型花豹
CREATURE:PLURAL,giant leopards,巨型花豹
CREATURE:ADJECTIVE,giant leopard,巨型花豹
CREATURE:CASTE:SINGULAR,giant leopard,巨型花豹
CREATURE:CASTE:PLURAL,giant leopards,巨型花豹
CREATURE:CASTE:ADJECTIVE,giant leopard,巨型花豹
CREATURE:SINGULAR,jaguar,美洲豹
CREATURE:PLURAL,jaguars,美洲豹
CREATURE:ADJECTIVE,jaguar,美洲豹
CREATURE:CASTE:SINGULAR,jaguar,美洲豹
CREATURE:CASTE:PLURAL,jaguars,美洲豹
CREATURE:CASTE:ADJECTIVE,jaguar,美洲豹
CREATURE:SINGULAR,jaguar man,美洲豹人
CREATURE:PLURAL,jaguar men,美洲豹人
CREATURE:ADJECTIVE,jaguar man,美洲豹人
CREATURE:CASTE:SINGULAR,jaguar woman,女美洲豹人
CREATURE:CASTE:SINGULAR,jaguar man,男美洲豹人
CREATURE:CASTE:PLURAL,jaguar women,女美洲豹人
CREATURE:CASTE:PLURAL,jaguar men,男美洲豹人
CREATURE:CASTE:ADJECTIVE,jaguar woman,女美洲豹人
CREATURE:CASTE:ADJECTIVE,jaguar man,男美洲豹人
CREATURE:SINGULAR,giant jaguar,巨型美洲豹
CREATURE:PLURAL,giant jaguars,巨型美洲豹
CREATURE:ADJECTIVE,giant jaguar,巨型美洲豹
CREATURE:CASTE:SINGULAR,giant jaguar,巨型美洲豹
CREATURE:CASTE:PLURAL,giant jaguars,巨型美洲豹
CREATURE:CASTE:ADJECTIVE,giant jaguar,巨型美洲豹
CREATURE:SINGULAR,tiger,虎
CREATURE:PLURAL,tigers,虎
CREATURE:ADJECTIVE,tiger,虎
CREATURE:CASTE:SINGULAR,tiger,虎
CREATURE:CASTE:PLURAL,tigers,虎
CREATURE:CASTE:ADJECTIVE,tiger,虎
CREATURE:SINGULAR,tiger man,虎人
CREATURE:PLURAL,tiger men,虎人
CREATURE:ADJECTIVE,tiger man,虎人
CREATURE:CASTE:SINGULAR,tiger woman,女虎人
CREATURE:CASTE:SINGULAR,tiger man,男虎人
CREATURE:CASTE:PLURAL,tiger women,女虎人
CREATURE:CASTE:PLURAL,tiger men,男虎人
CREATURE:CASTE:ADJECTIVE,tiger woman,女虎人
CREATURE:CASTE:ADJECTIVE,tiger man,男虎人
CREATURE:SINGULAR,giant tiger,巨型虎
CREATURE:PLURAL,giant tigers,巨型虎
CREATURE:ADJECTIVE,giant tiger,巨型虎
CREATURE:CASTE:SINGULAR,giant tiger,巨型虎
CREATURE:CASTE:PLURAL,giant tigers,巨型虎
CREATURE:CASTE:ADJECTIVE,giant tiger,巨型虎
CREATURE:SINGULAR,cheetah,猎豹
CREATURE:PLURAL,cheetahs,猎豹
CREATURE:ADJECTIVE,cheetah,猎豹
CREATURE:CASTE:SINGULAR,cheetah,猎豹
CREATURE:CASTE:PLURAL,cheetahs,猎豹
CREATURE:CASTE:ADJECTIVE,cheetah,猎豹
CREATURE:SINGULAR,cheetah man,猎豹人
CREATURE:PLURAL,cheetah men,猎豹人
CREATURE:ADJECTIVE,cheetah man,猎豹人
CREATURE:CASTE:SINGULAR,cheetah woman,女猎豹人
CREATURE:CASTE:SINGULAR,cheetah man,男猎豹人
CREATURE:CASTE:PLURAL,cheetah women,女猎豹人
CREATURE:CASTE:PLURAL,cheetah men,男猎豹人
CREATURE:CASTE:ADJECTIVE,cheetah woman,女猎豹人
CREATURE:CASTE:ADJECTIVE,cheetah man,男猎豹人
CREATURE:SINGULAR,giant cheetah,巨型猎豹
CREATURE:PLURAL,giant cheetahs,巨型猎豹
CREATURE:ADJECTIVE,giant cheetah,巨型猎豹
CREATURE:CASTE:SINGULAR,giant cheetah,巨型猎豹
CREATURE:CASTE:PLURAL,giant cheetahs,巨型猎豹
CREATURE:CASTE:ADJECTIVE,giant cheetah,巨型猎豹
CREATURE:SINGULAR,gazelle,瞪羚
CREATURE:PLURAL,gazelles,瞪羚
CREATURE:ADJECTIVE,gazelle,瞪羚
CREATURE:CASTE:SINGULAR,gazelle,瞪羚
CREATURE:CASTE:PLURAL,gazelles,瞪羚
CREATURE:CASTE:ADJECTIVE,gazelle,瞪羚
CREATURE:SINGULAR,gazelle man,瞪羚人
CREATURE:PLURAL,gazelle men,瞪羚人
CREATURE:ADJECTIVE,gazelle man,瞪羚人
CREATURE:CASTE:SINGULAR,gazelle woman,女瞪羚人
CREATURE:CASTE:SINGULAR,gazelle man,男瞪羚人
CREATURE:CASTE:PLURAL,gazelle women,女瞪羚人
CREATURE:CASTE:PLURAL,gazelle men,男瞪羚人
CREATURE:CASTE:ADJECTIVE,gazelle woman,女瞪羚人
CREATURE:CASTE:ADJECTIVE,gazelle man,男瞪羚人
CREATURE:SINGULAR,giant gazelle,巨型瞪羚
CREATURE:PLURAL,giant gazelles,巨型瞪羚
CREATURE:ADJECTIVE,giant gazelle,巨型瞪羚
CREATURE:CASTE:SINGULAR,giant gazelle,巨型瞪羚
CREATURE:CASTE:PLURAL,giant gazelles,巨型瞪羚
CREATURE:CASTE:ADJECTIVE,giant gazelle,巨型瞪羚
CREATURE:SINGULAR,mandrill,山魈
CREATURE:PLURAL,mandrills,山魈
CREATURE:ADJECTIVE,mandrill,山魈
CREATURE:CASTE:SINGULAR,mandrill,山魈
CREATURE:CASTE:PLURAL,mandrills,山魈
CREATURE:CASTE:ADJECTIVE,mandrill,山魈
CREATURE:SINGULAR,mandrill man,山魈人
CREATURE:PLURAL,mandrill men,山魈人
CREATURE:ADJECTIVE,mandrill man,山魈人
CREATURE:CASTE:SINGULAR,mandrill woman,女山魈人
CREATURE:CASTE:SINGULAR,mandrill man,男山魈人
CREATURE:CASTE:PLURAL,mandrill women,女山魈人
CREATURE:CASTE:PLURAL,mandrill men,男山魈人
CREATURE:CASTE:ADJECTIVE,mandrill woman,女山魈人
CREATURE:CASTE:ADJECTIVE,mandrill man,男山魈人
CREATURE:SINGULAR,giant mandrill,巨型山魈
CREATURE:PLURAL,giant mandrills,巨型山魈
CREATURE:ADJECTIVE,giant mandrill,巨型山魈
CREATURE:CASTE:SINGULAR,giant mandrill,巨型山魈
CREATURE:CASTE:PLURAL,giant mandrills,巨型山魈
CREATURE:CASTE:ADJECTIVE,giant mandrill,巨型山魈
CREATURE:SINGULAR,chimpanzee,黑猩猩
CREATURE:PLURAL,chimpanzees,黑猩猩
CREATURE:ADJECTIVE,chimpanzee,黑猩猩
CREATURE:CASTE:SINGULAR,chimpanzee,黑猩猩
CREATURE:CASTE:PLURAL,chimpanzees,黑猩猩
CREATURE:CASTE:ADJECTIVE,chimpanzee,黑猩猩
CREATURE:SINGULAR,bonobo,倭黑猩猩
CREATURE:PLURAL,bonobos,倭黑猩猩
CREATURE:ADJECTIVE,bonobo,倭黑猩猩
CREATURE:CASTE:SINGULAR,bonobo,倭黑猩猩
CREATURE:CASTE:PLURAL,bonobos,倭黑猩猩
CREATURE:CASTE:ADJECTIVE,bonobo,倭黑猩猩
CREATURE:SINGULAR,gorilla,大猩猩
CREATURE:PLURAL,gorillas,大猩猩
CREATURE:ADJECTIVE,gorilla,大猩猩
CREATURE:CASTE:SINGULAR,gorilla,大猩猩
CREATURE:CASTE:PLURAL,gorillas,大猩猩
CREATURE:CASTE:ADJECTIVE,gorilla,大猩猩
CREATURE:SINGULAR,orangutan,红毛猩猩
CREATURE:PLURAL,orangutans,红毛猩猩
CREATURE:ADJECTIVE,orangutan,红毛猩猩
CREATURE:CASTE:SINGULAR,orangutan,红毛猩猩
CREATURE:CASTE:PLURAL,orangutans,红毛猩猩
CREATURE:CASTE:ADJECTIVE,orangutan,红毛猩猩
CREATURE:SINGULAR,siamang,合趾猿
CREATURE:PLURAL,siamangs,合趾猿
CREATURE:ADJECTIVE,siamang,合趾猿
CREATURE:CASTE:SINGULAR,siamang,合趾猿
CREATURE:CASTE:PLURAL,siamangs,合趾猿
CREATURE:CASTE:ADJECTIVE,siamang,合趾猿
CREATURE:SINGULAR,white-handed gibbon,白掌长臂猿
CREATURE:PLURAL,white-handed gibbons,白掌长臂猿
CREATURE:ADJECTIVE,white-handed gibbon,白掌长臂猿
CREATURE:CASTE:SINGULAR,white-handed gibbon,白掌长臂猿
CREATURE:CASTE:PLURAL,white-handed gibbons,白掌长臂猿
CREATURE:CASTE:ADJECTIVE,white-handed gibbon,白掌长臂猿
CREATURE:SINGULAR,black-handed gibbon,黑掌长臂猿
CREATURE:PLURAL,black-handed gibbons,黑掌长臂猿
CREATURE:ADJECTIVE,black-handed gibbon,黑掌长臂猿
CREATURE:CASTE:SINGULAR,black-handed gibbon,黑掌长臂猿
CREATURE:CASTE:PLURAL,black-handed gibbons,黑掌长臂猿
CREATURE:CASTE:ADJECTIVE,black-handed gibbon,黑掌长臂猿
CREATURE:SINGULAR,gray gibbon,灰长臂猿
CREATURE:PLURAL,gray gibbons,灰长臂猿
CREATURE:ADJECTIVE,gray gibbon,灰长臂猿
CREATURE:CASTE:SINGULAR,gray gibbon,灰长臂猿
CREATURE:CASTE:PLURAL,gray gibbons,灰长臂猿
CREATURE:CASTE:ADJECTIVE,gray gibbon,灰长臂猿
CREATURE:SINGULAR,silvery gibbon,银白长臂猿
CREATURE:PLURAL,silvery gibbons,银白长臂猿
CREATURE:ADJECTIVE,silvery gibbon,银白长臂猿
CREATURE:CASTE:SINGULAR,silvery gibbon,银白长臂猿
CREATURE:CASTE:PLURAL,silvery gibbons,银白长臂猿
CREATURE:CASTE:ADJECTIVE,silvery gibbon,银白长臂猿
CREATURE:SINGULAR,pileated gibbon,羽冠长臂猿
CREATURE:PLURAL,pileated gibbons,羽冠长臂猿
CREATURE:ADJECTIVE,pileated gibbon,羽冠长臂猿
CREATURE:CASTE:SINGULAR,pileated gibbon,羽冠长臂猿
CREATURE:CASTE:PLURAL,pileated gibbons,羽冠长臂猿
CREATURE:CASTE:ADJECTIVE,pileated gibbon,羽冠长臂猿
CREATURE:SINGULAR,bilou,矮长臂猿
CREATURE:PLURAL,bilous,矮长臂猿
CREATURE:ADJECTIVE,bilou,矮长臂猿
CREATURE:CASTE:SINGULAR,bilou,矮长臂猿
CREATURE:CASTE:PLURAL,bilous,矮长臂猿
CREATURE:CASTE:ADJECTIVE,bilou,矮长臂猿
CREATURE:SINGULAR,white-browed gibbon,白眉长臂猿
CREATURE:PLURAL,white-browed gibbons,白眉长臂猿
CREATURE:ADJECTIVE,white-browed gibbon,白眉长臂猿
CREATURE:CASTE:SINGULAR,white-browed gibbon,白眉长臂猿
CREATURE:CASTE:PLURAL,white-browed gibbons,白眉长臂猿
CREATURE:CASTE:ADJECTIVE,white-browed gibbon,白眉长臂猿
CREATURE:SINGULAR,black-crested gibbon,黑冠长臂猿
CREATURE:PLURAL,black-crested gibbons,黑冠长臂猿
CREATURE:ADJECTIVE,black-crested gibbon,黑冠长臂猿
CREATURE:CASTE:SINGULAR,black-crested gibbon,黑冠长臂猿
CREATURE:CASTE:PLURAL,black-crested gibbons,黑冠长臂猿
CREATURE:CASTE:ADJECTIVE,black-crested gibbon,黑冠长臂猿
CREATURE:SINGULAR,one-humped camel,单峰骆驼
CREATURE:PLURAL,one-humped camels,单峰骆驼
CREATURE:ADJECTIVE,one-humped camel,单峰骆驼
CREATURE:CASTE:SINGULAR,one-humped camel,单峰骆驼
CREATURE:CASTE:PLURAL,one-humped camels,单峰骆驼
CREATURE:CASTE:ADJECTIVE,one-humped camel,单峰骆驼
CREATURE:SINGULAR,one-humped camel man,单峰骆驼人
CREATURE:PLURAL,one-humped camel men,单峰骆驼人
CREATURE:ADJECTIVE,one-humped camel man,单峰骆驼人
CREATURE:CASTE:SINGULAR,one-humped camel woman,女单峰骆驼人
CREATURE:CASTE:SINGULAR,one-humped camel man,男单峰骆驼人
CREATURE:CASTE:PLURAL,one-humped camel women,女单峰骆驼人
CREATURE:CASTE:PLURAL,one-humped camel men,男单峰骆驼人
CREATURE:CASTE:ADJECTIVE,one-humped camel woman,女单峰骆驼人
CREATURE:CASTE:ADJECTIVE,one-humped camel man,男单峰骆驼人
CREATURE:SINGULAR,giant one-humped camel,巨型单峰骆驼
CREATURE:PLURAL,giant one-humped camels,巨型单峰骆驼
CREATURE:ADJECTIVE,giant one-humped camel,巨型单峰骆驼
CREATURE:CASTE:SINGULAR,giant one-humped camel,巨型单峰骆驼
CREATURE:CASTE:PLURAL,giant one-humped camels,巨型单峰骆驼
CREATURE:CASTE:ADJECTIVE,giant one-humped camel,巨型单峰骆驼
CREATURE:SINGULAR,two-humped camel,双峰骆驼
CREATURE:PLURAL,two-humped camels,双峰骆驼
CREATURE:ADJECTIVE,two-humped camel,双峰骆驼
CREATURE:CASTE:SINGULAR,two-humped camel,双峰骆驼
CREATURE:CASTE:PLURAL,two-humped camels,双峰骆驼
CREATURE:CASTE:ADJECTIVE,two-humped camel,双峰骆驼
CREATURE:SINGULAR,two-humped camel man,双峰骆驼人
CREATURE:PLURAL,two-humped camel men,双峰骆驼人
CREATURE:ADJECTIVE,two-humped camel man,双峰骆驼人
CREATURE:CASTE:SINGULAR,two-humped camel woman,女双峰骆驼人
CREATURE:CASTE:SINGULAR,two-humped camel man,男双峰骆驼人
CREATURE:CASTE:PLURAL,two-humped camel women,女双峰骆驼人
CREATURE:CASTE:PLURAL,two-humped camel men,男双峰骆驼人
CREATURE:CASTE:ADJECTIVE,two-humped camel woman,女双峰骆驼人
CREATURE:CASTE:ADJECTIVE,two-humped camel man,男双峰骆驼人
CREATURE:SINGULAR,giant two-humped camel,巨型双峰骆驼
CREATURE:PLURAL,giant two-humped camels,巨型双峰骆驼
CREATURE:ADJECTIVE,giant two-humped camel,巨型双峰骆驼
CREATURE:CASTE:SINGULAR,giant two-humped camel,巨型双峰骆驼
CREATURE:CASTE:PLURAL,giant two-humped camels,巨型双峰骆驼
CREATURE:CASTE:ADJECTIVE,giant two-humped camel,巨型双峰骆驼
CREATURE:SINGULAR,saltwater crocodile,咸水鳄
CREATURE:PLURAL,saltwater crocodiles,咸水鳄
CREATURE:ADJECTIVE,saltwater crocodile,咸水鳄
CREATURE:CASTE:SINGULAR,saltwater crocodile,咸水鳄
CREATURE:CASTE:PLURAL,saltwater crocodiles,咸水鳄
CREATURE:CASTE:ADJECTIVE,saltwater crocodile,咸水鳄
CREATURE:SINGULAR,saltwater crocodile man,咸水鳄人
CREATURE:PLURAL,saltwater crocodile men,咸水鳄人
CREATURE:ADJECTIVE,saltwater crocodile man,咸水鳄人
CREATURE:CASTE:SINGULAR,saltwater crocodile woman,女咸水鳄人
CREATURE:CASTE:SINGULAR,saltwater crocodile man,男咸水鳄人
CREATURE:CASTE:PLURAL,saltwater crocodile women,女咸水鳄人
CREATURE:CASTE:PLURAL,saltwater crocodile men,男咸水鳄人
CREATURE:CASTE:ADJECTIVE,saltwater crocodile woman,女咸水鳄人
CREATURE:CASTE:ADJECTIVE,saltwater crocodile man,男咸水鳄人
CREATURE:SINGULAR,giant saltwater crocodile,巨型咸水鳄
CREATURE:PLURAL,giant saltwater crocodiles,巨型咸水鳄
CREATURE:ADJECTIVE,giant saltwater crocodile,巨型咸水鳄
CREATURE:CASTE:SINGULAR,giant saltwater crocodile,巨型咸水鳄
CREATURE:CASTE:PLURAL,giant saltwater crocodiles,巨型咸水鳄
CREATURE:CASTE:ADJECTIVE,giant saltwater crocodile,巨型咸水鳄
CREATURE:SINGULAR,vulture,秃鹫
CREATURE:PLURAL,vultures,秃鹫
CREATURE:ADJECTIVE,vulture,秃鹫
CREATURE:CASTE:SINGULAR,vulture,秃鹫
CREATURE:CASTE:PLURAL,vultures,秃鹫
CREATURE:CASTE:ADJECTIVE,vulture,秃鹫
CREATURE:SINGULAR,vulture man,秃鹫人
CREATURE:PLURAL,vulture men,秃鹫人
CREATURE:ADJECTIVE,vulture man,秃鹫人
CREATURE:CASTE:SINGULAR,vulture woman,女秃鹫人
CREATURE:CASTE:SINGULAR,vulture man,男秃鹫人
CREATURE:CASTE:PLURAL,vulture women,女秃鹫人
CREATURE:CASTE:PLURAL,vulture men,男秃鹫人
CREATURE:CASTE:ADJECTIVE,vulture woman,女秃鹫人
CREATURE:CASTE:ADJECTIVE,vulture man,男秃鹫人
CREATURE:SINGULAR,giant vulture,巨型秃鹫
CREATURE:PLURAL,giant vultures,巨型秃鹫
CREATURE:ADJECTIVE,giant vulture,巨型秃鹫
CREATURE:CASTE:SINGULAR,giant vulture,巨型秃鹫
CREATURE:CASTE:PLURAL,giant vultures,巨型秃鹫
CREATURE:CASTE:ADJECTIVE,giant vulture,巨型秃鹫
CREATURE:SINGULAR,rhinoceros,犀牛
CREATURE:PLURAL,rhinoceroses,犀牛
CREATURE:ADJECTIVE,rhinoceros,犀牛
CREATURE:CASTE:SINGULAR,rhinoceros,犀牛
CREATURE:CASTE:PLURAL,rhinoceroses,犀牛
CREATURE:CASTE:ADJECTIVE,rhinoceros,犀牛
CREATURE:SINGULAR,rhinoceros man,犀牛人
CREATURE:PLURAL,rhinoceros men,犀牛人
CREATURE:ADJECTIVE,rhinoceros man,犀牛人
CREATURE:CASTE:SINGULAR,rhinoceros woman,女犀牛人
CREATURE:CASTE:SINGULAR,rhinoceros man,男犀牛人
CREATURE:CASTE:PLURAL,rhinoceros women,女犀牛人
CREATURE:CASTE:PLURAL,rhinoceros men,男犀牛人
CREATURE:CASTE:ADJECTIVE,rhinoceros woman,女犀牛人
CREATURE:CASTE:ADJECTIVE,rhinoceros man,男犀牛人
CREATURE:SINGULAR,giant rhinoceros,巨型犀牛
CREATURE:PLURAL,giant rhinoceroses,巨型犀牛
CREATURE:ADJECTIVE,giant rhinoceros,巨型犀牛
CREATURE:CASTE:SINGULAR,giant rhinoceros,巨型犀牛
CREATURE:CASTE:PLURAL,giant rhinoceroses,巨型犀牛
CREATURE:CASTE:ADJECTIVE,giant rhinoceros,巨型犀牛
CREATURE:SINGULAR,giraffe,长颈鹿
CREATURE:PLURAL,giraffes,长颈鹿
CREATURE:ADJECTIVE,giraffe,长颈鹿
CREATURE:CASTE:SINGULAR,giraffe,长颈鹿
CREATURE:CASTE:PLURAL,giraffes,长颈鹿
CREATURE:CASTE:ADJECTIVE,giraffe,长颈鹿
CREATURE:SINGULAR,giraffe man,长颈鹿人
CREATURE:PLURAL,giraffe men,长颈鹿人
CREATURE:ADJECTIVE,giraffe man,长颈鹿人
CREATURE:CASTE:SINGULAR,giraffe woman,女长颈鹿人
CREATURE:CASTE:SINGULAR,giraffe man,男长颈鹿人
CREATURE:CASTE:PLURAL,giraffe women,女长颈鹿人
CREATURE:CASTE:PLURAL,giraffe men,男长颈鹿人
CREATURE:CASTE:ADJECTIVE,giraffe woman,女长颈鹿人
CREATURE:CASTE:ADJECTIVE,giraffe man,男长颈鹿人
CREATURE:SINGULAR,giant giraffe,巨型长颈鹿
CREATURE:PLURAL,giant giraffes,巨型长颈鹿
CREATURE:ADJECTIVE,giant giraffe,巨型长颈鹿
CREATURE:CASTE:SINGULAR,giant giraffe,巨型长颈鹿
CREATURE:CASTE:PLURAL,giant giraffes,巨型长颈鹿
CREATURE:CASTE:ADJECTIVE,giant giraffe,巨型长颈鹿
CREATURE:SINGULAR,honey badger,蜜獾
CREATURE:PLURAL,honey badgers,蜜獾
CREATURE:ADJECTIVE,honey badger,蜜獾
CREATURE:CASTE:SINGULAR,honey badger,蜜獾
CREATURE:CASTE:PLURAL,honey badgers,蜜獾
CREATURE:CASTE:ADJECTIVE,honey badger,蜜獾
CREATURE:SINGULAR,honey badger man,蜜獾人
CREATURE:PLURAL,honey badger men,蜜獾人
CREATURE:ADJECTIVE,honey badger man,蜜獾人
CREATURE:CASTE:SINGULAR,honey badger woman,女蜜獾人
CREATURE:CASTE:SINGULAR,honey badger man,男蜜獾人
CREATURE:CASTE:PLURAL,honey badger women,女蜜獾人
CREATURE:CASTE:PLURAL,honey badger men,男蜜獾人
CREATURE:CASTE:ADJECTIVE,honey badger woman,女蜜獾人
CREATURE:CASTE:ADJECTIVE,honey badger man,男蜜獾人
CREATURE:SINGULAR,giant honey badger,巨型蜜獾
CREATURE:PLURAL,giant honey badgers,巨型蜜獾
CREATURE:ADJECTIVE,giant honey badger,巨型蜜獾
CREATURE:CASTE:SINGULAR,giant honey badger,巨型蜜獾
CREATURE:CASTE:PLURAL,giant honey badgers,巨型蜜獾
CREATURE:CASTE:ADJECTIVE,giant honey badger,巨型蜜獾
CREATURE:SINGULAR,giant tortoise,巨型陆龟
CREATURE:PLURAL,giant tortoises,巨型陆龟
CREATURE:ADJECTIVE,giant tortoise,巨型陆龟
CREATURE:CASTE:SINGULAR,giant tortoise,巨型陆龟
CREATURE:CASTE:PLURAL,giant tortoises,巨型陆龟
CREATURE:CASTE:ADJECTIVE,giant tortoise,巨型陆龟
CREATURE:SINGULAR,giant tortoise man,巨型陆龟人
CREATURE:PLURAL,giant tortoise men,巨型陆龟人
CREATURE:ADJECTIVE,giant tortoise man,巨型陆龟人
CREATURE:CASTE:SINGULAR,giant tortoise woman,女巨型陆龟人
CREATURE:CASTE:SINGULAR,giant tortoise man,男巨型陆龟人
CREATURE:CASTE:PLURAL,giant tortoise women,女巨型陆龟人
CREATURE:CASTE:PLURAL,giant tortoise men,男巨型陆龟人
CREATURE:CASTE:ADJECTIVE,giant tortoise woman,女巨型陆龟人
CREATURE:CASTE:ADJECTIVE,giant tortoise man,男巨型陆龟人
CREATURE:SINGULAR,gigantic tortoise,超巨型陆龟
CREATURE:PLURAL,gigantic tortoises,超巨型陆龟
CREATURE:ADJECTIVE,gigantic tortoise,超巨型陆龟
CREATURE:CASTE:SINGULAR,gigantic tortoise,超巨型陆龟
CREATURE:CASTE:PLURAL,gigantic tortoises,超巨型陆龟
CREATURE:CASTE:ADJECTIVE,gigantic tortoise,超巨型陆龟
CREATURE:SINGULAR,armadillo,犰狳
CREATURE:PLURAL,armadillos,犰狳
CREATURE:ADJECTIVE,armadillo,犰狳
CREATURE:CASTE:SINGULAR,armadillo sow,雌犰狳
CREATURE:CASTE:SINGULAR,armadillo boar,雄犰狳
CREATURE:CASTE:PLURAL,armadillo sows,雌犰狳
CREATURE:CASTE:PLURAL,armadillo boars,雄犰狳
CREATURE:CASTE:ADJECTIVE,armadillo sow,雌犰狳
CREATURE:CASTE:ADJECTIVE,armadillo boar,雄犰狳
CREATURE:SINGULAR,armadillo man,犰狳人
CREATURE:PLURAL,armadillo men,犰狳人
CREATURE:ADJECTIVE,armadillo man,犰狳人
CREATURE:CASTE:SINGULAR,armadillo woman,女犰狳人
CREATURE:CASTE:SINGULAR,armadillo man,男犰狳人
CREATURE:CASTE:PLURAL,armadillo women,女犰狳人
CREATURE:CASTE:PLURAL,armadillo men,男犰狳人
CREATURE:CASTE:ADJECTIVE,armadillo woman,女犰狳人
CREATURE:CASTE:ADJECTIVE,armadillo man,男犰狳人
CREATURE:SINGULAR,giant armadillo,巨型犰狳
CREATURE:PLURAL,giant armadillos,巨型犰狳
CREATURE:ADJECTIVE,giant armadillo,巨型犰狳
CREATURE:CASTE:SINGULAR,giant armadillo sow,巨型雌犰狳
CREATURE:CASTE:SINGULAR,giant armadillo boar,巨型雄犰狳
CREATURE:CASTE:PLURAL,giant armadillo sows,巨型雌犰狳
CREATURE:CASTE:PLURAL,giant armadillo boars,巨型雄犰狳
CREATURE:CASTE:ADJECTIVE,giant armadillo sow,巨型雌犰狳
CREATURE:CASTE:ADJECTIVE,giant armadillo boar,巨型雄犰狳
CREATURE:SINGULAR,muskox,麝牛
CREATURE:PLURAL,muskoxen,麝牛
CREATURE:ADJECTIVE,muskox,麝牛
CREATURE:CASTE:SINGULAR,muskox,麝牛
CREATURE:CASTE:PLURAL,muskoxen,麝牛
CREATURE:CASTE:ADJECTIVE,muskox,麝牛
CREATURE:SINGULAR,muskox man,麝牛人
CREATURE:PLURAL,muskox men,麝牛人
CREATURE:ADJECTIVE,muskox man,麝牛人
CREATURE:CASTE:SINGULAR,muskox woman,女麝牛人
CREATURE:CASTE:SINGULAR,muskox man,男麝牛人
CREATURE:CASTE:PLURAL,muskox women,女麝牛人
CREATURE:CASTE:PLURAL,muskox men,男麝牛人
CREATURE:CASTE:ADJECTIVE,muskox woman,女麝牛人
CREATURE:CASTE:ADJECTIVE,muskox man,男麝牛人
CREATURE:SINGULAR,giant muskox,巨型麝牛
CREATURE:PLURAL,giant muskoxen,巨型麝牛
CREATURE:ADJECTIVE,giant muskox,巨型麝牛
CREATURE:CASTE:SINGULAR,giant muskox,巨型麝牛
CREATURE:CASTE:PLURAL,giant muskoxen,巨型麝牛
CREATURE:CASTE:ADJECTIVE,giant muskox,巨型麝牛
CREATURE:SINGULAR,elk,麋鹿
CREATURE:PLURAL,elk,麋鹿
CREATURE:ADJECTIVE,elk,麋鹿
CREATURE:CASTE:SINGULAR,elk,麋鹿
CREATURE:CASTE:PLURAL,elk,麋鹿
CREATURE:CASTE:ADJECTIVE,elk,麋鹿
CREATURE:SINGULAR,elk man,麋鹿人
CREATURE:PLURAL,elk men,麋鹿人
CREATURE:ADJECTIVE,elk man,麋鹿人
CREATURE:CASTE:SINGULAR,elk woman,女麋鹿人
CREATURE:CASTE:SINGULAR,elk man,男麋鹿人
CREATURE:CASTE:PLURAL,elk women,女麋鹿人
CREATURE:CASTE:PLURAL,elk men,男麋鹿人
CREATURE:CASTE:ADJECTIVE,elk woman,女麋鹿人
CREATURE:CASTE:ADJECTIVE,elk man,男麋鹿人
CREATURE:SINGULAR,giant elk,巨型麋鹿
CREATURE:PLURAL,giant elk,巨型麋鹿
CREATURE:ADJECTIVE,giant elk,巨型麋鹿
CREATURE:CASTE:SINGULAR,giant elk,巨型麋鹿
CREATURE:CASTE:PLURAL,giant elk,巨型麋鹿
CREATURE:CASTE:ADJECTIVE,giant elk,巨型麋鹿
CREATURE:SINGULAR,polar bear,北极熊
CREATURE:PLURAL,polar bears,北极熊
CREATURE:ADJECTIVE,polar bear,北极熊
CREATURE:CASTE:SINGULAR,polar bear,北极熊
CREATURE:CASTE:PLURAL,polar bears,北极熊
CREATURE:CASTE:ADJECTIVE,polar bear,北极熊
CREATURE:SINGULAR,polar bear man,北极熊人
CREATURE:PLURAL,polar bear men,北极熊人
CREATURE:ADJECTIVE,polar bear man,北极熊人
CREATURE:CASTE:SINGULAR,polar bear woman,女北极熊人
CREATURE:CASTE:SINGULAR,polar bear man,男北极熊人
CREATURE:CASTE:PLURAL,polar bear women,女北极熊人
CREATURE:CASTE:PLURAL,polar bear men,男北极熊人
CREATURE:CASTE:ADJECTIVE,polar bear woman,女北极熊人
CREATURE:CASTE:ADJECTIVE,polar bear man,男北极熊人
CREATURE:SINGULAR,giant polar bear,巨型北极熊
CREATURE:PLURAL,giant polar bears,巨型北极熊
CREATURE:ADJECTIVE,giant polar bear,巨型北极熊
CREATURE:CASTE:SINGULAR,giant polar bear,巨型北极熊
CREATURE:CASTE:PLURAL,giant polar bears,巨型北极熊
CREATURE:CASTE:ADJECTIVE,giant polar bear,巨型北极熊
CREATURE:SINGULAR,wolverine,狼獾
CREATURE:PLURAL,wolverines,狼獾
CREATURE:ADJECTIVE,wolverine,狼獾
CREATURE:CASTE:SINGULAR,wolverine,狼獾
CREATURE:CASTE:PLURAL,wolverines,狼獾
CREATURE:CASTE:ADJECTIVE,wolverine,狼獾
CREATURE:SINGULAR,wolverine man,狼獾人
CREATURE:PLURAL,wolverine men,狼獾人
CREATURE:ADJECTIVE,wolverine man,狼獾人
CREATURE:CASTE:SINGULAR,wolverine woman,女狼獾人
CREATURE:CASTE:SINGULAR,wolverine man,男狼獾人
CREATURE:CASTE:PLURAL,wolverine women,女狼獾人
CREATURE:CASTE:PLURAL,wolverine men,男狼獾人
CREATURE:CASTE:ADJECTIVE,wolverine woman,女狼獾人
CREATURE:CASTE:ADJECTIVE,wolverine man,男狼獾人
CREATURE:SINGULAR,giant wolverine,巨型狼獾
CREATURE:PLURAL,giant wolverines,巨型狼獾
CREATURE:ADJECTIVE,giant wolverine,巨型狼獾
CREATURE:CASTE:SINGULAR,giant wolverine,巨型狼獾
CREATURE:CASTE:PLURAL,giant wolverines,巨型狼獾
CREATURE:CASTE:ADJECTIVE,giant wolverine,巨型狼獾
CREATURE:SINGULAR,chinchilla,毛丝鼠
CREATURE:PLURAL,chinchillas,毛丝鼠
CREATURE:ADJECTIVE,chinchilla,毛丝鼠
CREATURE:CASTE:SINGULAR,chinchilla,毛丝鼠
CREATURE:CASTE:PLURAL,chinchillas,毛丝鼠
CREATURE:CASTE:ADJECTIVE,chinchilla,毛丝鼠
CREATURE:SINGULAR,chinchilla man,毛丝鼠人
CREATURE:PLURAL,chinchilla men,毛丝鼠人
CREATURE:ADJECTIVE,chinchilla man,毛丝鼠人
CREATURE:CASTE:SINGULAR,chinchilla woman,女毛丝鼠人
CREATURE:CASTE:SINGULAR,chinchilla man,男毛丝鼠人
CREATURE:CASTE:PLURAL,chinchilla women,女毛丝鼠人
CREATURE:CASTE:PLURAL,chinchilla men,男毛丝鼠人
CREATURE:CASTE:ADJECTIVE,chinchilla woman,女毛丝鼠人
CREATURE:CASTE:ADJECTIVE,chinchilla man,男毛丝鼠人
CREATURE:SINGULAR,giant chinchilla,巨型毛丝鼠
CREATURE:PLURAL,giant chinchillas,巨型毛丝鼠
CREATURE:ADJECTIVE,giant chinchilla,巨型毛丝鼠
CREATURE:CASTE:SINGULAR,giant chinchilla,巨型毛丝鼠
CREATURE:CASTE:PLURAL,giant chinchillas,巨型毛丝鼠
CREATURE:CASTE:ADJECTIVE,giant chinchilla,巨型毛丝鼠
CREATURE:SINGULAR,floating guts,飘浮内脏
CREATURE:PLURAL,floating guts,飘浮内脏
CREATURE:ADJECTIVE,floating guts,飘浮内脏
CREATURE:CASTE:SINGULAR,floating guts,飘浮内脏
CREATURE:CASTE:PLURAL,floating guts,飘浮内脏
CREATURE:CASTE:ADJECTIVE,floating guts,飘浮内脏
CREATURE:SINGULAR,drunian,德鲁尼安人
CREATURE:PLURAL,drunians,德鲁尼安人
CREATURE:ADJECTIVE,drunian,德鲁尼安人
CREATURE:CASTE:SINGULAR,drunian,德鲁尼安人
CREATURE:CASTE:PLURAL,drunians,德鲁尼安人
CREATURE:CASTE:ADJECTIVE,drunian,德鲁尼安人
CREATURE:SINGULAR,creeping eye,爬行之眼
CREATURE:PLURAL,creeping eyes,爬行之眼
CREATURE:ADJECTIVE,creeping eye,爬行之眼
CREATURE:CASTE:SINGULAR,creeping eye,爬行之眼
CREATURE:CASTE:PLURAL,creeping eyes,爬行之眼
CREATURE:CASTE:ADJECTIVE,creeping eye,爬行之眼
CREATURE:SINGULAR,voracious cave crawler,贪婪的洞穴爬虫
CREATURE:PLURAL,voracious cave crawlers,贪婪的洞穴爬虫
CREATURE:ADJECTIVE,voracious cave crawler,贪婪的洞穴爬虫
CREATURE:CASTE:SINGULAR,voracious cave crawler,贪婪的洞穴爬虫
CREATURE:CASTE:PLURAL,voracious cave crawlers,贪婪的洞穴爬虫
CREATURE:CASTE:ADJECTIVE,voracious cave crawler,贪婪的洞穴爬虫
CREATURE:SINGULAR,blind cave ogre,盲洞穴食人魔
CREATURE:PLURAL,blind cave ogres,盲洞穴食人魔
CREATURE:ADJECTIVE,blind cave ogre,盲洞穴食人魔
CREATURE:CASTE:SINGULAR,blind cave ogre,盲洞穴食人魔
CREATURE:CASTE:PLURAL,blind cave ogres,盲洞穴食人魔
CREATURE:CASTE:ADJECTIVE,blind cave ogre,盲洞穴食人魔
CREATURE:SINGULAR,cap hopper,菌盖跳虫
CREATURE:PLURAL,cap hoppers,菌盖跳虫
CREATURE:ADJECTIVE,cap hopper,菌盖跳虫
CREATURE:CASTE:SINGULAR,cap hopper,菌盖跳虫
CREATURE:CASTE:PLURAL,cap hoppers,菌盖跳虫
CREATURE:CASTE:ADJECTIVE,cap hopper,菌盖跳虫
CREATURE:SINGULAR,magma crab,熔岩螃蟹
CREATURE:PLURAL,magma crabs,熔岩螃蟹
CREATURE:ADJECTIVE,magma crab,熔岩螃蟹
CREATURE:CASTE:SINGULAR,magma crab,熔岩螃蟹
CREATURE:CASTE:PLURAL,magma crabs,熔岩螃蟹
CREATURE:CASTE:ADJECTIVE,magma crab,熔岩螃蟹
CREATURE:SINGULAR,crundle,爪角怪
CREATURE:PLURAL,crundles,爪角怪
CREATURE:ADJECTIVE,crundle,爪角怪
CREATURE:CASTE:SINGULAR,crundle,爪角怪
CREATURE:CASTE:PLURAL,crundles,爪角怪
CREATURE:CASTE:ADJECTIVE,crundle,爪角怪
CREATURE:SINGULAR,hungry head,饥饿之颅
CREATURE:PLURAL,hungry heads,饥饿之颅
CREATURE:ADJECTIVE,hungry head,饥饿之颅
CREATURE:CASTE:SINGULAR,hungry head,饥饿之颅
CREATURE:CASTE:PLURAL,hungry heads,饥饿之颅
CREATURE:CASTE:ADJECTIVE,hungry head,饥饿之颅
CREATURE:SINGULAR,flesh ball,血肉之球
CREATURE:PLURAL,flesh balls,血肉之球
CREATURE:ADJECTIVE,flesh ball,血肉之球
CREATURE:CASTE:SINGULAR,flesh ball,血肉之球
CREATURE:CASTE:PLURAL,flesh balls,血肉之球
CREATURE:CASTE:ADJECTIVE,flesh ball,血肉之球
CREATURE:SINGULAR,elk bird,麋鹿鸟
CREATURE:PLURAL,elk birds,麋鹿鸟
CREATURE:ADJECTIVE,elk bird,麋鹿鸟
CREATURE:CASTE:SINGULAR,elk bird,麋鹿鸟
CREATURE:CASTE:PLURAL,elk birds,麋鹿鸟
CREATURE:CASTE:ADJECTIVE,elk bird,麋鹿鸟
CREATURE:SINGULAR,helmet snake,头盔蛇
CREATURE:PLURAL,helmet snakes,头盔蛇
CREATURE:ADJECTIVE,helmet snake,头盔蛇
CREATURE:CASTE:SINGULAR,helmet snake,头盔蛇
CREATURE:CASTE:PLURAL,helmet snakes,头盔蛇
CREATURE:CASTE:ADJECTIVE,helmet snake,头盔蛇
CREATURE:SINGULAR,green devourer,绿色吞噬者
CREATURE:PLURAL,green devourers,绿色吞噬者
CREATURE:ADJECTIVE,green devourer,绿色吞噬者
CREATURE:CASTE:SINGULAR,green devourer,绿色吞噬者
CREATURE:CASTE:PLURAL,green devourers,绿色吞噬者
CREATURE:CASTE:ADJECTIVE,green devourer,绿色吞噬者
CREATURE:SINGULAR,rutherer,厚毛巨尾兽
CREATURE:PLURAL,rutherers,厚毛巨尾兽
CREATURE:ADJECTIVE,rutherer,厚毛巨尾兽
CREATURE:CASTE:SINGULAR,rutherer,厚毛巨尾兽
CREATURE:CASTE:PLURAL,rutherers,厚毛巨尾兽
CREATURE:CASTE:ADJECTIVE,rutherer,厚毛巨尾兽
CREATURE:SINGULAR,creepy crawler,恐怖爬行者
CREATURE:PLURAL,creepy crawlers,恐怖爬行者
CREATURE:ADJECTIVE,creepy crawler,恐怖爬行者
CREATURE:CASTE:SINGULAR,creepy crawler,恐怖爬行者
CREATURE:CASTE:PLURAL,creepy crawlers,恐怖爬行者
CREATURE:CASTE:ADJECTIVE,creepy crawler,恐怖爬行者
CREATURE:SINGULAR,draltha,食菇兽
CREATURE:PLURAL,dralthas,食菇兽
CREATURE:ADJECTIVE,draltha,食菇兽
CREATURE:CASTE:SINGULAR,draltha,食菇兽
CREATURE:CASTE:PLURAL,dralthas,食菇兽
CREATURE:CASTE:ADJECTIVE,draltha,食菇兽
CREATURE:SINGULAR,giant earthworm,巨型蚯蚓
CREATURE:PLURAL,giant earthworms,巨型蚯蚓
CREATURE:ADJECTIVE,giant earthworm,巨型蚯蚓
CREATURE:CASTE:SINGULAR,giant earthworm,巨型蚯蚓
CREATURE:CASTE:PLURAL,giant earthworms,巨型蚯蚓
CREATURE:CASTE:ADJECTIVE,giant earthworm,巨型蚯蚓
CREATURE:SINGULAR,blood man,血人
CREATURE:PLURAL,blood men,血人
CREATURE:ADJECTIVE,blood man,血人
CREATURE:CASTE:SINGULAR,blood man,血人
CREATURE:CASTE:PLURAL,blood men,血人
CREATURE:CASTE:ADJECTIVE,blood man,血人
CREATURE:SINGULAR,bugbat,虫蝠
CREATURE:PLURAL,bugbats,虫蝠
CREATURE:ADJECTIVE,bugbat,虫蝠
CREATURE:CASTE:SINGULAR,bugbat,虫蝠
CREATURE:CASTE:PLURAL,bugbats,虫蝠
CREATURE:CASTE:ADJECTIVE,bugbat,虫蝠
CREATURE:SINGULAR,manera,倒吊鲨齿怪
CREATURE:PLURAL,maneras,倒吊鲨齿怪
CREATURE:ADJECTIVE,manera,倒吊鲨齿怪
CREATURE:CASTE:SINGULAR,manera,倒吊鲨齿怪
CREATURE:CASTE:PLURAL,maneras,倒吊鲨齿怪
CREATURE:CASTE:ADJECTIVE,manera,倒吊鲨齿怪
CREATURE:SINGULAR,molemarian,半身鼹鼠兽
CREATURE:PLURAL,molemarians,半身鼹鼠兽
CREATURE:ADJECTIVE,molemarian,半身鼹鼠兽
CREATURE:CASTE:SINGULAR,molemarian,半身鼹鼠兽
CREATURE:CASTE:PLURAL,molemarians,半身鼹鼠兽
CREATURE:CASTE:ADJECTIVE,molemarian,半身鼹鼠兽
CREATURE:SINGULAR,jabberer,宽喙巨兽
CREATURE:PLURAL,jabberers,宽喙巨兽
CREATURE:ADJECTIVE,jabberer,宽喙巨兽
CREATURE:CASTE:SINGULAR,jabberer,宽喙巨兽
CREATURE:CASTE:PLURAL,jabberers,宽喙巨兽
CREATURE:CASTE:ADJECTIVE,jabberer,宽喙巨兽
CREATURE:SINGULAR,pond grabber,池塘掠取者
CREATURE:PLURAL,pond grabbers,池塘掠取者
CREATURE:ADJECTIVE,pond grabber,池塘掠取者
CREATURE:CASTE:SINGULAR,pond grabber,池塘掠取者
CREATURE:CASTE:PLURAL,pond grabbers,池塘掠取者
CREATURE:CASTE:ADJECTIVE,pond grabber,池塘掠取者
CREATURE:SINGULAR,blind cave bear,盲洞穴熊
CREATURE:PLURAL,blind cave bears,盲洞穴熊
CREATURE:ADJECTIVE,blind cave bear,盲洞穴熊
CREATURE:CASTE:SINGULAR,blind cave bear,盲洞穴熊
CREATURE:CASTE:PLURAL,blind cave bears,盲洞穴熊
CREATURE:CASTE:ADJECTIVE,blind cave bear,盲洞穴熊
CREATURE:SINGULAR,cave dragon,洞穴龙
CREATURE:PLURAL,cave dragons,洞穴龙
CREATURE:ADJECTIVE,cave draconic,洞穴龙
CREATURE:CASTE:SINGULAR,cave dragon,洞穴龙
CREATURE:CASTE:PLURAL,cave dragons,洞穴龙
CREATURE:CASTE:ADJECTIVE,cave draconic,洞穴龙
CREATURE:SINGULAR,reacher,诱抵者
CREATURE:PLURAL,reachers,诱抵者
CREATURE:ADJECTIVE,reacher,诱抵者
CREATURE:CASTE:SINGULAR,reacher,诱抵者
CREATURE:CASTE:PLURAL,reachers,诱抵者
CREATURE:CASTE:ADJECTIVE,reacher,诱抵者
CREATURE:SINGULAR,gabbro man,诱抵者人
CREATURE:PLURAL,gabbro men,诱抵者人
CREATURE:ADJECTIVE,gabbro man,诱抵者人
CREATURE:CASTE:SINGULAR,gabbro man,诱抵者人
CREATURE:CASTE:PLURAL,gabbro men,诱抵者人
CREATURE:CASTE:ADJECTIVE,gabbro man,诱抵者人
CREATURE:SINGULAR,gorlak,獠牙怪
CREATURE:PLURAL,gorlaks,獠牙怪
CREATURE:ADJECTIVE,gorlak,獠牙怪
CREATURE:CASTE:SINGULAR,gorlak,獠牙怪
CREATURE:CASTE:PLURAL,gorlaks,獠牙怪
CREATURE:CASTE:ADJECTIVE,gorlak,獠牙怪
CREATURE:SINGULAR,cave floater,洞穴飘浮者
CREATURE:PLURAL,cave floaters,洞穴飘浮者
CREATURE:ADJECTIVE,cave floater,洞穴飘浮者
CREATURE:CASTE:SINGULAR,cave floater,洞穴飘浮者
CREATURE:CASTE:PLURAL,cave floaters,洞穴飘浮者
CREATURE:CASTE:ADJECTIVE,cave floater,洞穴飘浮者
CREATURE:SINGULAR,plump helmet man,洞穴飘浮者人
CREATURE:PLURAL,plump helmet men,洞穴飘浮者人
CREATURE:ADJECTIVE,plump helmet man,洞穴飘浮者人
CREATURE:CASTE:SINGULAR,plump helmet man,洞穴飘浮者人
CREATURE:CASTE:PLURAL,plump helmet men,洞穴飘浮者人
CREATURE:CASTE:ADJECTIVE,plump helmet man,洞穴飘浮者人
CREATURE:SINGULAR,cave blob,洞穴滴团
CREATURE:PLURAL,cave blobs,洞穴滴团
CREATURE:ADJECTIVE,cave blob,洞穴滴团
CREATURE:CASTE:SINGULAR,cave blob,洞穴滴团
CREATURE:CASTE:PLURAL,cave blobs,洞穴滴团
CREATURE:CASTE:ADJECTIVE,cave blob,洞穴滴团
CREATURE:SINGULAR,amethyst man,洞穴滴团人
CREATURE:PLURAL,amethyst men,洞穴滴团人
CREATURE:ADJECTIVE,amethyst man,洞穴滴团人
CREATURE:CASTE:SINGULAR,amethyst man,洞穴滴团人
CREATURE:CASTE:PLURAL,amethyst men,洞穴滴团人
CREATURE:CASTE:ADJECTIVE,amethyst man,洞穴滴团人
CREATURE:SINGULAR,octopus,章鱼
CREATURE:PLURAL,octopuses,章鱼
CREATURE:ADJECTIVE,octopus,章鱼
CREATURE:CASTE:SINGULAR,octopus,章鱼
CREATURE:CASTE:PLURAL,octopuses,章鱼
CREATURE:CASTE:ADJECTIVE,octopus,章鱼
CREATURE:SINGULAR,octopus man,章鱼人
CREATURE:PLURAL,octopus men,章鱼人
CREATURE:ADJECTIVE,octopus man,章鱼人
CREATURE:CASTE:SINGULAR,octopus woman,女章鱼人
CREATURE:CASTE:SINGULAR,octopus man,男章鱼人
CREATURE:CASTE:PLURAL,octopus women,女章鱼人
CREATURE:CASTE:PLURAL,octopus men,男章鱼人
CREATURE:CASTE:ADJECTIVE,octopus woman,女章鱼人
CREATURE:CASTE:ADJECTIVE,octopus man,男章鱼人
CREATURE:SINGULAR,giant octopus,巨型章鱼
CREATURE:PLURAL,giant octopuses,巨型章鱼
CREATURE:ADJECTIVE,giant octopus,巨型章鱼
CREATURE:CASTE:SINGULAR,giant octopus,巨型章鱼
CREATURE:CASTE:PLURAL,giant octopuses,巨型章鱼
CREATURE:CASTE:ADJECTIVE,giant octopus,巨型章鱼
CREATURE:SINGULAR,crab,螃蟹
CREATURE:PLURAL,crabs,螃蟹
CREATURE:ADJECTIVE,crab,螃蟹
CREATURE:CASTE:SINGULAR,crab,巨型章鱼
CREATURE:CASTE:PLURAL,crabs,巨型章鱼
CREATURE:CASTE:ADJECTIVE,crab,巨型章鱼
CREATURE:SINGULAR,crab man,螃蟹人
CREATURE:PLURAL,crab men,螃蟹人
CREATURE:ADJECTIVE,crab man,螃蟹人
CREATURE:CASTE:SINGULAR,crab woman,女螃蟹人
CREATURE:CASTE:SINGULAR,crab man,男螃蟹人
CREATURE:CASTE:PLURAL,crab women,女螃蟹人
CREATURE:CASTE:PLURAL,crab men,男螃蟹人
CREATURE:CASTE:ADJECTIVE,crab woman,女螃蟹人
CREATURE:CASTE:ADJECTIVE,crab man,男螃蟹人
CREATURE:SINGULAR,giant crab,巨型螃蟹
CREATURE:PLURAL,giant crabs,巨型螃蟹
CREATURE:ADJECTIVE,giant crab,巨型螃蟹
CREATURE:CASTE:SINGULAR,giant crab,巨型螃蟹
CREATURE:CASTE:PLURAL,giant crabs,巨型螃蟹
CREATURE:CASTE:ADJECTIVE,giant crab,巨型螃蟹
CREATURE:SINGULAR,leopard seal,豹形海豹
CREATURE:PLURAL,leopard seals,豹形海豹
CREATURE:ADJECTIVE,leopard seal,豹形海豹
CREATURE:CASTE:SINGULAR,leopard seal,豹形海豹
CREATURE:CASTE:PLURAL,leopard seals,豹形海豹
CREATURE:CASTE:ADJECTIVE,leopard seal,豹形海豹
CREATURE:SINGULAR,leopard seal man,豹形海豹人
CREATURE:PLURAL,leopard seal men,豹形海豹人
CREATURE:ADJECTIVE,leopard seal man,豹形海豹人
CREATURE:CASTE:SINGULAR,leopard seal woman,女豹形海豹人
CREATURE:CASTE:SINGULAR,leopard seal man,男豹形海豹人
CREATURE:CASTE:PLURAL,leopard seal women,女豹形海豹人
CREATURE:CASTE:PLURAL,leopard seal men,男豹形海豹人
CREATURE:CASTE:ADJECTIVE,leopard seal woman,女豹形海豹人
CREATURE:CASTE:ADJECTIVE,leopard seal man,男豹形海豹人
CREATURE:SINGULAR,giant leopard seal,巨型豹形海豹
CREATURE:PLURAL,giant leopard seals,巨型豹形海豹
CREATURE:ADJECTIVE,giant leopard seal,巨型豹形海豹
CREATURE:CASTE:SINGULAR,giant leopard seal,巨型豹形海豹
CREATURE:CASTE:PLURAL,giant leopard seals,巨型豹形海豹
CREATURE:CASTE:ADJECTIVE,giant leopard seal,巨型豹形海豹
CREATURE:SINGULAR,cuttlefish,墨鱼
CREATURE:PLURAL,cuttlefish,墨鱼
CREATURE:ADJECTIVE,cuttlefish,墨鱼
CREATURE:CASTE:SINGULAR,cuttlefish,墨鱼
CREATURE:CASTE:PLURAL,cuttlefish,墨鱼
CREATURE:CASTE:ADJECTIVE,cuttlefish,墨鱼
CREATURE:SINGULAR,cuttlefish man,墨鱼人
CREATURE:PLURAL,cuttlefish men,墨鱼人
CREATURE:ADJECTIVE,cuttlefish man,墨鱼人
CREATURE:CASTE:SINGULAR,cuttlefish woman,女墨鱼人
CREATURE:CASTE:SINGULAR,cuttlefish man,男墨鱼人
CREATURE:CASTE:PLURAL,cuttlefish women,女墨鱼人
CREATURE:CASTE:PLURAL,cuttlefish men,男墨鱼人
CREATURE:CASTE:ADJECTIVE,cuttlefish woman,女墨鱼人
CREATURE:CASTE:ADJECTIVE,cuttlefish man,男墨鱼人
CREATURE:SINGULAR,giant cuttlefish,巨型墨鱼
CREATURE:PLURAL,giant cuttlefish,巨型墨鱼
CREATURE:ADJECTIVE,giant cuttlefish,巨型墨鱼
CREATURE:CASTE:SINGULAR,giant cuttlefish,巨型墨鱼
CREATURE:CASTE:PLURAL,giant cuttlefish,巨型墨鱼
CREATURE:CASTE:ADJECTIVE,giant cuttlefish,巨型墨鱼
CREATURE:SINGULAR,orca,逆戟鲸
CREATURE:PLURAL,orcas,逆戟鲸
CREATURE:ADJECTIVE,orca,逆戟鲸
CREATURE:CASTE:SINGULAR,orca,逆戟鲸
CREATURE:CASTE:PLURAL,orcas,逆戟鲸
CREATURE:CASTE:ADJECTIVE,orca,逆戟鲸
CREATURE:SINGULAR,orca man,逆戟鲸人
CREATURE:PLURAL,orca men,逆戟鲸人
CREATURE:ADJECTIVE,orca man,逆戟鲸人
CREATURE:CASTE:SINGULAR,orca woman,女逆戟鲸人
CREATURE:CASTE:SINGULAR,orca man,男逆戟鲸人
CREATURE:CASTE:PLURAL,orca women,女逆戟鲸人
CREATURE:CASTE:PLURAL,orca men,男逆戟鲸人
CREATURE:CASTE:ADJECTIVE,orca woman,女逆戟鲸人
CREATURE:CASTE:ADJECTIVE,orca man,男逆戟鲸人
CREATURE:SINGULAR,giant orca,巨型逆戟鲸
CREATURE:PLURAL,giant orcas,巨型逆戟鲸
CREATURE:ADJECTIVE,giant orca,巨型逆戟鲸
CREATURE:CASTE:SINGULAR,giant orca,巨型逆戟鲸
CREATURE:CASTE:PLURAL,giant orcas,巨型逆戟鲸
CREATURE:CASTE:ADJECTIVE,giant orca,巨型逆戟鲸
CREATURE:SINGULAR,sponge,海绵
CREATURE:PLURAL,sponges,海绵
CREATURE:ADJECTIVE,sponge,海绵
CREATURE:CASTE:SINGULAR,sponge,海绵
CREATURE:CASTE:PLURAL,sponges,海绵
CREATURE:CASTE:ADJECTIVE,sponge,海绵
CREATURE:SINGULAR,sponge man,海绵人
CREATURE:PLURAL,sponge men,海绵人
CREATURE:ADJECTIVE,sponge man,海绵人
CREATURE:CASTE:SINGULAR,sponge man,海绵人
CREATURE:CASTE:PLURAL,sponge men,海绵人
CREATURE:CASTE:ADJECTIVE,sponge man,海绵人
CREATURE:SINGULAR,giant sponge,巨型海绵
CREATURE:PLURAL,giant sponges,巨型海绵
CREATURE:ADJECTIVE,giant sponge,巨型海绵
CREATURE:CASTE:SINGULAR,giant sponge,巨型海绵
CREATURE:CASTE:PLURAL,giant sponges,巨型海绵
CREATURE:CASTE:ADJECTIVE,giant sponge,巨型海绵
CREATURE:SINGULAR,horseshoe crab,马蹄蟹
CREATURE:PLURAL,horseshoe crabs,马蹄蟹
CREATURE:ADJECTIVE,horseshoe crab,马蹄蟹
CREATURE:CASTE:SINGULAR,horseshoe crab,马蹄蟹
CREATURE:CASTE:PLURAL,horseshoe crabs,马蹄蟹
CREATURE:CASTE:ADJECTIVE,horseshoe crab,马蹄蟹
CREATURE:SINGULAR,horseshoe crab man,马蹄蟹人
CREATURE:PLURAL,horseshoe crab men,马蹄蟹人
CREATURE:ADJECTIVE,horseshoe crab man,马蹄蟹人
CREATURE:CASTE:SINGULAR,horseshoe crab woman,女马蹄蟹人
CREATURE:CASTE:SINGULAR,horseshoe crab man,男马蹄蟹人
CREATURE:CASTE:PLURAL,horseshoe crab women,女马蹄蟹人
CREATURE:CASTE:PLURAL,horseshoe crab men,男马蹄蟹人
CREATURE:CASTE:ADJECTIVE,horseshoe crab woman,女马蹄蟹人
CREATURE:CASTE:ADJECTIVE,horseshoe crab man,男马蹄蟹人
CREATURE:SINGULAR,giant horseshoe crab,巨型马蹄蟹
CREATURE:PLURAL,giant horseshoe crabs,巨型马蹄蟹
CREATURE:ADJECTIVE,giant horseshoe crab,巨型马蹄蟹
CREATURE:CASTE:SINGULAR,giant horseshoe crab,巨型马蹄蟹
CREATURE:CASTE:PLURAL,giant horseshoe crabs,巨型马蹄蟹
CREATURE:CASTE:ADJECTIVE,giant horseshoe crab,巨型马蹄蟹
CREATURE:SINGULAR,sperm whale,抹香鲸
CREATURE:PLURAL,sperm whales,抹香鲸
CREATURE:ADJECTIVE,sperm whale,抹香鲸
CREATURE:CASTE:SINGULAR,sperm whale,抹香鲸
CREATURE:CASTE:PLURAL,sperm whales,抹香鲸
CREATURE:CASTE:ADJECTIVE,sperm whale,抹香鲸
CREATURE:SINGULAR,sperm whale man,抹香鲸人
CREATURE:PLURAL,sperm whale men,抹香鲸人
CREATURE:ADJECTIVE,sperm whale man,抹香鲸人
CREATURE:CASTE:SINGULAR,sperm whale woman,女抹香鲸人
CREATURE:CASTE:SINGULAR,sperm whale man,男抹香鲸人
CREATURE:CASTE:PLURAL,sperm whale women,女抹香鲸人
CREATURE:CASTE:PLURAL,sperm whale men,男抹香鲸人
CREATURE:CASTE:ADJECTIVE,sperm whale woman,女抹香鲸人
CREATURE:CASTE:ADJECTIVE,sperm whale man,男抹香鲸人
CREATURE:SINGULAR,giant sperm whale,巨型抹香鲸
CREATURE:PLURAL,giant sperm whales,巨型抹香鲸
CREATURE:ADJECTIVE,giant sperm whale,巨型抹香鲸
CREATURE:CASTE:SINGULAR,giant sperm whale,巨型抹香鲸
CREATURE:CASTE:PLURAL,giant sperm whales,巨型抹香鲸
CREATURE:CASTE:ADJECTIVE,giant sperm whale,巨型抹香鲸
CREATURE:SINGULAR,elephant seal,象海豹
CREATURE:PLURAL,elephant seals,象海豹
CREATURE:ADJECTIVE,elephant seal,象海豹
CREATURE:CASTE:SINGULAR,elephant seal,象海豹
CREATURE:CASTE:PLURAL,elephant seals,象海豹
CREATURE:CASTE:ADJECTIVE,elephant seal,象海豹
CREATURE:SINGULAR,elephant seal man,象海豹人
CREATURE:PLURAL,elephant seal men,象海豹人
CREATURE:ADJECTIVE,elephant seal man,象海豹人
CREATURE:CASTE:SINGULAR,elephant seal woman,女象海豹人
CREATURE:CASTE:SINGULAR,elephant seal man,男象海豹人
CREATURE:CASTE:PLURAL,elephant seal women,女象海豹人
CREATURE:CASTE:PLURAL,elephant seal men,男象海豹人
CREATURE:CASTE:ADJECTIVE,elephant seal woman,女象海豹人
CREATURE:CASTE:ADJECTIVE,elephant seal man,男象海豹人
CREATURE:SINGULAR,giant elephant seal,巨型象海豹
CREATURE:PLURAL,giant elephant seals,巨型象海豹
CREATURE:ADJECTIVE,giant elephant seal,巨型象海豹
CREATURE:CASTE:SINGULAR,giant elephant seal,巨型象海豹
CREATURE:CASTE:PLURAL,giant elephant seals,巨型象海豹
CREATURE:CASTE:ADJECTIVE,giant elephant seal,巨型象海豹
CREATURE:SINGULAR,harp seal,竖琴海豹
CREATURE:PLURAL,harp seals,竖琴海豹
CREATURE:ADJECTIVE,harp seal,竖琴海豹
CREATURE:CASTE:SINGULAR,harp seal,竖琴海豹
CREATURE:CASTE:PLURAL,harp seals,竖琴海豹
CREATURE:CASTE:ADJECTIVE,harp seal,竖琴海豹
CREATURE:SINGULAR,harp seal man,竖琴海豹人
CREATURE:PLURAL,harp seal men,竖琴海豹人
CREATURE:ADJECTIVE,harp seal man,竖琴海豹人
CREATURE:CASTE:SINGULAR,harp seal woman,女竖琴海豹人
CREATURE:CASTE:SINGULAR,harp seal man,男竖琴海豹人
CREATURE:CASTE:PLURAL,harp seal women,女竖琴海豹人
CREATURE:CASTE:PLURAL,harp seal men,男竖琴海豹人
CREATURE:CASTE:ADJECTIVE,harp seal woman,女竖琴海豹人
CREATURE:CASTE:ADJECTIVE,harp seal man,男竖琴海豹人
CREATURE:SINGULAR,giant harp seal,巨型竖琴海豹
CREATURE:PLURAL,giant harp seals,巨型竖琴海豹
CREATURE:ADJECTIVE,giant harp seal,巨型竖琴海豹
CREATURE:CASTE:SINGULAR,giant harp seal,巨型竖琴海豹
CREATURE:CASTE:PLURAL,giant harp seals,巨型竖琴海豹
CREATURE:CASTE:ADJECTIVE,giant harp seal,巨型竖琴海豹
CREATURE:SINGULAR,nautilus,鹦鹉螺
CREATURE:PLURAL,nautiluses,鹦鹉螺
CREATURE:ADJECTIVE,nautilus,鹦鹉螺
CREATURE:CASTE:SINGULAR,nautilus,鹦鹉螺
CREATURE:CASTE:PLURAL,nautiluses,鹦鹉螺
CREATURE:CASTE:ADJECTIVE,nautilus,鹦鹉螺
CREATURE:SINGULAR,nautilus man,鹦鹉螺人
CREATURE:PLURAL,nautilus men,鹦鹉螺人
CREATURE:ADJECTIVE,nautilus man,鹦鹉螺人
CREATURE:CASTE:SINGULAR,nautilus woman,女鹦鹉螺人
CREATURE:CASTE:SINGULAR,nautilus man,男鹦鹉螺人
CREATURE:CASTE:PLURAL,nautilus women,女鹦鹉螺人
CREATURE:CASTE:PLURAL,nautilus men,男鹦鹉螺人
CREATURE:CASTE:ADJECTIVE,nautilus woman,女鹦鹉螺人
CREATURE:CASTE:ADJECTIVE,nautilus man,男鹦鹉螺人
CREATURE:SINGULAR,giant nautilus,巨型鹦鹉螺
CREATURE:PLURAL,giant nautiluses,巨型鹦鹉螺
CREATURE:ADJECTIVE,giant nautilus,巨型鹦鹉螺
CREATURE:CASTE:SINGULAR,giant nautilus,巨型鹦鹉螺
CREATURE:CASTE:PLURAL,giant nautiluses,巨型鹦鹉螺
CREATURE:CASTE:ADJECTIVE,giant nautilus,巨型鹦鹉螺
CREATURE:SINGULAR,fox squirrel,狐松鼠
CREATURE:PLURAL,fox squirrels,狐松鼠
CREATURE:ADJECTIVE,fox squirrel,狐松鼠
CREATURE:CASTE:SINGULAR,fox squirrel,狐松鼠
CREATURE:CASTE:PLURAL,fox squirrels,狐松鼠
CREATURE:CASTE:ADJECTIVE,fox squirrel,狐松鼠
CREATURE:SINGULAR,moghopper,泥跳虫
CREATURE:PLURAL,moghoppers,泥跳虫
CREATURE:ADJECTIVE,moghopper,泥跳虫
CREATURE:CASTE:SINGULAR,moghopper,泥跳虫
CREATURE:CASTE:PLURAL,moghoppers,泥跳虫
CREATURE:CASTE:ADJECTIVE,moghopper,泥跳虫
CREATURE:SINGULAR,demon rat,恶魔老鼠
CREATURE:PLURAL,demon rats,恶魔老鼠
CREATURE:ADJECTIVE,demon rat,恶魔老鼠
CREATURE:CASTE:SINGULAR,demon rat,恶魔老鼠
CREATURE:CASTE:PLURAL,demon rats,恶魔老鼠
CREATURE:CASTE:ADJECTIVE,demon rat,恶魔老鼠
CREATURE:SINGULAR,fluffy wambler,蓬松毛球
CREATURE:PLURAL,fluffy wamblers,蓬松毛球
CREATURE:ADJECTIVE,fluffy wambler,蓬松毛球
CREATURE:CASTE:SINGULAR,fluffy wambler,蓬松毛球
CREATURE:CASTE:PLURAL,fluffy wamblers,蓬松毛球
CREATURE:CASTE:ADJECTIVE,fluffy wambler,蓬松毛球
CREATURE:SINGULAR,two-legged rhino lizard,双足犀蜥蜴
CREATURE:PLURAL,two-legged rhino lizards,双足犀蜥蜴
CREATURE:ADJECTIVE,two-legged rhino lizard,双足犀蜥蜴
CREATURE:CASTE:SINGULAR,two-legged rhino lizard,双足犀蜥蜴
CREATURE:CASTE:PLURAL,two-legged rhino lizards,双足犀蜥蜴
CREATURE:CASTE:ADJECTIVE,two-legged rhino lizard,双足犀蜥蜴
CREATURE:SINGULAR,knuckle worm,关节蠕虫
CREATURE:PLURAL,knuckle worms,关节蠕虫
CREATURE:ADJECTIVE,knuckle worm,关节蠕虫
CREATURE:CASTE:SINGULAR,knuckle worm,关节蠕虫
CREATURE:CASTE:PLURAL,knuckle worms,关节蠕虫
CREATURE:CASTE:ADJECTIVE,knuckle worm,关节蠕虫
CREATURE:SINGULAR,phantom spider,幻影蜘蛛
CREATURE:PLURAL,phantom spiders,幻影蜘蛛
CREATURE:ADJECTIVE,phantom spider,幻影蜘蛛
CREATURE:CASTE:SINGULAR,phantom spider,幻影蜘蛛
CREATURE:CASTE:PLURAL,phantom spiders,幻影蜘蛛
CREATURE:CASTE:ADJECTIVE,phantom spider,幻影蜘蛛
CREATURE:SINGULAR,acorn fly,橡子蝇
CREATURE:PLURAL,acorn flies,橡子蝇
CREATURE:ADJECTIVE,acorn fly,橡子蝇
CREATURE:CASTE:SINGULAR,acorn fly,橡子蝇
CREATURE:CASTE:PLURAL,acorn flies,橡子蝇
CREATURE:CASTE:ADJECTIVE,acorn fly,橡子蝇
CREATURE:SINGULAR,blood gnat,血飞虫
CREATURE:PLURAL,blood gnats,血飞虫
CREATURE:ADJECTIVE,blood gnat,血飞虫
CREATURE:CASTE:SINGULAR,blood gnat,血飞虫
CREATURE:CASTE:PLURAL,blood gnats,血飞虫
CREATURE:CASTE:ADJECTIVE,blood gnat,血飞虫
CREATURE:SINGULAR,lizard,蜥蜴
CREATURE:PLURAL,lizards,蜥蜴
CREATURE:ADJECTIVE,lizard,蜥蜴
CREATURE:CASTE:SINGULAR,lizard,蜥蜴
CREATURE:CASTE:PLURAL,lizards,蜥蜴
CREATURE:CASTE:ADJECTIVE,lizard,蜥蜴
CREATURE:SINGULAR,lizard man,蜥蜴人
CREATURE:PLURAL,lizard men,蜥蜴人
CREATURE:ADJECTIVE,lizard man,蜥蜴人
CREATURE:CASTE:SINGULAR,lizard woman,女蜥蜴人
CREATURE:CASTE:SINGULAR,lizard man,男蜥蜴人
CREATURE:CASTE:PLURAL,lizard women,女蜥蜴人
CREATURE:CASTE:PLURAL,lizard men,男蜥蜴人
CREATURE:CASTE:ADJECTIVE,lizard woman,女蜥蜴人
CREATURE:CASTE:ADJECTIVE,lizard man,男蜥蜴人
CREATURE:SINGULAR,giant lizard,巨型蜥蜴
CREATURE:PLURAL,giant lizards,巨型蜥蜴
CREATURE:ADJECTIVE,giant lizard,巨型蜥蜴
CREATURE:CASTE:SINGULAR,giant lizard,巨型蜥蜴
CREATURE:CASTE:PLURAL,giant lizards,巨型蜥蜴
CREATURE:CASTE:ADJECTIVE,giant lizard,巨型蜥蜴
CREATURE:SINGULAR,skink,彩舌蜥
CREATURE:PLURAL,skinks,彩舌蜥
CREATURE:ADJECTIVE,skink,彩舌蜥
CREATURE:CASTE:SINGULAR,skink,彩舌蜥
CREATURE:CASTE:PLURAL,skinks,彩舌蜥
CREATURE:CASTE:ADJECTIVE,skink,彩舌蜥
CREATURE:SINGULAR,skink man,彩舌蜥人
CREATURE:PLURAL,skink men,彩舌蜥人
CREATURE:ADJECTIVE,skink man,彩舌蜥人
CREATURE:CASTE:SINGULAR,skink woman,女彩舌蜥人
CREATURE:CASTE:SINGULAR,skink man,男彩舌蜥人
CREATURE:CASTE:PLURAL,skink women,女彩舌蜥人
CREATURE:CASTE:PLURAL,skink men,男彩舌蜥人
CREATURE:CASTE:ADJECTIVE,skink woman,女彩舌蜥人
CREATURE:CASTE:ADJECTIVE,skink man,男彩舌蜥人
CREATURE:SINGULAR,giant skink,巨型彩舌蜥
CREATURE:PLURAL,giant skinks,巨型彩舌蜥
CREATURE:ADJECTIVE,giant skink,巨型彩舌蜥
CREATURE:CASTE:SINGULAR,giant skink,巨型彩舌蜥
CREATURE:CASTE:PLURAL,giant skinks,巨型彩舌蜥
CREATURE:CASTE:ADJECTIVE,giant skink,巨型彩舌蜥
CREATURE:SINGULAR,chameleon,变色蜥
CREATURE:PLURAL,chameleons,变色蜥
CREATURE:ADJECTIVE,chameleon,变色蜥
CREATURE:CASTE:SINGULAR,chameleon,变色蜥
CREATURE:CASTE:PLURAL,chameleons,变色蜥
CREATURE:CASTE:ADJECTIVE,chameleon,变色蜥
CREATURE:SINGULAR,chameleon man,变色蜥人
CREATURE:PLURAL,chameleon men,变色蜥人
CREATURE:ADJECTIVE,chameleon man,变色蜥人
CREATURE:CASTE:SINGULAR,chameleon woman,女变色蜥人
CREATURE:CASTE:SINGULAR,chameleon man,男变色蜥人
CREATURE:CASTE:PLURAL,chameleon women,女变色蜥人
CREATURE:CASTE:PLURAL,chameleon men,男变色蜥人
CREATURE:CASTE:ADJECTIVE,chameleon woman,女变色蜥人
CREATURE:CASTE:ADJECTIVE,chameleon man,男变色蜥人
CREATURE:SINGULAR,giant chameleon,巨型变色蜥
CREATURE:PLURAL,giant chameleons,巨型变色蜥
CREATURE:ADJECTIVE,giant chameleon,巨型变色蜥
CREATURE:CASTE:SINGULAR,giant chameleon,巨型变色蜥
CREATURE:CASTE:PLURAL,giant chameleons,巨型变色蜥
CREATURE:CASTE:ADJECTIVE,giant chameleon,巨型变色蜥
CREATURE:SINGULAR,anole,安乐蜥
CREATURE:PLURAL,anoles,安乐蜥
CREATURE:ADJECTIVE,anole,安乐蜥
CREATURE:CASTE:SINGULAR,anole,安乐蜥
CREATURE:CASTE:PLURAL,anoles,安乐蜥
CREATURE:CASTE:ADJECTIVE,anole,安乐蜥
CREATURE:SINGULAR,anole man,安乐蜥人
CREATURE:PLURAL,anole men,安乐蜥人
CREATURE:ADJECTIVE,anole man,安乐蜥人
CREATURE:CASTE:SINGULAR,anole woman,女安乐蜥人
CREATURE:CASTE:SINGULAR,anole man,男安乐蜥人
CREATURE:CASTE:PLURAL,anole women,女安乐蜥人
CREATURE:CASTE:PLURAL,anole men,男安乐蜥人
CREATURE:CASTE:ADJECTIVE,anole woman,女安乐蜥人
CREATURE:CASTE:ADJECTIVE,anole man,男安乐蜥人
CREATURE:SINGULAR,giant anole,巨型安乐蜥
CREATURE:PLURAL,giant anoles,巨型安乐蜥
CREATURE:ADJECTIVE,giant anole,巨型安乐蜥
CREATURE:CASTE:SINGULAR,giant anole,巨型安乐蜥
CREATURE:CASTE:PLURAL,giant anoles,巨型安乐蜥
CREATURE:CASTE:ADJECTIVE,giant anole,巨型安乐蜥
CREATURE:SINGULAR,iguana,鬣蜥
CREATURE:PLURAL,iguanas,鬣蜥
CREATURE:ADJECTIVE,iguana,鬣蜥
CREATURE:CASTE:SINGULAR,iguana,鬣蜥
CREATURE:CASTE:PLURAL,iguanas,鬣蜥
CREATURE:CASTE:ADJECTIVE,iguana,鬣蜥
CREATURE:SINGULAR,iguana man,鬣蜥人
CREATURE:PLURAL,iguana men,鬣蜥人
CREATURE:ADJECTIVE,iguana man,鬣蜥人
CREATURE:CASTE:SINGULAR,iguana woman,女鬣蜥人
CREATURE:CASTE:SINGULAR,iguana man,男鬣蜥人
CREATURE:CASTE:PLURAL,iguana women,女鬣蜥人
CREATURE:CASTE:PLURAL,iguana men,男鬣蜥人
CREATURE:CASTE:ADJECTIVE,iguana woman,女鬣蜥人
CREATURE:CASTE:ADJECTIVE,iguana man,男鬣蜥人
CREATURE:SINGULAR,giant iguana,巨型鬣蜥
CREATURE:PLURAL,giant iguanas,巨型鬣蜥
CREATURE:ADJECTIVE,giant iguana,巨型鬣蜥
CREATURE:CASTE:SINGULAR,giant iguana,巨型鬣蜥
CREATURE:CASTE:PLURAL,giant iguanas,巨型鬣蜥
CREATURE:CASTE:ADJECTIVE,giant iguana,巨型鬣蜥
CREATURE:SINGULAR,river otter,河獭
CREATURE:PLURAL,river otters,河獭
CREATURE:ADJECTIVE,river otter,河獭
CREATURE:CASTE:SINGULAR,river otter,河獭
CREATURE:CASTE:PLURAL,river otters,河獭
CREATURE:CASTE:ADJECTIVE,river otter,河獭
CREATURE:SINGULAR,sea otter,海獭
CREATURE:PLURAL,sea otters,海獭
CREATURE:ADJECTIVE,sea otter,海獭
CREATURE:CASTE:SINGULAR,sea otter,海獭
CREATURE:CASTE:PLURAL,sea otters,海獭
CREATURE:CASTE:ADJECTIVE,sea otter,海獭
CREATURE:SINGULAR,otter man,海獭人
CREATURE:PLURAL,otter men,海獭人
CREATURE:ADJECTIVE,otter man,海獭人
CREATURE:CASTE:SINGULAR,otter woman,女海獭人
CREATURE:CASTE:SINGULAR,otter man,男海獭人
CREATURE:CASTE:PLURAL,otter women,女海獭人
CREATURE:CASTE:PLURAL,otter men,男海獭人
CREATURE:CASTE:ADJECTIVE,otter woman,女海獭人
CREATURE:CASTE:ADJECTIVE,otter man,男海獭人
CREATURE:SINGULAR,giant otter,巨型海獭
CREATURE:PLURAL,giant otters,巨型海獭
CREATURE:ADJECTIVE,giant otter,巨型海獭
CREATURE:CASTE:SINGULAR,giant otter,巨型海獭
CREATURE:CASTE:PLURAL,giant otters,巨型海獭
CREATURE:CASTE:ADJECTIVE,giant otter,巨型海獭
CREATURE:SINGULAR,common snapping turtle,鹰嘴龟
CREATURE:PLURAL,common snapping turtles,鹰嘴龟
CREATURE:ADJECTIVE,common snapping turtle,鹰嘴龟
CREATURE:CASTE:SINGULAR,common snapping turtle,鹰嘴龟
CREATURE:CASTE:PLURAL,common snapping turtles,鹰嘴龟
CREATURE:CASTE:ADJECTIVE,common snapping turtle,鹰嘴龟
CREATURE:SINGULAR,alligator snapping turtle,大鳄龟
CREATURE:PLURAL,alligator snapping turtles,大鳄龟
CREATURE:ADJECTIVE,alligator snapping turtle,大鳄龟
CREATURE:CASTE:SINGULAR,alligator snapping turtle,大鳄龟
CREATURE:CASTE:PLURAL,alligator snapping turtles,大鳄龟
CREATURE:CASTE:ADJECTIVE,alligator snapping turtle,大鳄龟
CREATURE:SINGULAR,snapping turtle man,大鳄龟人
CREATURE:PLURAL,snapping turtle men,大鳄龟人
CREATURE:ADJECTIVE,snapping turtle man,大鳄龟人
CREATURE:CASTE:SINGULAR,snapping turtle woman,女大鳄龟人
CREATURE:CASTE:SINGULAR,snapping turtle man,男大鳄龟人
CREATURE:CASTE:PLURAL,snapping turtle women,女大鳄龟人
CREATURE:CASTE:PLURAL,snapping turtle men,男大鳄龟人
CREATURE:CASTE:ADJECTIVE,snapping turtle woman,女大鳄龟人
CREATURE:CASTE:ADJECTIVE,snapping turtle man,男大鳄龟人
CREATURE:SINGULAR,giant snapping turtle,巨型大鳄龟
CREATURE:PLURAL,giant snapping turtles,巨型大鳄龟
CREATURE:ADJECTIVE,giant snapping turtle,巨型大鳄龟
CREATURE:CASTE:SINGULAR,giant snapping turtle,巨型大鳄龟
CREATURE:CASTE:PLURAL,giant snapping turtles,巨型大鳄龟
CREATURE:CASTE:ADJECTIVE,giant snapping turtle,巨型大鳄龟
CREATURE:SINGULAR,beaver,海狸
CREATURE:PLURAL,beavers,海狸
CREATURE:ADJECTIVE,beaver,海狸
CREATURE:CASTE:SINGULAR,beaver,海狸
CREATURE:CASTE:PLURAL,beavers,海狸
CREATURE:CASTE:ADJECTIVE,beaver,海狸
CREATURE:SINGULAR,beaver man,海狸人
CREATURE:PLURAL,beaver men,海狸人
CREATURE:ADJECTIVE,beaver man,海狸人
CREATURE:CASTE:SINGULAR,beaver woman,女海狸人
CREATURE:CASTE:SINGULAR,beaver man,男海狸人
CREATURE:CASTE:PLURAL,beaver women,女海狸人
CREATURE:CASTE:PLURAL,beaver men,男海狸人
CREATURE:CASTE:ADJECTIVE,beaver woman,女海狸人
CREATURE:CASTE:ADJECTIVE,beaver man,男海狸人
CREATURE:SINGULAR,giant beaver,巨型海狸
CREATURE:PLURAL,giant beavers,巨型海狸
CREATURE:ADJECTIVE,giant beaver,巨型海狸
CREATURE:CASTE:SINGULAR,giant beaver,巨型海狸
CREATURE:CASTE:PLURAL,giant beavers,巨型海狸
CREATURE:CASTE:ADJECTIVE,giant beaver,巨型海狸
CREATURE:SINGULAR,leech,水蛭
CREATURE:PLURAL,leeches,水蛭
CREATURE:ADJECTIVE,leech,水蛭
CREATURE:CASTE:SINGULAR,leech,水蛭
CREATURE:CASTE:PLURAL,leeches,水蛭
CREATURE:CASTE:ADJECTIVE,leech,水蛭
CREATURE:SINGULAR,leech man,水蛭人
CREATURE:PLURAL,leech men,水蛭人
CREATURE:ADJECTIVE,leech man,水蛭人
CREATURE:CASTE:SINGULAR,leech man,水蛭人
CREATURE:CASTE:PLURAL,leech men,水蛭人
CREATURE:CASTE:ADJECTIVE,leech man,水蛭人
CREATURE:SINGULAR,giant leech,巨型水蛭
CREATURE:PLURAL,giant leeches,巨型水蛭
CREATURE:ADJECTIVE,giant leech,巨型水蛭
CREATURE:CASTE:SINGULAR,giant leech,巨型水蛭
CREATURE:CASTE:PLURAL,giant leeches,巨型水蛭
CREATURE:CASTE:ADJECTIVE,giant leech,巨型水蛭
CREATURE:SINGULAR,axolotl,蝾螈
CREATURE:PLURAL,axolotls,蝾螈
CREATURE:ADJECTIVE,axolotl,蝾螈
CREATURE:CASTE:SINGULAR,axolotl,蝾螈
CREATURE:CASTE:PLURAL,axolotls,蝾螈
CREATURE:CASTE:ADJECTIVE,axolotl,蝾螈
CREATURE:SINGULAR,axolotl man,蝾螈人
CREATURE:PLURAL,axolotl men,蝾螈人
CREATURE:ADJECTIVE,axolotl man,蝾螈人
CREATURE:CASTE:SINGULAR,axolotl woman,女蝾螈人
CREATURE:CASTE:SINGULAR,axolotl man,男蝾螈人
CREATURE:CASTE:PLURAL,axolotl women,女蝾螈人
CREATURE:CASTE:PLURAL,axolotl men,男蝾螈人
CREATURE:CASTE:ADJECTIVE,axolotl woman,女蝾螈人
CREATURE:CASTE:ADJECTIVE,axolotl man,男蝾螈人
CREATURE:SINGULAR,giant axolotl,巨型蝾螈
CREATURE:PLURAL,giant axolotls,巨型蝾螈
CREATURE:ADJECTIVE,giant axolotl,巨型蝾螈
CREATURE:CASTE:SINGULAR,giant axolotl,巨型蝾螈
CREATURE:CASTE:PLURAL,giant axolotls,巨型蝾螈
CREATURE:CASTE:ADJECTIVE,giant axolotl,巨型蝾螈
CREATURE:SINGULAR,mink,水貂
CREATURE:PLURAL,minks,水貂
CREATURE:ADJECTIVE,mink,水貂
CREATURE:CASTE:SINGULAR,mink,水貂
CREATURE:CASTE:PLURAL,minks,水貂
CREATURE:CASTE:ADJECTIVE,mink,水貂
CREATURE:SINGULAR,mink man,水貂人
CREATURE:PLURAL,mink men,水貂人
CREATURE:ADJECTIVE,mink man,水貂人
CREATURE:CASTE:SINGULAR,mink woman,女水貂人
CREATURE:CASTE:SINGULAR,mink man,男水貂人
CREATURE:CASTE:PLURAL,mink women,女水貂人
CREATURE:CASTE:PLURAL,mink men,男水貂人
CREATURE:CASTE:ADJECTIVE,mink woman,女水貂人
CREATURE:CASTE:ADJECTIVE,mink man,男水貂人
CREATURE:SINGULAR,giant mink,巨型水貂
CREATURE:PLURAL,giant minks,巨型水貂
CREATURE:ADJECTIVE,giant mink,巨型水貂
CREATURE:CASTE:SINGULAR,giant mink,巨型水貂
CREATURE:CASTE:PLURAL,giant minks,巨型水貂
CREATURE:CASTE:ADJECTIVE,giant mink,巨型水貂
CREATURE:SINGULAR,pond turtle,池龟
CREATURE:PLURAL,pond turtles,池龟
CREATURE:ADJECTIVE,pond turtle,池龟
CREATURE:CASTE:SINGULAR,pond turtle,池龟
CREATURE:CASTE:PLURAL,pond turtles,池龟
CREATURE:CASTE:ADJECTIVE,pond turtle,池龟
CREATURE:SINGULAR,pond turtle man,池龟人
CREATURE:PLURAL,pond turtle men,池龟人
CREATURE:ADJECTIVE,pond turtle man,池龟人
CREATURE:CASTE:SINGULAR,pond turtle woman,女池龟人
CREATURE:CASTE:SINGULAR,pond turtle man,男池龟人
CREATURE:CASTE:PLURAL,pond turtle women,女池龟人
CREATURE:CASTE:PLURAL,pond turtle men,男池龟人
CREATURE:CASTE:ADJECTIVE,pond turtle woman,女池龟人
CREATURE:CASTE:ADJECTIVE,pond turtle man,男池龟人
CREATURE:SINGULAR,giant pond turtle,巨型池龟
CREATURE:PLURAL,giant pond turtles,巨型池龟
CREATURE:ADJECTIVE,giant pond turtle,巨型池龟
CREATURE:CASTE:SINGULAR,giant pond turtle,巨型池龟
CREATURE:CASTE:PLURAL,giant pond turtles,巨型池龟
CREATURE:CASTE:ADJECTIVE,giant pond turtle,巨型池龟
CREATURE:SINGULAR,hamster,仓鼠
CREATURE:PLURAL,hamsters,仓鼠
CREATURE:ADJECTIVE,hamster,仓鼠
CREATURE:CASTE:SINGULAR,hamster,仓鼠
CREATURE:CASTE:PLURAL,hamsters,仓鼠
CREATURE:CASTE:ADJECTIVE,hamster,仓鼠
CREATURE:SINGULAR,hamster man,仓鼠人
CREATURE:PLURAL,hamster men,仓鼠人
CREATURE:ADJECTIVE,hamster man,仓鼠人
CREATURE:CASTE:SINGULAR,hamster woman,雌仓鼠人
CREATURE:CASTE:SINGULAR,hamster man,雄仓鼠人
CREATURE:CASTE:PLURAL,hamster women,雌仓鼠人
CREATURE:CASTE:PLURAL,hamster men,雄仓鼠人
CREATURE:CASTE:ADJECTIVE,hamster woman,雌仓鼠人
CREATURE:CASTE:ADJECTIVE,hamster man,雄仓鼠人
CREATURE:SINGULAR,giant hamster,巨型仓鼠
CREATURE:PLURAL,giant hamsters,巨型仓鼠
CREATURE:ADJECTIVE,giant hamster,巨型仓鼠
CREATURE:CASTE:SINGULAR,giant hamster,巨型仓鼠
CREATURE:CASTE:PLURAL,giant hamsters,巨型仓鼠
CREATURE:CASTE:ADJECTIVE,giant hamster,巨型仓鼠
CREATURE:SINGULAR,hedgehog,刺猬
CREATURE:PLURAL,hedgehogs,刺猬
CREATURE:ADJECTIVE,hedgehog,刺猬
CREATURE:CASTE:SINGULAR,hedgehog,刺猬
CREATURE:CASTE:PLURAL,hedgehogs,刺猬
CREATURE:CASTE:ADJECTIVE,hedgehog,刺猬
CREATURE:SINGULAR,hedgehog man,刺猬人
CREATURE:PLURAL,hedgehog men,刺猬人
CREATURE:ADJECTIVE,hedgehog man,刺猬人
CREATURE:CASTE:SINGULAR,hedgehog woman,雌刺猬人
CREATURE:CASTE:SINGULAR,hedgehog man,雄刺猬人
CREATURE:CASTE:PLURAL,hedgehog women,雌刺猬人
CREATURE:CASTE:PLURAL,hedgehog men,雄刺猬人
CREATURE:CASTE:ADJECTIVE,hedgehog woman,雌刺猬人
CREATURE:CASTE:ADJECTIVE,hedgehog man,雄刺猬人
CREATURE:SINGULAR,giant hedgehog,巨型刺猬
CREATURE:PLURAL,giant hedgehogs,巨型刺猬
CREATURE:ADJECTIVE,giant hedgehog,巨型刺猬
CREATURE:CASTE:SINGULAR,giant hedgehog,巨型刺猬
CREATURE:CASTE:PLURAL,giant hedgehogs,巨型刺猬
CREATURE:CASTE:ADJECTIVE,giant hedgehog,巨型刺猬
CREATURE:SINGULAR,flying squirrel,鼯鼠
CREATURE:PLURAL,flying squirrels,鼯鼠
CREATURE:ADJECTIVE,flying squirrel,鼯鼠
CREATURE:CASTE:SINGULAR,flying squirrel,鼯鼠
CREATURE:CASTE:PLURAL,flying squirrels,鼯鼠
CREATURE:CASTE:ADJECTIVE,flying squirrel,鼯鼠
CREATURE:SINGULAR,flying squirrel man,鼯鼠人
CREATURE:PLURAL,flying squirrel men,鼯鼠人
CREATURE:ADJECTIVE,flying squirrel man,鼯鼠人
CREATURE:CASTE:SINGULAR,flying squirrel woman,雌鼯鼠人
CREATURE:CASTE:SINGULAR,flying squirrel man,雄鼯鼠人
CREATURE:CASTE:PLURAL,flying squirrel women,雌鼯鼠人
CREATURE:CASTE:PLURAL,flying squirrel men,雄鼯鼠人
CREATURE:CASTE:ADJECTIVE,flying squirrel woman,雌鼯鼠人
CREATURE:CASTE:ADJECTIVE,flying squirrel man,雄鼯鼠人
CREATURE:SINGULAR,giant flying squirrel,巨型鼯鼠
CREATURE:PLURAL,giant flying squirrels,巨型鼯鼠
CREATURE:ADJECTIVE,giant flying squirrel,巨型鼯鼠
CREATURE:CASTE:SINGULAR,giant flying squirrel,巨型鼯鼠
CREATURE:CASTE:PLURAL,giant flying squirrels,巨型鼯鼠
CREATURE:CASTE:ADJECTIVE,giant flying squirrel,巨型鼯鼠
CREATURE:SINGULAR,rat,老鼠
CREATURE:PLURAL,rats,老鼠
CREATURE:ADJECTIVE,rat,老鼠
CREATURE:CASTE:SINGULAR,rat,老鼠
CREATURE:CASTE:PLURAL,rats,老鼠
CREATURE:CASTE:ADJECTIVE,rat,老鼠
CREATURE:SINGULAR,rat man,老鼠人
CREATURE:PLURAL,rat men,老鼠人
CREATURE:ADJECTIVE,rat man,老鼠人
CREATURE:CASTE:SINGULAR,rat woman,雌老鼠人
CREATURE:CASTE:SINGULAR,rat man,雄老鼠人
CREATURE:CASTE:PLURAL,rat women,雌老鼠人
CREATURE:CASTE:PLURAL,rat men,雄老鼠人
CREATURE:CASTE:ADJECTIVE,rat woman,雌老鼠人
CREATURE:CASTE:ADJECTIVE,rat man,雄老鼠人
CREATURE:SINGULAR,gray squirrel,灰松鼠
CREATURE:PLURAL,gray squirrels,灰松鼠
CREATURE:ADJECTIVE,gray squirrel,灰松鼠
CREATURE:CASTE:SINGULAR,gray squirrel,灰松鼠
CREATURE:CASTE:PLURAL,gray squirrels,灰松鼠
CREATURE:CASTE:ADJECTIVE,gray squirrel,灰松鼠
CREATURE:SINGULAR,gray squirrel man,灰松鼠人
CREATURE:PLURAL,gray squirrel men,灰松鼠人
CREATURE:ADJECTIVE,gray squirrel man,灰松鼠人
CREATURE:CASTE:SINGULAR,gray squirrel woman,雌灰松鼠人
CREATURE:CASTE:SINGULAR,gray squirrel man,雄灰松鼠人
CREATURE:CASTE:PLURAL,gray squirrel women,雌灰松鼠人
CREATURE:CASTE:PLURAL,gray squirrel men,雄灰松鼠人
CREATURE:CASTE:ADJECTIVE,gray squirrel woman,雌灰松鼠人
CREATURE:CASTE:ADJECTIVE,gray squirrel man,雄灰松鼠人
CREATURE:SINGULAR,giant gray squirrel,巨型灰松鼠
CREATURE:PLURAL,giant gray squirrels,巨型灰松鼠
CREATURE:ADJECTIVE,giant gray squirrel,巨型灰松鼠
CREATURE:CASTE:SINGULAR,giant gray squirrel,巨型灰松鼠
CREATURE:CASTE:PLURAL,giant gray squirrels,巨型灰松鼠
CREATURE:CASTE:ADJECTIVE,giant gray squirrel,巨型灰松鼠
CREATURE:SINGULAR,red squirrel,红松鼠
CREATURE:PLURAL,red squirrels,红松鼠
CREATURE:ADJECTIVE,red squirrel,红松鼠
CREATURE:CASTE:SINGULAR,red squirrel,红松鼠
CREATURE:CASTE:PLURAL,red squirrels,红松鼠
CREATURE:CASTE:ADJECTIVE,red squirrel,红松鼠
CREATURE:SINGULAR,red squirrel man,红松鼠人
CREATURE:PLURAL,red squirrel men,红松鼠人
CREATURE:ADJECTIVE,red squirrel man,红松鼠人
CREATURE:CASTE:SINGULAR,red squirrel woman,雌红松鼠人
CREATURE:CASTE:SINGULAR,red squirrel man,雄红松鼠人
CREATURE:CASTE:PLURAL,red squirrel women,雌红松鼠人
CREATURE:CASTE:PLURAL,red squirrel men,雄红松鼠人
CREATURE:CASTE:ADJECTIVE,red squirrel woman,雌红松鼠人
CREATURE:CASTE:ADJECTIVE,red squirrel man,雄红松鼠人
CREATURE:SINGULAR,giant red squirrel,巨型红松鼠
CREATURE:PLURAL,giant red squirrels,巨型红松鼠
CREATURE:ADJECTIVE,giant red squirrel,巨型红松鼠
CREATURE:CASTE:SINGULAR,giant red squirrel,巨型红松鼠
CREATURE:CASTE:PLURAL,giant red squirrels,巨型红松鼠
CREATURE:CASTE:ADJECTIVE,giant red squirrel,巨型红松鼠
CREATURE:SINGULAR,chipmunk,花栗鼠
CREATURE:PLURAL,chipmunks,花栗鼠
CREATURE:ADJECTIVE,chipmunk,花栗鼠
CREATURE:CASTE:SINGULAR,chipmunk,花栗鼠
CREATURE:CASTE:PLURAL,chipmunks,花栗鼠
CREATURE:CASTE:ADJECTIVE,chipmunk,花栗鼠
CREATURE:SINGULAR,chipmunk man,花栗鼠人
CREATURE:PLURAL,chipmunk men,花栗鼠人
CREATURE:ADJECTIVE,chipmunk man,花栗鼠人
CREATURE:CASTE:SINGULAR,chipmunk woman,雌花栗鼠人
CREATURE:CASTE:SINGULAR,chipmunk man,雄花栗鼠人
CREATURE:CASTE:PLURAL,chipmunk women,雌花栗鼠人
CREATURE:CASTE:PLURAL,chipmunk men,雄花栗鼠人
CREATURE:CASTE:ADJECTIVE,chipmunk woman,雌花栗鼠人
CREATURE:CASTE:ADJECTIVE,chipmunk man,雄花栗鼠人
CREATURE:SINGULAR,giant chipmunk,巨型花栗鼠
CREATURE:PLURAL,giant chipmunks,巨型花栗鼠
CREATURE:ADJECTIVE,giant chipmunk,巨型花栗鼠
CREATURE:CASTE:SINGULAR,giant chipmunk,巨型花栗鼠
CREATURE:CASTE:PLURAL,giant chipmunks,巨型花栗鼠
CREATURE:CASTE:ADJECTIVE,giant chipmunk,巨型花栗鼠
CREATURE:SINGULAR,mussel,贻贝
CREATURE:PLURAL,mussels,贻贝
CREATURE:ADJECTIVE,mussel,贻贝
CREATURE:CASTE:SINGULAR,mussel,贻贝
CREATURE:CASTE:PLURAL,mussels,贻贝
CREATURE:CASTE:ADJECTIVE,mussel,贻贝
CREATURE:SINGULAR,oyster,牡蛎
CREATURE:PLURAL,oysters,牡蛎
CREATURE:ADJECTIVE,oyster,牡蛎
CREATURE:CASTE:SINGULAR,oyster,牡蛎
CREATURE:CASTE:PLURAL,oysters,牡蛎
CREATURE:CASTE:ADJECTIVE,oyster,牡蛎
CREATURE:SINGULAR,salmon,鲑鱼
CREATURE:PLURAL,salmon,鲑鱼
CREATURE:ADJECTIVE,salmon,鲑鱼
CREATURE:CASTE:SINGULAR,salmon,鲑鱼
CREATURE:CASTE:PLURAL,salmon,鲑鱼
CREATURE:CASTE:ADJECTIVE,salmon,鲑鱼
CREATURE:SINGULAR,clownfish,小丑鱼
CREATURE:PLURAL,clownfish,小丑鱼
CREATURE:ADJECTIVE,clownfish,小丑鱼
CREATURE:CASTE:SINGULAR,clownfish,小丑鱼
CREATURE:CASTE:PLURAL,clownfish,小丑鱼
CREATURE:CASTE:ADJECTIVE,clownfish,小丑鱼
CREATURE:SINGULAR,hagfish,盲鳗
CREATURE:PLURAL,hagfish,盲鳗
CREATURE:ADJECTIVE,hagfish,盲鳗
CREATURE:CASTE:SINGULAR,hagfish,盲鳗
CREATURE:CASTE:PLURAL,hagfish,盲鳗
CREATURE:CASTE:ADJECTIVE,hagfish,盲鳗
CREATURE:SINGULAR,brook lamprey,河七鳃鳗
CREATURE:PLURAL,brook lampreys,河七鳃鳗
CREATURE:ADJECTIVE,brook lamprey,河七鳃鳗
CREATURE:CASTE:SINGULAR,brook lamprey,河七鳃鳗
CREATURE:CASTE:PLURAL,brook lampreys,河七鳃鳗
CREATURE:CASTE:ADJECTIVE,brook lamprey,河七鳃鳗
CREATURE:SINGULAR,bat ray,蝠鲼
CREATURE:PLURAL,bat rays,蝠鲼
CREATURE:ADJECTIVE,bat ray,蝠鲼
CREATURE:CASTE:SINGULAR,bat ray,蝠鲼
CREATURE:CASTE:PLURAL,bat rays,蝠鲼
CREATURE:CASTE:ADJECTIVE,bat ray,蝠鲼
CREATURE:SINGULAR,thornback ray,刺鳐
CREATURE:PLURAL,thornback rays,刺鳐
CREATURE:ADJECTIVE,thornback ray,刺鳐
CREATURE:CASTE:SINGULAR,thornback ray,刺鳐
CREATURE:CASTE:PLURAL,thornback rays,刺鳐
CREATURE:CASTE:ADJECTIVE,thornback ray,刺鳐
CREATURE:SINGULAR,spotted ratfish,斑点鼠鱼
CREATURE:PLURAL,spotted ratfish,斑点鼠鱼
CREATURE:ADJECTIVE,spotted ratfish,斑点鼠鱼
CREATURE:CASTE:SINGULAR,spotted ratfish,斑点鼠鱼
CREATURE:CASTE:PLURAL,spotted ratfish,斑点鼠鱼
CREATURE:CASTE:ADJECTIVE,spotted ratfish,斑点鼠鱼
CREATURE:SINGULAR,herring,鲱鱼
CREATURE:PLURAL,herrings,鲱鱼
CREATURE:ADJECTIVE,herring,鲱鱼
CREATURE:CASTE:SINGULAR,herring,鲱鱼
CREATURE:CASTE:PLURAL,herrings,鲱鱼
CREATURE:CASTE:ADJECTIVE,herring,鲱鱼
CREATURE:SINGULAR,shad,河鲱
CREATURE:PLURAL,shads,河鲱
CREATURE:ADJECTIVE,shad,河鲱
CREATURE:CASTE:SINGULAR,shad,河鲱
CREATURE:CASTE:PLURAL,shads,河鲱
CREATURE:CASTE:ADJECTIVE,shad,河鲱
CREATURE:SINGULAR,anchovy,凤尾鱼
CREATURE:PLURAL,anchovies,凤尾鱼
CREATURE:ADJECTIVE,anchovy,凤尾鱼
CREATURE:CASTE:SINGULAR,anchovy,凤尾鱼
CREATURE:CASTE:PLURAL,anchovies,凤尾鱼
CREATURE:CASTE:ADJECTIVE,anchovy,凤尾鱼
CREATURE:SINGULAR,steelhead trout,硬头鳟
CREATURE:PLURAL,steelhead trout,硬头鳟
CREATURE:ADJECTIVE,steelhead trout,硬头鳟
CREATURE:CASTE:SINGULAR,steelhead trout,硬头鳟
CREATURE:CASTE:PLURAL,steelhead trout,硬头鳟
CREATURE:CASTE:ADJECTIVE,steelhead trout,硬头鳟
CREATURE:SINGULAR,hake,无须鳕
CREATURE:PLURAL,hake,无须鳕
CREATURE:ADJECTIVE,hake,无须鳕
CREATURE:CASTE:SINGULAR,hake,无须鳕
CREATURE:CASTE:PLURAL,hake,无须鳕
CREATURE:CASTE:ADJECTIVE,hake,无须鳕
CREATURE:SINGULAR,seahorse,海马
CREATURE:PLURAL,seahorses,海马
CREATURE:ADJECTIVE,seahorse,海马
CREATURE:CASTE:SINGULAR,seahorse,海马
CREATURE:CASTE:PLURAL,seahorses,海马
CREATURE:CASTE:ADJECTIVE,seahorse,海马
CREATURE:SINGULAR,glasseye,斑鳍大眼鲷
CREATURE:PLURAL,glasseye,斑鳍大眼鲷
CREATURE:ADJECTIVE,glasseye,斑鳍大眼鲷
CREATURE:CASTE:SINGULAR,glasseye,斑鳍大眼鲷
CREATURE:CASTE:PLURAL,glasseye,斑鳍大眼鲷
CREATURE:CASTE:ADJECTIVE,glasseye,斑鳍大眼鲷
CREATURE:SINGULAR,white-spotted puffer,白斑河豚
CREATURE:PLURAL,white-spotted puffers,白斑河豚
CREATURE:ADJECTIVE,white-spotted puffer,白斑河豚
CREATURE:CASTE:SINGULAR,white-spotted puffer,白斑河豚
CREATURE:CASTE:PLURAL,white-spotted puffers,白斑河豚
CREATURE:CASTE:ADJECTIVE,white-spotted puffer,白斑河豚
CREATURE:SINGULAR,sole,鳎鱼
CREATURE:PLURAL,sole,鳎鱼
CREATURE:ADJECTIVE,sole,鳎鱼
CREATURE:CASTE:SINGULAR,sole,鳎鱼
CREATURE:CASTE:PLURAL,sole,鳎鱼
CREATURE:CASTE:ADJECTIVE,sole,鳎鱼
CREATURE:SINGULAR,flounder,鲽鱼
CREATURE:PLURAL,flounders,鲽鱼
CREATURE:ADJECTIVE,flounder,鲽鱼
CREATURE:CASTE:SINGULAR,flounder,鲽鱼
CREATURE:CASTE:PLURAL,flounders,鲽鱼
CREATURE:CASTE:ADJECTIVE,flounder,鲽鱼
CREATURE:SINGULAR,mackerel,鲭鱼
CREATURE:PLURAL,mackerel,鲭鱼
CREATURE:ADJECTIVE,mackerel,鲭鱼
CREATURE:CASTE:SINGULAR,mackerel,鲭鱼
CREATURE:CASTE:PLURAL,mackerel,鲭鱼
CREATURE:CASTE:ADJECTIVE,mackerel,鲭鱼
CREATURE:SINGULAR,sea nettle jellyfish,海荨麻水母
CREATURE:PLURAL,sea nettle jellyfish,海荨麻水母
CREATURE:ADJECTIVE,sea nettle jellyfish,海荨麻水母
CREATURE:CASTE:SINGULAR,sea nettle jellyfish,海荨麻水母
CREATURE:CASTE:PLURAL,sea nettle jellyfish,海荨麻水母
CREATURE:CASTE:ADJECTIVE,sea nettle jellyfish,海荨麻水母
CREATURE:SINGULAR,squid,鱿鱼
CREATURE:PLURAL,squids,鱿鱼
CREATURE:ADJECTIVE,squid,鱿鱼
CREATURE:CASTE:SINGULAR,squid,鱿鱼
CREATURE:CASTE:PLURAL,squids,鱿鱼
CREATURE:CASTE:ADJECTIVE,squid,鱿鱼
CREATURE:SINGULAR,squid man,鱿鱼人
CREATURE:PLURAL,squid men,鱿鱼人
CREATURE:ADJECTIVE,squid man,鱿鱼人
CREATURE:CASTE:SINGULAR,squid woman,雌鱿鱼人
CREATURE:CASTE:SINGULAR,squid man,雄鱿鱼人
CREATURE:CASTE:PLURAL,squid women,雌鱿鱼人
CREATURE:CASTE:PLURAL,squid men,雄鱿鱼人
CREATURE:CASTE:ADJECTIVE,squid woman,雌鱿鱼人
CREATURE:CASTE:ADJECTIVE,squid man,雄鱿鱼人
CREATURE:SINGULAR,gigantic squid,超巨型鱿鱼
CREATURE:PLURAL,gigantic squids,超巨型鱿鱼
CREATURE:ADJECTIVE,gigantic squid,超巨型鱿鱼
CREATURE:CASTE:SINGULAR,gigantic squid,超巨型鱿鱼
CREATURE:CASTE:PLURAL,gigantic squids,超巨型鱿鱼
CREATURE:CASTE:ADJECTIVE,gigantic squid,超巨型鱿鱼
CREATURE:SINGULAR,lungfish,肺鱼
CREATURE:PLURAL,lungfish,肺鱼
CREATURE:ADJECTIVE,lungfish,肺鱼
CREATURE:CASTE:SINGULAR,lungfish,肺鱼
CREATURE:CASTE:PLURAL,lungfish,肺鱼
CREATURE:CASTE:ADJECTIVE,lungfish,肺鱼
CREATURE:SINGULAR,clown loach,丑鳅鱼
CREATURE:PLURAL,clown loaches,丑鳅鱼
CREATURE:ADJECTIVE,clown loach,丑鳅鱼
CREATURE:CASTE:SINGULAR,clown loach,丑鳅鱼
CREATURE:CASTE:PLURAL,clown loaches,丑鳅鱼
CREATURE:CASTE:ADJECTIVE,clown loach,丑鳅鱼
CREATURE:SINGULAR,brown bullhead,棕鲶鱼
CREATURE:PLURAL,brown bullheads,棕鲶鱼
CREATURE:ADJECTIVE,brown bullhead,棕鲶鱼
CREATURE:CASTE:SINGULAR,brown bullhead,棕鲶鱼
CREATURE:CASTE:PLURAL,brown bullheads,棕鲶鱼
CREATURE:CASTE:ADJECTIVE,brown bullhead,棕鲶鱼
CREATURE:SINGULAR,yellow bullhead,黄鲶鱼
CREATURE:PLURAL,yellow bullheads,黄鲶鱼
CREATURE:ADJECTIVE,yellow bullhead,黄鲶鱼
CREATURE:CASTE:SINGULAR,yellow bullhead,黄鲶鱼
CREATURE:CASTE:PLURAL,yellow bullheads,黄鲶鱼
CREATURE:CASTE:ADJECTIVE,yellow bullhead,黄鲶鱼
CREATURE:SINGULAR,black bullhead,黑鲶鱼
CREATURE:PLURAL,black bullheads,黑鲶鱼
CREATURE:ADJECTIVE,black bullhead,黑鲶鱼
CREATURE:CASTE:SINGULAR,black bullhead,黑鲶鱼
CREATURE:CASTE:PLURAL,black bullheads,黑鲶鱼
CREATURE:CASTE:ADJECTIVE,black bullhead,黑鲶鱼
CREATURE:SINGULAR,banded knifefish,带状刀鱼
CREATURE:PLURAL,banded knifefish,带状刀鱼
CREATURE:ADJECTIVE,banded knifefish,带状刀鱼
CREATURE:CASTE:SINGULAR,banded knifefish,带状刀鱼
CREATURE:CASTE:PLURAL,banded knifefish,带状刀鱼
CREATURE:CASTE:ADJECTIVE,banded knifefish,带状刀鱼
CREATURE:SINGULAR,char,红点鲑
CREATURE:PLURAL,char,红点鲑
CREATURE:ADJECTIVE,char,红点鲑
CREATURE:CASTE:SINGULAR,char,红点鲑
CREATURE:CASTE:PLURAL,char,红点鲑
CREATURE:CASTE:ADJECTIVE,char,红点鲑
CREATURE:SINGULAR,rainbow trout,虹鳟
CREATURE:PLURAL,rainbow trout,虹鳟
CREATURE:ADJECTIVE,rainbow trout,虹鳟
CREATURE:CASTE:SINGULAR,rainbow trout,虹鳟
CREATURE:CASTE:PLURAL,rainbow trout,虹鳟
CREATURE:CASTE:ADJECTIVE,rainbow trout,虹鳟
CREATURE:SINGULAR,sailfin molly,帆鳍花鳉
CREATURE:PLURAL,sailfin mollies,帆鳍花鳉
CREATURE:ADJECTIVE,sailfin molly,帆鳍花鳉
CREATURE:CASTE:SINGULAR,sailfin molly,帆鳍花鳉
CREATURE:CASTE:PLURAL,sailfin mollies,帆鳍花鳉
CREATURE:CASTE:ADJECTIVE,sailfin molly,帆鳍花鳉
CREATURE:SINGULAR,guppy,虹鳉
CREATURE:PLURAL,guppies,虹鳉
CREATURE:ADJECTIVE,guppy,虹鳉
CREATURE:CASTE:SINGULAR,guppy,虹鳉
CREATURE:CASTE:PLURAL,guppies,虹鳉
CREATURE:CASTE:ADJECTIVE,guppy,虹鳉
CREATURE:SINGULAR,perch,鲈鱼
CREATURE:PLURAL,perch,鲈鱼
CREATURE:ADJECTIVE,perch,鲈鱼
CREATURE:CASTE:SINGULAR,perch,鲈鱼
CREATURE:CASTE:PLURAL,perch,鲈鱼
CREATURE:CASTE:ADJECTIVE,perch,鲈鱼
CREATURE:SINGULAR,dwarf,矮人
CREATURE:PLURAL,dwarves,矮人
CREATURE:ADJECTIVE,dwarven,矮人
CREATURE:CASTE:SINGULAR,dwarf,矮人
CREATURE:CASTE:PLURAL,dwarves,矮人
CREATURE:CASTE:ADJECTIVE,dwarven,矮人
CREATURE:SINGULAR,human,人类
CREATURE:PLURAL,humans,人类
CREATURE:ADJECTIVE,human,人类
CREATURE:CASTE:SINGULAR,human,人类
CREATURE:CASTE:PLURAL,humans,人类
CREATURE:CASTE:ADJECTIVE,human,人类
CREATURE:SINGULAR,elf,精灵
CREATURE:PLURAL,elves,精灵
CREATURE:ADJECTIVE,elven,精灵
CREATURE:CASTE:SINGULAR,elf,精灵
CREATURE:CASTE:PLURAL,elves,精灵
CREATURE:CASTE:ADJECTIVE,elven,精灵
CREATURE:SINGULAR,goblin,妖精
CREATURE:PLURAL,goblins,妖精
CREATURE:ADJECTIVE,goblin,妖精
CREATURE:CASTE:SINGULAR,goblin,妖精
CREATURE:CASTE:PLURAL,goblins,妖精
CREATURE:CASTE:ADJECTIVE,goblin,妖精
CREATURE:SINGULAR,kobold,犬蜥人
CREATURE:PLURAL,kobolds,犬蜥人
CREATURE:ADJECTIVE,kobold,犬蜥人
CREATURE:CASTE:SINGULAR,kobold,犬蜥人
CREATURE:CASTE:PLURAL,kobolds,犬蜥人
CREATURE:CASTE:ADJECTIVE,kobold,犬蜥人
CREATURE:SINGULAR,gremlin,麻烦鬼
CREATURE:PLURAL,gremlins,麻烦鬼
CREATURE:ADJECTIVE,gremlin,麻烦鬼
CREATURE:CASTE:SINGULAR,gremlin,麻烦鬼
CREATURE:CASTE:PLURAL,gremlins,麻烦鬼
CREATURE:CASTE:ADJECTIVE,gremlin,麻烦鬼
CREATURE:SINGULAR,troll,巨魔
CREATURE:PLURAL,trolls,巨魔
CREATURE:ADJECTIVE,troll,巨魔
CREATURE:CASTE:SINGULAR,troll,巨魔
CREATURE:CASTE:PLURAL,trolls,巨魔
CREATURE:CASTE:ADJECTIVE,troll,巨魔
CREATURE:SINGULAR,ogre,食人魔
CREATURE:PLURAL,ogres,食人魔
CREATURE:ADJECTIVE,ogre,食人魔
CREATURE:CASTE:SINGULAR,ogress,雌食人魔
CREATURE:CASTE:SINGULAR,ogre,雄食人魔
CREATURE:CASTE:PLURAL,ogresses,雌食人魔
CREATURE:CASTE:PLURAL,ogres,雄食人魔
CREATURE:CASTE:ADJECTIVE,ogress,雌食人魔
CREATURE:CASTE:ADJECTIVE,ogre,雄食人魔
CREATURE:SINGULAR,unicorn,独角兽
CREATURE:PLURAL,unicorns,独角兽
CREATURE:ADJECTIVE,unicorn,独角兽
CREATURE:CASTE:SINGULAR,unicorn,独角兽
CREATURE:CASTE:PLURAL,unicorns,独角兽
CREATURE:CASTE:ADJECTIVE,unicorn,独角兽
CREATURE:SINGULAR,dragon,巨龙
CREATURE:PLURAL,dragons,巨龙
CREATURE:ADJECTIVE,draconic,巨龙
CREATURE:CASTE:SINGULAR,dragon,巨龙
CREATURE:CASTE:PLURAL,dragons,巨龙
CREATURE:CASTE:ADJECTIVE,draconic,巨龙
CREATURE:SINGULAR,satyr,萨堤尔
CREATURE:PLURAL,satyrs,萨堤尔
CREATURE:ADJECTIVE,satyr,萨堤尔
CREATURE:CASTE:SINGULAR,satyr,萨堤尔
CREATURE:CASTE:PLURAL,satyrs,萨堤尔
CREATURE:CASTE:ADJECTIVE,satyr,萨堤尔
CREATURE:SINGULAR,bronze colossus,青铜巨像
CREATURE:PLURAL,bronze colossuses,青铜巨像
CREATURE:ADJECTIVE,bronze colossus,青铜巨像
CREATURE:CASTE:SINGULAR,bronze colossus,青铜巨像
CREATURE:CASTE:PLURAL,bronze colossuses,青铜巨像
CREATURE:CASTE:ADJECTIVE,bronze colossus,青铜巨像
CREATURE:SINGULAR,giant,巨人
CREATURE:PLURAL,giants,巨人
CREATURE:ADJECTIVE,giant,巨人
CREATURE:CASTE:SINGULAR,giantess,雌巨人
CREATURE:CASTE:SINGULAR,giant,雄巨人
CREATURE:CASTE:PLURAL,giantesses,雌巨人
CREATURE:CASTE:PLURAL,giants,雄巨人
CREATURE:CASTE:ADJECTIVE,giantess,雌巨人
CREATURE:CASTE:ADJECTIVE,giant,雄巨人
CREATURE:SINGULAR,cyclops,独眼巨人
CREATURE:PLURAL,cyclopes,独眼巨人
CREATURE:ADJECTIVE,cyclops,独眼巨人
CREATURE:CASTE:SINGULAR,cyclops,独眼巨人
CREATURE:CASTE:PLURAL,cyclopes,独眼巨人
CREATURE:CASTE:ADJECTIVE,cyclops,独眼巨人
CREATURE:SINGULAR,ettin,双头巨人
CREATURE:PLURAL,ettins,双头巨人
CREATURE:ADJECTIVE,ettin,双头巨人
CREATURE:CASTE:SINGULAR,ettin,双头巨人
CREATURE:CASTE:PLURAL,ettins,双头巨人
CREATURE:CASTE:ADJECTIVE,ettin,双头巨人
CREATURE:SINGULAR,minotaur,牛头人
CREATURE:PLURAL,minotaurs,牛头人
CREATURE:ADJECTIVE,minotaur,牛头人
CREATURE:CASTE:SINGULAR,minotaur,牛头人
CREATURE:CASTE:PLURAL,minotaurs,牛头人
CREATURE:CASTE:ADJECTIVE,minotaur,牛头人
CREATURE:SINGULAR,yeti,雪怪
CREATURE:PLURAL,yetis,雪怪
CREATURE:ADJECTIVE,yeti,雪怪
CREATURE:CASTE:SINGULAR,yeti,雪怪
CREATURE:CASTE:PLURAL,yetis,雪怪
CREATURE:CASTE:ADJECTIVE,yeti,雪怪
CREATURE:SINGULAR,sasquatch,野人
CREATURE:PLURAL,sasquatches,野人
CREATURE:ADJECTIVE,sasquatch,野人
CREATURE:CASTE:SINGULAR,sasquatch,野人
CREATURE:CASTE:PLURAL,sasquatches,野人
CREATURE:CASTE:ADJECTIVE,sasquatch,野人
CREATURE:SINGULAR,blizzard man,暴风雪人
CREATURE:PLURAL,blizzard men,暴风雪人
CREATURE:ADJECTIVE,blizzard man,暴风雪人
CREATURE:CASTE:SINGULAR,blizzard man,暴风雪人
CREATURE:CASTE:PLURAL,blizzard men,暴风雪人
CREATURE:CASTE:ADJECTIVE,blizzard man,暴风雪人
CREATURE:SINGULAR,ice wolf,冰原狼
CREATURE:PLURAL,ice wolves,冰原狼
CREATURE:ADJECTIVE,ice wolf,冰原狼
CREATURE:CASTE:SINGULAR,ice wolf,冰原狼
CREATURE:CASTE:PLURAL,ice wolves,冰原狼
CREATURE:CASTE:ADJECTIVE,ice wolf,冰原狼
CREATURE:SINGULAR,fairy,小仙子
CREATURE:PLURAL,fairies,小仙子
CREATURE:ADJECTIVE,fairy,小仙子
CREATURE:CASTE:SINGULAR,fairy,小仙子
CREATURE:CASTE:PLURAL,fairies,小仙子
CREATURE:CASTE:ADJECTIVE,fairy,小仙子
CREATURE:SINGULAR,pixie,小精灵
CREATURE:PLURAL,pixies,小精灵
CREATURE:ADJECTIVE,pixie,小精灵
CREATURE:CASTE:SINGULAR,pixie,小精灵
CREATURE:CASTE:PLURAL,pixies,小精灵
CREATURE:CASTE:ADJECTIVE,pixie,小精灵
CREATURE:SINGULAR,beak dog,喙狗
CREATURE:PLURAL,beak dogs,喙狗
CREATURE:ADJECTIVE,beak dog,喙狗
CREATURE:CASTE:SINGULAR,beak dog,喙狗
CREATURE:CASTE:PLURAL,beak dogs,喙狗
CREATURE:CASTE:ADJECTIVE,beak dog,喙狗
CREATURE:SINGULAR,grimeling,水鬼
CREATURE:PLURAL,grimelings,水鬼
CREATURE:ADJECTIVE,grimeling,水鬼
CREATURE:CASTE:SINGULAR,grimeling,水鬼
CREATURE:CASTE:PLURAL,grimelings,水鬼
CREATURE:CASTE:ADJECTIVE,grimeling,水鬼
CREATURE:SINGULAR,foul blendec,污邪杂种
CREATURE:PLURAL,foul blendecs,污邪杂种
CREATURE:ADJECTIVE,foul blendec,污邪杂种
CREATURE:CASTE:SINGULAR,foul blendec,污邪杂种
CREATURE:CASTE:PLURAL,foul blendecs,污邪杂种
CREATURE:CASTE:ADJECTIVE,foul blendec,污邪杂种
CREATURE:SINGULAR,strangler,绞杀者
CREATURE:PLURAL,stranglers,绞杀者
CREATURE:ADJECTIVE,strangler,绞杀者
CREATURE:CASTE:SINGULAR,strangler,绞杀者
CREATURE:CASTE:PLURAL,stranglers,绞杀者
CREATURE:CASTE:ADJECTIVE,strangler,绞杀者
CREATURE:SINGULAR,nightwing,夜翼
CREATURE:PLURAL,nightwings,夜翼
CREATURE:ADJECTIVE,nightwing,夜翼
CREATURE:CASTE:SINGULAR,nightwing,夜翼
CREATURE:CASTE:PLURAL,nightwings,夜翼
CREATURE:CASTE:ADJECTIVE,nightwing,夜翼
CREATURE:SINGULAR,harpy,鹰身女妖
CREATURE:PLURAL,harpies,鹰身女妖
CREATURE:ADJECTIVE,harpy,鹰身女妖
CREATURE:CASTE:SINGULAR,harpy,鹰身女妖
CREATURE:CASTE:PLURAL,harpies,鹰身女妖
CREATURE:CASTE:ADJECTIVE,harpy,鹰身女妖
CREATURE:SINGULAR,hydra,多头蛇
CREATURE:PLURAL,hydras,多头蛇
CREATURE:ADJECTIVE,hydra,多头蛇
CREATURE:CASTE:SINGULAR,hydra,多头蛇
CREATURE:CASTE:PLURAL,hydras,多头蛇
CREATURE:CASTE:ADJECTIVE,hydra,多头蛇
CREATURE:SINGULAR,merperson,人鱼
CREATURE:PLURAL,merpeople,人鱼
CREATURE:ADJECTIVE,merperson,人鱼
CREATURE:CASTE:SINGULAR,mermaid,雌人鱼
CREATURE:CASTE:SINGULAR,merman,雄人鱼
CREATURE:CASTE:PLURAL,mermaids,雌人鱼
CREATURE:CASTE:PLURAL,mermen,雄人鱼
CREATURE:CASTE:ADJECTIVE,mermaid,雌人鱼
CREATURE:CASTE:ADJECTIVE,merman,雄人鱼
CREATURE:SINGULAR,sea serpent,海蛇
CREATURE:PLURAL,sea serpents,海蛇
CREATURE:ADJECTIVE,sea serpent,海蛇
CREATURE:CASTE:SINGULAR,sea serpent,海蛇
CREATURE:CASTE:PLURAL,sea serpents,海蛇
CREATURE:CASTE:ADJECTIVE,sea serpent,海蛇
CREATURE:SINGULAR,sea monster,海怪
CREATURE:PLURAL,sea monsters,海怪
CREATURE:ADJECTIVE,sea monster,海怪
CREATURE:CASTE:SINGULAR,sea monster,海怪
CREATURE:CASTE:PLURAL,sea monsters,海怪
CREATURE:CASTE:ADJECTIVE,sea monster,海怪
CREATURE:SINGULAR,roc,大鹏鸟
CREATURE:PLURAL,rocs,大鹏鸟
CREATURE:ADJECTIVE,roc,大鹏鸟
CREATURE:CASTE:SINGULAR,roc,大鹏鸟
CREATURE:CASTE:PLURAL,rocs,大鹏鸟
CREATURE:CASTE:ADJECTIVE,roc,大鹏鸟
CREATURE:SINGULAR,cave crocodile,洞穴鳄鱼
CREATURE:PLURAL,cave crocodiles,洞穴鳄鱼
CREATURE:ADJECTIVE,cave crocodile,洞穴鳄鱼
CREATURE:CASTE:SINGULAR,cave crocodile,洞穴鳄鱼
CREATURE:CASTE:PLURAL,cave crocodiles,洞穴鳄鱼
CREATURE:CASTE:ADJECTIVE,cave crocodile,洞穴鳄鱼
CREATURE:SINGULAR,giant cave toad,巨型洞穴蟾蜍
CREATURE:PLURAL,giant cave toads,巨型洞穴蟾蜍
CREATURE:ADJECTIVE,giant cave toad,巨型洞穴蟾蜍
CREATURE:CASTE:SINGULAR,giant cave toad,巨型洞穴蟾蜍
CREATURE:CASTE:PLURAL,giant cave toads,巨型洞穴蟾蜍
CREATURE:CASTE:ADJECTIVE,giant cave toad,巨型洞穴蟾蜍
CREATURE:SINGULAR,giant olm,巨型洞螈
CREATURE:PLURAL,giant olms,巨型洞螈
CREATURE:ADJECTIVE,giant olm,巨型洞螈
CREATURE:CASTE:SINGULAR,giant olm,巨型洞螈
CREATURE:CASTE:PLURAL,giant olms,巨型洞螈
CREATURE:CASTE:ADJECTIVE,giant olm,巨型洞螈
CREATURE:SINGULAR,giant bat,蝙蝠
CREATURE:PLURAL,giant bats,蝙蝠
CREATURE:ADJECTIVE,giant bat,蝙蝠
CREATURE:CASTE:SINGULAR,giant bat,蝙蝠
CREATURE:CASTE:PLURAL,giant bats,蝙蝠
CREATURE:CASTE:ADJECTIVE,giant bat,蝙蝠
CREATURE:SINGULAR,giant rat,巨型老鼠
CREATURE:PLURAL,giant rats,巨型老鼠
CREATURE:ADJECTIVE,giant rat,巨型老鼠
CREATURE:CASTE:SINGULAR,giant rat,巨型老鼠
CREATURE:CASTE:PLURAL,giant rats,巨型老鼠
CREATURE:CASTE:ADJECTIVE,giant rat,巨型老鼠
CREATURE:SINGULAR,large rat,硕鼠
CREATURE:PLURAL,large rats,硕鼠
CREATURE:ADJECTIVE,large rat,硕鼠
CREATURE:CASTE:SINGULAR,large rat,硕鼠
CREATURE:CASTE:PLURAL,large rats,硕鼠
CREATURE:CASTE:ADJECTIVE,large rat,硕鼠
CREATURE:SINGULAR,naked mole dog,裸鼹鼠狗
CREATURE:PLURAL,naked mole dogs,裸鼹鼠狗
CREATURE:ADJECTIVE,naked mole dog,裸鼹鼠狗
CREATURE:CASTE:SINGULAR,naked mole dog,裸鼹鼠狗
CREATURE:CASTE:PLURAL,naked mole dogs,裸鼹鼠狗
CREATURE:CASTE:ADJECTIVE,naked mole dog,裸鼹鼠狗
CREATURE:SINGULAR,troglodyte,穴居人
CREATURE:PLURAL,troglodytes,穴居人
CREATURE:ADJECTIVE,troglodyte,穴居人
CREATURE:CASTE:SINGULAR,troglodyte,穴居人
CREATURE:CASTE:PLURAL,troglodytes,穴居人
CREATURE:CASTE:ADJECTIVE,troglodyte,穴居人
CREATURE:SINGULAR,giant mole,巨型鼹鼠
CREATURE:PLURAL,giant moles,巨型鼹鼠
CREATURE:ADJECTIVE,giant mole,巨型鼹鼠
CREATURE:CASTE:SINGULAR,giant mole,巨型鼹鼠
CREATURE:CASTE:PLURAL,giant moles,巨型鼹鼠
CREATURE:CASTE:ADJECTIVE,giant mole,巨型鼹鼠
CREATURE:SINGULAR,fire imp,火焰小鬼
CREATURE:PLURAL,fire imps,火焰小鬼
CREATURE:ADJECTIVE,fire imp,火焰小鬼
CREATURE:CASTE:SINGULAR,fire imp,火焰小鬼
CREATURE:CASTE:PLURAL,fire imps,火焰小鬼
CREATURE:CASTE:ADJECTIVE,fire imp,火焰小鬼
CREATURE:SINGULAR,giant cave spider,巨型洞穴蜘蛛
CREATURE:PLURAL,giant cave spiders,巨型洞穴蜘蛛
CREATURE:ADJECTIVE,giant cave spider,巨型洞穴蜘蛛
CREATURE:CASTE:SINGULAR,giant cave spider,巨型洞穴蜘蛛
CREATURE:CASTE:PLURAL,giant cave spiders,巨型洞穴蜘蛛
CREATURE:CASTE:ADJECTIVE,giant cave spider,巨型洞穴蜘蛛
CREATURE:SINGULAR,cave spider,洞穴蜘蛛
CREATURE:PLURAL,cave spiders,洞穴蜘蛛
CREATURE:ADJECTIVE,cave spider,洞穴蜘蛛
CREATURE:CASTE:SINGULAR,cave spider,洞穴蜘蛛
CREATURE:CASTE:PLURAL,cave spiders,洞穴蜘蛛
CREATURE:CASTE:ADJECTIVE,cave spider,洞穴蜘蛛
CREATURE:SINGULAR,cave fish,洞穴鱼
CREATURE:PLURAL,cave fish,洞穴鱼
CREATURE:ADJECTIVE,cave fish,洞穴鱼
CREATURE:CASTE:SINGULAR,cave fish,洞穴鱼
CREATURE:CASTE:PLURAL,cave fish,洞穴鱼
CREATURE:CASTE:ADJECTIVE,cave fish,洞穴鱼
CREATURE:SINGULAR,cave fish man,洞穴鱼人
CREATURE:PLURAL,cave fish men,洞穴鱼人
CREATURE:ADJECTIVE,cave fish man,洞穴鱼人
CREATURE:CASTE:SINGULAR,cave fish woman,雌洞穴鱼人
CREATURE:CASTE:SINGULAR,cave fish man,雄洞穴鱼人
CREATURE:CASTE:PLURAL,cave fish women,雌洞穴鱼人
CREATURE:CASTE:PLURAL,cave fish men,雄洞穴鱼人
CREATURE:CASTE:ADJECTIVE,cave fish woman,雌洞穴鱼人
CREATURE:CASTE:ADJECTIVE,cave fish man,雄洞穴鱼人
CREATURE:SINGULAR,cave lobster,洞穴龙虾
CREATURE:PLURAL,cave lobsters,洞穴龙虾
CREATURE:ADJECTIVE,cave lobster,洞穴龙虾
CREATURE:CASTE:SINGULAR,cave lobster,洞穴龙虾
CREATURE:CASTE:PLURAL,cave lobsters,洞穴龙虾
CREATURE:CASTE:ADJECTIVE,cave lobster,洞穴龙虾
CREATURE:SINGULAR,fire snake,火蛇
CREATURE:PLURAL,fire snakes,火蛇
CREATURE:ADJECTIVE,fire snake,火蛇
CREATURE:CASTE:SINGULAR,fire snake,火蛇
CREATURE:CASTE:PLURAL,fire snakes,火蛇
CREATURE:CASTE:ADJECTIVE,fire snake,火蛇
CREATURE:SINGULAR,olm,洞螈
CREATURE:PLURAL,olms,洞螈
CREATURE:ADJECTIVE,olm,洞螈
CREATURE:CASTE:SINGULAR,olm,洞螈
CREATURE:CASTE:PLURAL,olms,洞螈
CREATURE:CASTE:ADJECTIVE,olm,洞螈
CREATURE:SINGULAR,olm man,洞螈人
CREATURE:PLURAL,olm men,洞螈人
CREATURE:ADJECTIVE,olm man,洞螈人
CREATURE:CASTE:SINGULAR,olm woman,雌洞螈人
CREATURE:CASTE:SINGULAR,olm man,雄洞螈人
CREATURE:CASTE:PLURAL,olm women,雌洞螈人
CREATURE:CASTE:PLURAL,olm men,雄洞螈人
CREATURE:CASTE:ADJECTIVE,olm woman,雌洞螈人
CREATURE:CASTE:ADJECTIVE,olm man,雄洞螈人
CREATURE:SINGULAR,bat,蝙蝠
CREATURE:PLURAL,bats,蝙蝠
CREATURE:ADJECTIVE,bat,蝙蝠
CREATURE:CASTE:SINGULAR,bat,蝙蝠
CREATURE:CASTE:PLURAL,bats,蝙蝠
CREATURE:CASTE:ADJECTIVE,bat,蝙蝠
CREATURE:SINGULAR,bat man,蝙蝠人
CREATURE:PLURAL,bat men,蝙蝠人
CREATURE:ADJECTIVE,bat man,蝙蝠人
CREATURE:CASTE:SINGULAR,bat woman,雌蝙蝠人
CREATURE:CASTE:SINGULAR,bat man,雄蝙蝠人
CREATURE:CASTE:PLURAL,bat women,雌蝙蝠人
CREATURE:CASTE:PLURAL,bat men,雄蝙蝠人
CREATURE:CASTE:ADJECTIVE,bat woman,雌蝙蝠人
CREATURE:CASTE:ADJECTIVE,bat man,雄蝙蝠人
CREATURE:SINGULAR,purring maggot,呼噜蛆
CREATURE:PLURAL,purring maggots,呼噜蛆
CREATURE:ADJECTIVE,purring maggot,呼噜蛆
CREATURE:CASTE:SINGULAR,purring maggot,呼噜蛆
CREATURE:CASTE:PLURAL,purring maggots,呼噜蛆
CREATURE:CASTE:ADJECTIVE,purring maggot,呼噜蛆
CREATURE:SINGULAR,fire man,火人
CREATURE:PLURAL,fire men,火人
CREATURE:ADJECTIVE,fire man,火人
CREATURE:CASTE:SINGULAR,fire man,火人
CREATURE:CASTE:PLURAL,fire men,火人
CREATURE:CASTE:ADJECTIVE,fire man,火人
CREATURE:SINGULAR,magma man,岩浆人
CREATURE:PLURAL,magma men,岩浆人
CREATURE:ADJECTIVE,magma man,岩浆人
CREATURE:CASTE:SINGULAR,magma man,岩浆人
CREATURE:CASTE:PLURAL,magma men,岩浆人
CREATURE:CASTE:ADJECTIVE,magma man,岩浆人
CREATURE:SINGULAR,iron man,铁人
CREATURE:PLURAL,iron men,铁人
CREATURE:ADJECTIVE,iron man,铁人
CREATURE:CASTE:SINGULAR,iron man,铁人
CREATURE:CASTE:PLURAL,iron men,铁人
CREATURE:CASTE:ADJECTIVE,iron man,铁人
CREATURE:SINGULAR,mud man,泥人
CREATURE:PLURAL,mud men,泥人
CREATURE:ADJECTIVE,mud man,泥人
CREATURE:CASTE:SINGULAR,mud man,泥人
CREATURE:CASTE:PLURAL,mud men,泥人
CREATURE:CASTE:ADJECTIVE,mud man,泥人
CREATURE:SINGULAR,cave swallow,洞穴燕
CREATURE:PLURAL,cave swallows,洞穴燕
CREATURE:ADJECTIVE,cave swallow,洞穴燕
CREATURE:CASTE:SINGULAR,cave swallow,洞穴燕
CREATURE:CASTE:PLURAL,cave swallows,洞穴燕
CREATURE:CASTE:ADJECTIVE,cave swallow,洞穴燕
CREATURE:SINGULAR,cave swallow man,洞穴燕人
CREATURE:PLURAL,cave swallow men,洞穴燕人
CREATURE:ADJECTIVE,cave swallow man,洞穴燕人
CREATURE:CASTE:SINGULAR,cave swallow woman,雌洞穴燕人
CREATURE:CASTE:SINGULAR,cave swallow man,雄洞穴燕人
CREATURE:CASTE:PLURAL,cave swallow women,雌洞穴燕人
CREATURE:CASTE:PLURAL,cave swallow men,雄洞穴燕人
CREATURE:CASTE:ADJECTIVE,cave swallow woman,雌洞穴燕人
CREATURE:CASTE:ADJECTIVE,cave swallow man,雄洞穴燕人
CREATURE:SINGULAR,giant cave swallow,巨型洞穴燕
CREATURE:PLURAL,giant cave swallows,巨型洞穴燕
CREATURE:ADJECTIVE,giant cave swallow,巨型洞穴燕
CREATURE:CASTE:SINGULAR,giant cave swallow,巨型洞穴燕
CREATURE:CASTE:PLURAL,giant cave swallows,巨型洞穴燕
CREATURE:CASTE:ADJECTIVE,giant cave swallow,巨型洞穴燕
CREATURE:SINGULAR,amphibian man,两栖动物人
CREATURE:PLURAL,amphibian men,两栖动物人
CREATURE:ADJECTIVE,amphibian man,两栖动物人
CREATURE:CASTE:SINGULAR,amphibian woman,雌两栖动物人
CREATURE:CASTE:SINGULAR,amphibian man,雄两栖动物人
CREATURE:CASTE:PLURAL,amphibian women,雌两栖动物人
CREATURE:CASTE:PLURAL,amphibian men,雄两栖动物人
CREATURE:CASTE:ADJECTIVE,amphibian woman,雌两栖动物人
CREATURE:CASTE:ADJECTIVE,amphibian man,雄两栖动物人
CREATURE:SINGULAR,reptile man,爬行动物人
CREATURE:PLURAL,reptile men,爬行动物人
CREATURE:ADJECTIVE,reptile man,爬行动物人
CREATURE:CASTE:SINGULAR,reptile woman,女爬行动物人
CREATURE:CASTE:SINGULAR,reptile man,男爬行动物人
CREATURE:CASTE:PLURAL,reptile women,女爬行动物人
CREATURE:CASTE:PLURAL,reptile men,男爬行动物人
CREATURE:CASTE:ADJECTIVE,reptile woman,女爬行动物人
CREATURE:CASTE:ADJECTIVE,reptile man,男爬行动物人
CREATURE:SINGULAR,serpent man,毒蛇人
CREATURE:PLURAL,serpent men,毒蛇人
CREATURE:ADJECTIVE,serpent man,毒蛇人
CREATURE:CASTE:SINGULAR,serpent woman,女毒蛇人
CREATURE:CASTE:SINGULAR,serpent man,男毒蛇人
CREATURE:CASTE:PLURAL,serpent women,女毒蛇人
CREATURE:CASTE:PLURAL,serpent men,男毒蛇人
CREATURE:CASTE:ADJECTIVE,serpent woman,女毒蛇人
CREATURE:CASTE:ADJECTIVE,serpent man,男毒蛇人
CREATURE:SINGULAR,antman,蚂蚁人
CREATURE:PLURAL,antmen,蚂蚁人
CREATURE:ADJECTIVE,antman,蚂蚁人
CREATURE:CASTE:SINGULAR,worker ant woman,雌工蚁人
CREATURE:CASTE:SINGULAR,soldier ant woman,雌兵蚁人
CREATURE:CASTE:SINGULAR,drone ant man,雄蚁人
CREATURE:CASTE:SINGULAR,queen ant woman,蚁后人
CREATURE:CASTE:PLURAL,worker ant women,雌工蚁人
CREATURE:CASTE:PLURAL,soldier ant women,雌兵蚁人
CREATURE:CASTE:PLURAL,drone ant men,雄蚁人
CREATURE:CASTE:PLURAL,queen ant women,蚁后人
CREATURE:CASTE:ADJECTIVE,worker ant woman,雌工蚁人
CREATURE:CASTE:ADJECTIVE,soldier ant woman,雌兵蚁人
CREATURE:CASTE:ADJECTIVE,drone ant man,雄蚁人
CREATURE:CASTE:ADJECTIVE,queen ant woman,蚁后人
CREATURE:SINGULAR,rodent man,啮齿动物人
CREATURE:PLURAL,rodent men,啮齿动物人
CREATURE:ADJECTIVE,rodent man,啮齿动物人
CREATURE:CASTE:SINGULAR,rodent woman,女啮齿动物人
CREATURE:CASTE:SINGULAR,rodent man,男啮齿动物人
CREATURE:CASTE:PLURAL,rodent women,女啮齿动物人
CREATURE:CASTE:PLURAL,rodent men,男啮齿动物人
CREATURE:CASTE:ADJECTIVE,rodent woman,女啮齿动物人
CREATURE:CASTE:ADJECTIVE,rodent man,男啮齿动物人
CREATURE:SINGULAR,wild boar,野猪
CREATURE:PLURAL,wild boars,野猪
CREATURE:ADJECTIVE,wild boar,野猪
CREATURE:CASTE:SINGULAR,wild boar sow,雌野猪
CREATURE:CASTE:SINGULAR,wild boar,雄野猪
CREATURE:CASTE:PLURAL,wild boar sows,雌野猪
CREATURE:CASTE:PLURAL,wild boars,雄野猪
CREATURE:CASTE:ADJECTIVE,wild boar sow,雌野猪
CREATURE:CASTE:ADJECTIVE,wild boar,雄野猪
CREATURE:SINGULAR,wild boar man,野猪人
CREATURE:PLURAL,wild boar men,野猪人
CREATURE:ADJECTIVE,wild boar man,野猪人
CREATURE:CASTE:SINGULAR,wild boar woman,女野猪人
CREATURE:CASTE:SINGULAR,wild boar man,男野猪人
CREATURE:CASTE:PLURAL,wild boar women,女野猪人
CREATURE:CASTE:PLURAL,wild boar men,男野猪人
CREATURE:CASTE:ADJECTIVE,wild boar woman,女野猪人
CREATURE:CASTE:ADJECTIVE,wild boar man,男野猪人
CREATURE:SINGULAR,giant wild boar,巨型野猪
CREATURE:PLURAL,giant wild boars,巨型野猪
CREATURE:ADJECTIVE,giant wild boar,巨型野猪
CREATURE:CASTE:SINGULAR,giant wild boar,巨型野猪
CREATURE:CASTE:PLURAL,giant wild boars,巨型野猪
CREATURE:CASTE:ADJECTIVE,giant wild boar,巨型野猪
CREATURE:SINGULAR,coyote,郊狼
CREATURE:PLURAL,coyotes,郊狼
CREATURE:ADJECTIVE,coyote,郊狼
CREATURE:CASTE:SINGULAR,coyote,郊狼
CREATURE:CASTE:PLURAL,coyotes,郊狼
CREATURE:CASTE:ADJECTIVE,coyote,郊狼
CREATURE:SINGULAR,coyote man,郊狼人
CREATURE:PLURAL,coyote men,郊狼人
CREATURE:ADJECTIVE,coyote man,郊狼人
CREATURE:CASTE:SINGULAR,coyote woman,女郊狼人
CREATURE:CASTE:SINGULAR,coyote man,男郊狼人
CREATURE:CASTE:PLURAL,coyote women,女郊狼人
CREATURE:CASTE:PLURAL,coyote men,男郊狼人
CREATURE:CASTE:ADJECTIVE,coyote woman,女郊狼人
CREATURE:CASTE:ADJECTIVE,coyote man,男郊狼人
CREATURE:SINGULAR,giant coyote,巨型郊狼
CREATURE:PLURAL,giant coyotes,巨型郊狼
CREATURE:ADJECTIVE,giant coyote,巨型郊狼
CREATURE:CASTE:SINGULAR,giant coyote,巨型郊狼
CREATURE:CASTE:PLURAL,giant coyotes,巨型郊狼
CREATURE:CASTE:ADJECTIVE,giant coyote,巨型郊狼
CREATURE:SINGULAR,kangaroo,袋鼠
CREATURE:PLURAL,kangaroos,袋鼠
CREATURE:ADJECTIVE,kangaroo,袋鼠
CREATURE:CASTE:SINGULAR,kangaroo doe,雌袋鼠
CREATURE:CASTE:SINGULAR,kangaroo buck,雄袋鼠
CREATURE:CASTE:PLURAL,kangaroo does,雌袋鼠
CREATURE:CASTE:PLURAL,kangaroo bucks,雄袋鼠
CREATURE:CASTE:ADJECTIVE,kangaroo doe,雌袋鼠
CREATURE:CASTE:ADJECTIVE,kangaroo buck,雄袋鼠
CREATURE:SINGULAR,kangaroo man,袋鼠人
CREATURE:PLURAL,kangaroo men,袋鼠人
CREATURE:ADJECTIVE,kangaroo man,袋鼠人
CREATURE:CASTE:SINGULAR,kangaroo woman,女袋鼠人
CREATURE:CASTE:SINGULAR,kangaroo man,男袋鼠人
CREATURE:CASTE:PLURAL,kangaroo women,女袋鼠人
CREATURE:CASTE:PLURAL,kangaroo men,男袋鼠人
CREATURE:CASTE:ADJECTIVE,kangaroo woman,女袋鼠人
CREATURE:CASTE:ADJECTIVE,kangaroo man,男袋鼠人
CREATURE:SINGULAR,giant kangaroo,巨型袋鼠
CREATURE:PLURAL,giant kangaroos,巨型袋鼠
CREATURE:ADJECTIVE,giant kangaroo,巨型袋鼠
CREATURE:CASTE:SINGULAR,giant kangaroo,巨型袋鼠
CREATURE:CASTE:PLURAL,giant kangaroos,巨型袋鼠
CREATURE:CASTE:ADJECTIVE,giant kangaroo,巨型袋鼠
CREATURE:SINGULAR,koala,树袋熊
CREATURE:PLURAL,koalas,树袋熊
CREATURE:ADJECTIVE,koala,树袋熊
CREATURE:CASTE:SINGULAR,koala,树袋熊
CREATURE:CASTE:PLURAL,koalas,树袋熊
CREATURE:CASTE:ADJECTIVE,koala,树袋熊
CREATURE:SINGULAR,koala man,树袋熊人
CREATURE:PLURAL,koala men,树袋熊人
CREATURE:ADJECTIVE,koala man,树袋熊人
CREATURE:CASTE:SINGULAR,koala woman,女树袋熊人
CREATURE:CASTE:SINGULAR,koala man,男树袋熊人
CREATURE:CASTE:PLURAL,koala women,女树袋熊人
CREATURE:CASTE:PLURAL,koala men,男树袋熊人
CREATURE:CASTE:ADJECTIVE,koala woman,女树袋熊人
CREATURE:CASTE:ADJECTIVE,koala man,男树袋熊人
CREATURE:SINGULAR,giant koala,巨型树袋熊
CREATURE:PLURAL,giant koalas,巨型树袋熊
CREATURE:ADJECTIVE,giant koala,巨型树袋熊
CREATURE:CASTE:SINGULAR,giant koala,巨型树袋熊
CREATURE:CASTE:PLURAL,giant koalas,巨型树袋熊
CREATURE:CASTE:ADJECTIVE,giant koala,巨型树袋熊
CREATURE:SINGULAR,adder,蝰蛇
CREATURE:PLURAL,adders,蝰蛇
CREATURE:ADJECTIVE,adder,蝰蛇
CREATURE:CASTE:SINGULAR,adder,蝰蛇
CREATURE:CASTE:PLURAL,adders,蝰蛇
CREATURE:CASTE:ADJECTIVE,adder,蝰蛇
CREATURE:SINGULAR,adder man,蝰蛇人
CREATURE:PLURAL,adder men,蝰蛇人
CREATURE:ADJECTIVE,adder man,蝰蛇人
CREATURE:CASTE:SINGULAR,adder woman,女蝰蛇人
CREATURE:CASTE:SINGULAR,adder man,男蝰蛇人
CREATURE:CASTE:PLURAL,adder women,女蝰蛇人
CREATURE:CASTE:PLURAL,adder men,男蝰蛇人
CREATURE:CASTE:ADJECTIVE,adder woman,女蝰蛇人
CREATURE:CASTE:ADJECTIVE,adder man,男蝰蛇人
CREATURE:SINGULAR,giant adder,巨型蝰蛇
CREATURE:PLURAL,giant adders,巨型蝰蛇
CREATURE:ADJECTIVE,giant adder,巨型蝰蛇
CREATURE:CASTE:SINGULAR,giant adder,巨型蝰蛇
CREATURE:CASTE:PLURAL,giant adders,巨型蝰蛇
CREATURE:CASTE:ADJECTIVE,giant adder,巨型蝰蛇
CREATURE:SINGULAR,echidna,针鼹
CREATURE:PLURAL,echidnas,针鼹
CREATURE:ADJECTIVE,echidna,针鼹
CREATURE:CASTE:SINGULAR,echidna,针鼹
CREATURE:CASTE:PLURAL,echidnas,针鼹
CREATURE:CASTE:ADJECTIVE,echidna,针鼹
CREATURE:SINGULAR,echidna man,针鼹人
CREATURE:PLURAL,echidna men,针鼹人
CREATURE:ADJECTIVE,echidna man,针鼹人
CREATURE:CASTE:SINGULAR,echidna woman,女针鼹人
CREATURE:CASTE:SINGULAR,echidna man,男针鼹人
CREATURE:CASTE:PLURAL,echidna women,女针鼹人
CREATURE:CASTE:PLURAL,echidna men,男针鼹人
CREATURE:CASTE:ADJECTIVE,echidna woman,女针鼹人
CREATURE:CASTE:ADJECTIVE,echidna man,男针鼹人
CREATURE:SINGULAR,giant echidna,巨型针鼹
CREATURE:PLURAL,giant echidnas,巨型针鼹
CREATURE:ADJECTIVE,giant echidna,巨型针鼹
CREATURE:CASTE:SINGULAR,giant echidna,巨型针鼹
CREATURE:CASTE:PLURAL,giant echidnas,巨型针鼹
CREATURE:CASTE:ADJECTIVE,giant echidna,巨型针鼹
CREATURE:SINGULAR,porcupine,豪猪
CREATURE:PLURAL,porcupines,豪猪
CREATURE:ADJECTIVE,porcupine,豪猪
CREATURE:CASTE:SINGULAR,porcupine,豪猪
CREATURE:CASTE:PLURAL,porcupines,豪猪
CREATURE:CASTE:ADJECTIVE,porcupine,豪猪
CREATURE:SINGULAR,porcupine man,豪猪人
CREATURE:PLURAL,porcupine men,豪猪人
CREATURE:ADJECTIVE,porcupine man,豪猪人
CREATURE:CASTE:SINGULAR,porcupine woman,女豪猪人
CREATURE:CASTE:SINGULAR,porcupine man,男豪猪人
CREATURE:CASTE:PLURAL,porcupine women,女豪猪人
CREATURE:CASTE:PLURAL,porcupine men,男豪猪人
CREATURE:CASTE:ADJECTIVE,porcupine woman,女豪猪人
CREATURE:CASTE:ADJECTIVE,porcupine man,男豪猪人
CREATURE:SINGULAR,giant porcupine,巨型豪猪
CREATURE:PLURAL,giant porcupines,巨型豪猪
CREATURE:ADJECTIVE,giant porcupine,巨型豪猪
CREATURE:CASTE:SINGULAR,giant porcupine,巨型豪猪
CREATURE:CASTE:PLURAL,giant porcupines,巨型豪猪
CREATURE:CASTE:ADJECTIVE,giant porcupine,巨型豪猪
CREATURE:SINGULAR,kingsnake,皇帝蛇
CREATURE:PLURAL,kingsnakes,皇帝蛇
CREATURE:ADJECTIVE,kingsnake,皇帝蛇
CREATURE:CASTE:SINGULAR,kingsnake,皇帝蛇
CREATURE:CASTE:PLURAL,kingsnakes,皇帝蛇
CREATURE:CASTE:ADJECTIVE,kingsnake,皇帝蛇
CREATURE:SINGULAR,kingsnake man,皇帝蛇人
CREATURE:PLURAL,kingsnake men,皇帝蛇人
CREATURE:ADJECTIVE,kingsnake man,皇帝蛇人
CREATURE:CASTE:SINGULAR,kingsnake woman,女皇帝蛇人
CREATURE:CASTE:SINGULAR,kingsnake man,男皇帝蛇人
CREATURE:CASTE:PLURAL,kingsnake women,女皇帝蛇人
CREATURE:CASTE:PLURAL,kingsnake men,男皇帝蛇人
CREATURE:CASTE:ADJECTIVE,kingsnake woman,女皇帝蛇人
CREATURE:CASTE:ADJECTIVE,kingsnake man,男皇帝蛇人
CREATURE:SINGULAR,giant kingsnake,巨型皇帝蛇
CREATURE:PLURAL,giant kingsnakes,巨型皇帝蛇
CREATURE:ADJECTIVE,giant kingsnake,巨型皇帝蛇
CREATURE:CASTE:SINGULAR,giant kingsnake,巨型皇帝蛇
CREATURE:CASTE:PLURAL,giant kingsnakes,巨型皇帝蛇
CREATURE:CASTE:ADJECTIVE,giant kingsnake,巨型皇帝蛇
CREATURE:SINGULAR,gray langur,灰叶猴
CREATURE:PLURAL,gray langurs,灰叶猴
CREATURE:ADJECTIVE,gray langur,灰叶猴
CREATURE:CASTE:SINGULAR,gray langur,灰叶猴
CREATURE:CASTE:PLURAL,gray langurs,灰叶猴
CREATURE:CASTE:ADJECTIVE,gray langur,灰叶猴
CREATURE:SINGULAR,gray langur man,灰叶猴人
CREATURE:PLURAL,gray langur men,灰叶猴人
CREATURE:ADJECTIVE,gray langur man,灰叶猴人
CREATURE:CASTE:SINGULAR,gray langur woman,女灰叶猴人
CREATURE:CASTE:SINGULAR,gray langur man,男灰叶猴人
CREATURE:CASTE:PLURAL,gray langur women,女灰叶猴人
CREATURE:CASTE:PLURAL,gray langur men,男灰叶猴人
CREATURE:CASTE:ADJECTIVE,gray langur woman,女灰叶猴人
CREATURE:CASTE:ADJECTIVE,gray langur man,男灰叶猴人
CREATURE:SINGULAR,giant gray langur,巨型灰叶猴
CREATURE:PLURAL,giant gray langurs,巨型灰叶猴
CREATURE:ADJECTIVE,giant gray langur,巨型灰叶猴
CREATURE:CASTE:SINGULAR,giant gray langur,巨型灰叶猴
CREATURE:CASTE:PLURAL,giant gray langurs,巨型灰叶猴
CREATURE:CASTE:ADJECTIVE,giant gray langur,巨型灰叶猴
CREATURE:SINGULAR,bobcat,短尾猫
CREATURE:PLURAL,bobcats,短尾猫
CREATURE:ADJECTIVE,bobcat,短尾猫
CREATURE:CASTE:SINGULAR,bobcat,短尾猫
CREATURE:CASTE:PLURAL,bobcats,短尾猫
CREATURE:CASTE:ADJECTIVE,bobcat,短尾猫
CREATURE:SINGULAR,bobcat man,短尾猫人
CREATURE:PLURAL,bobcat men,短尾猫人
CREATURE:ADJECTIVE,bobcat man,短尾猫人
CREATURE:CASTE:SINGULAR,bobcat woman,女短尾猫人
CREATURE:CASTE:SINGULAR,bobcat man,男短尾猫人
CREATURE:CASTE:PLURAL,bobcat women,女短尾猫人
CREATURE:CASTE:PLURAL,bobcat men,男短尾猫人
CREATURE:CASTE:ADJECTIVE,bobcat woman,女短尾猫人
CREATURE:CASTE:ADJECTIVE,bobcat man,男短尾猫人
CREATURE:SINGULAR,giant bobcat,巨型短尾猫
CREATURE:PLURAL,giant bobcats,巨型短尾猫
CREATURE:ADJECTIVE,giant bobcat,巨型短尾猫
CREATURE:CASTE:SINGULAR,giant bobcat,巨型短尾猫
CREATURE:CASTE:PLURAL,giant bobcats,巨型短尾猫
CREATURE:CASTE:ADJECTIVE,giant bobcat,巨型短尾猫
CREATURE:SINGULAR,skunk,臭鼬
CREATURE:PLURAL,skunks,臭鼬
CREATURE:ADJECTIVE,skunk,臭鼬
CREATURE:CASTE:SINGULAR,skunk,臭鼬
CREATURE:CASTE:PLURAL,skunks,臭鼬
CREATURE:CASTE:ADJECTIVE,skunk,臭鼬
CREATURE:SINGULAR,skunk man,臭鼬人
CREATURE:PLURAL,skunk men,臭鼬人
CREATURE:ADJECTIVE,skunk man,臭鼬人
CREATURE:CASTE:SINGULAR,skunk woman,女臭鼬人
CREATURE:CASTE:SINGULAR,skunk man,男臭鼬人
CREATURE:CASTE:PLURAL,skunk women,女臭鼬人
CREATURE:CASTE:PLURAL,skunk men,男臭鼬人
CREATURE:CASTE:ADJECTIVE,skunk woman,女臭鼬人
CREATURE:CASTE:ADJECTIVE,skunk man,男臭鼬人
CREATURE:SINGULAR,giant skunk,巨型臭鼬
CREATURE:PLURAL,giant skunks,巨型臭鼬
CREATURE:ADJECTIVE,giant skunk,巨型臭鼬
CREATURE:CASTE:SINGULAR,giant skunk,巨型臭鼬
CREATURE:CASTE:PLURAL,giant skunks,巨型臭鼬
CREATURE:CASTE:ADJECTIVE,giant skunk,巨型臭鼬
CREATURE:SINGULAR,green tree frog,绿树蛙
CREATURE:PLURAL,green tree frogs,绿树蛙
CREATURE:ADJECTIVE,green tree frog,绿树蛙
CREATURE:CASTE:SINGULAR,green tree frog,绿树蛙
CREATURE:CASTE:PLURAL,green tree frogs,绿树蛙
CREATURE:CASTE:ADJECTIVE,green tree frog,绿树蛙
CREATURE:SINGULAR,green tree frog man,绿树蛙人
CREATURE:PLURAL,green tree frog men,绿树蛙人
CREATURE:ADJECTIVE,green tree frog man,绿树蛙人
CREATURE:CASTE:SINGULAR,green tree frog woman,女绿树蛙人
CREATURE:CASTE:SINGULAR,green tree frog man,男绿树蛙人
CREATURE:CASTE:PLURAL,green tree frog women,女绿树蛙人
CREATURE:CASTE:PLURAL,green tree frog men,男绿树蛙人
CREATURE:CASTE:ADJECTIVE,green tree frog woman,女绿树蛙人
CREATURE:CASTE:ADJECTIVE,green tree frog man,男绿树蛙人
CREATURE:SINGULAR,giant green tree frog,巨型绿树蛙
CREATURE:PLURAL,giant green tree frogs,巨型绿树蛙
CREATURE:ADJECTIVE,giant green tree frog,巨型绿树蛙
CREATURE:CASTE:SINGULAR,giant green tree frog,巨型绿树蛙
CREATURE:CASTE:PLURAL,giant green tree frogs,巨型绿树蛙
CREATURE:CASTE:ADJECTIVE,giant green tree frog,巨型绿树蛙
CREATURE:SINGULAR,hare,野兔
CREATURE:PLURAL,hares,野兔
CREATURE:ADJECTIVE,hare,野兔
CREATURE:CASTE:SINGULAR,doe hare,雌野兔
CREATURE:CASTE:SINGULAR,buck hare,雄野兔
CREATURE:CASTE:PLURAL,doe hares,雌野兔
CREATURE:CASTE:PLURAL,buck hares,雄野兔
CREATURE:CASTE:ADJECTIVE,doe hare,雌野兔
CREATURE:CASTE:ADJECTIVE,buck hare,雄野兔
CREATURE:SINGULAR,hare man,野兔人
CREATURE:PLURAL,hare men,野兔人
CREATURE:ADJECTIVE,hare man,野兔人
CREATURE:CASTE:SINGULAR,hare woman,女野兔人
CREATURE:CASTE:SINGULAR,hare man,雄野兔人
CREATURE:CASTE:PLURAL,hare women,女野兔人
CREATURE:CASTE:PLURAL,hare men,雄野兔人
CREATURE:CASTE:ADJECTIVE,hare woman,女野兔人
CREATURE:CASTE:ADJECTIVE,hare man,雄野兔人
CREATURE:SINGULAR,giant hare,巨型野兔
CREATURE:PLURAL,giant hares,巨型野兔
CREATURE:ADJECTIVE,giant hare,巨型野兔
CREATURE:CASTE:SINGULAR,giant hare,巨型野兔
CREATURE:CASTE:PLURAL,giant hares,巨型野兔
CREATURE:CASTE:ADJECTIVE,giant hare,巨型野兔
CREATURE:SINGULAR,rattlesnake,响尾蛇
CREATURE:PLURAL,rattlesnakes,响尾蛇
CREATURE:ADJECTIVE,rattlesnake,响尾蛇
CREATURE:CASTE:SINGULAR,rattlesnake,响尾蛇
CREATURE:CASTE:PLURAL,rattlesnakes,响尾蛇
CREATURE:CASTE:ADJECTIVE,rattlesnake,响尾蛇
CREATURE:SINGULAR,rattlesnake man,响尾蛇人
CREATURE:PLURAL,rattlesnake men,响尾蛇人
CREATURE:ADJECTIVE,rattlesnake man,响尾蛇人
CREATURE:CASTE:SINGULAR,rattlesnake woman,女响尾蛇人
CREATURE:CASTE:SINGULAR,rattlesnake man,雄响尾蛇人
CREATURE:CASTE:PLURAL,rattlesnake women,女响尾蛇人
CREATURE:CASTE:PLURAL,rattlesnake men,雄响尾蛇人
CREATURE:CASTE:ADJECTIVE,rattlesnake woman,女响尾蛇人
CREATURE:CASTE:ADJECTIVE,rattlesnake man,雄响尾蛇人
CREATURE:SINGULAR,giant rattlesnake,巨型响尾蛇
CREATURE:PLURAL,giant rattlesnakes,巨型响尾蛇
CREATURE:ADJECTIVE,giant rattlesnake,巨型响尾蛇
CREATURE:CASTE:SINGULAR,giant rattlesnake,巨型响尾蛇
CREATURE:CASTE:PLURAL,giant rattlesnakes,巨型响尾蛇
CREATURE:CASTE:ADJECTIVE,giant rattlesnake,巨型响尾蛇
CREATURE:SINGULAR,weasel,黄鼬
CREATURE:PLURAL,weasels,黄鼬
CREATURE:ADJECTIVE,weasel,黄鼬
CREATURE:CASTE:SINGULAR,weasel,黄鼬
CREATURE:CASTE:PLURAL,weasels,黄鼬
CREATURE:CASTE:ADJECTIVE,weasel,黄鼬
CREATURE:SINGULAR,weasel man,黄鼬人
CREATURE:PLURAL,weasel men,黄鼬人
CREATURE:ADJECTIVE,weasel man,黄鼬人
CREATURE:CASTE:SINGULAR,weasel woman,雌黄鼬人
CREATURE:CASTE:SINGULAR,weasel man,雄黄鼬人
CREATURE:CASTE:PLURAL,weasel women,雌黄鼬人
CREATURE:CASTE:PLURAL,weasel men,雄黄鼬人
CREATURE:CASTE:ADJECTIVE,weasel woman,雌黄鼬人
CREATURE:CASTE:ADJECTIVE,weasel man,雄黄鼬人
CREATURE:SINGULAR,giant weasel,巨型黄鼬
CREATURE:PLURAL,giant weasels,巨型黄鼬
CREATURE:ADJECTIVE,giant weasel,巨型黄鼬
CREATURE:CASTE:SINGULAR,giant weasel,巨型黄鼬
CREATURE:CASTE:PLURAL,giant weasels,巨型黄鼬
CREATURE:CASTE:ADJECTIVE,giant weasel,巨型黄鼬
CREATURE:SINGULAR,copperhead snake,铜头蛇
CREATURE:PLURAL,copperhead snakes,铜头蛇
CREATURE:ADJECTIVE,copperhead snake,铜头蛇
CREATURE:CASTE:SINGULAR,copperhead snake,铜头蛇
CREATURE:CASTE:PLURAL,copperhead snakes,铜头蛇
CREATURE:CASTE:ADJECTIVE,copperhead snake,铜头蛇
CREATURE:SINGULAR,copperhead snake man,铜头蛇人
CREATURE:PLURAL,copperhead snake men,铜头蛇人
CREATURE:ADJECTIVE,copperhead snake man,铜头蛇人
CREATURE:CASTE:SINGULAR,copperhead snake woman,雌铜头蛇人
CREATURE:CASTE:SINGULAR,copperhead snake man,雄铜头蛇人
CREATURE:CASTE:PLURAL,copperhead snake women,雌铜头蛇人
CREATURE:CASTE:PLURAL,copperhead snake men,雄铜头蛇人
CREATURE:CASTE:ADJECTIVE,copperhead snake woman,雌铜头蛇人
CREATURE:CASTE:ADJECTIVE,copperhead snake man,雄铜头蛇人
CREATURE:SINGULAR,giant copperhead snake,巨型铜头蛇
CREATURE:PLURAL,giant copperhead snakes,巨型铜头蛇
CREATURE:ADJECTIVE,giant copperhead snake,巨型铜头蛇
CREATURE:CASTE:SINGULAR,giant copperhead snake,巨型铜头蛇
CREATURE:CASTE:PLURAL,giant copperhead snakes,巨型铜头蛇
CREATURE:CASTE:ADJECTIVE,giant copperhead snake,巨型铜头蛇
CREATURE:SINGULAR,ibex,羱羊
CREATURE:PLURAL,ibexes,羱羊
CREATURE:ADJECTIVE,ibex,羱羊
CREATURE:CASTE:SINGULAR,ibex,羱羊
CREATURE:CASTE:PLURAL,ibexes,羱羊
CREATURE:CASTE:ADJECTIVE,ibex,羱羊
CREATURE:SINGULAR,ibex man,羱羊人
CREATURE:PLURAL,ibex men,羱羊人
CREATURE:ADJECTIVE,ibex man,羱羊人
CREATURE:CASTE:SINGULAR,ibex woman,雌羱羊人
CREATURE:CASTE:SINGULAR,ibex man,雄羱羊人
CREATURE:CASTE:PLURAL,ibex women,雌羱羊人
CREATURE:CASTE:PLURAL,ibex men,雄羱羊人
CREATURE:CASTE:ADJECTIVE,ibex woman,雌羱羊人
CREATURE:CASTE:ADJECTIVE,ibex man,雄羱羊人
CREATURE:SINGULAR,giant ibex,巨型羱羊
CREATURE:PLURAL,giant ibexes,巨型羱羊
CREATURE:ADJECTIVE,giant ibex,巨型羱羊
CREATURE:CASTE:SINGULAR,giant ibex,巨型羱羊
CREATURE:CASTE:PLURAL,giant ibexes,巨型羱羊
CREATURE:CASTE:ADJECTIVE,giant ibex,巨型羱羊
CREATURE:SINGULAR,wombat,袋熊
CREATURE:PLURAL,wombats,袋熊
CREATURE:ADJECTIVE,wombat,袋熊
CREATURE:CASTE:SINGULAR,wombat,袋熊
CREATURE:CASTE:PLURAL,wombats,袋熊
CREATURE:CASTE:ADJECTIVE,wombat,袋熊
CREATURE:SINGULAR,wombat man,袋熊人
CREATURE:PLURAL,wombat men,袋熊人
CREATURE:ADJECTIVE,wombat man,袋熊人
CREATURE:CASTE:SINGULAR,wombat woman,雌袋熊人
CREATURE:CASTE:SINGULAR,wombat man,雄袋熊人
CREATURE:CASTE:PLURAL,wombat women,雌袋熊人
CREATURE:CASTE:PLURAL,wombat men,雄袋熊人
CREATURE:CASTE:ADJECTIVE,wombat woman,雌袋熊人
CREATURE:CASTE:ADJECTIVE,wombat man,雄袋熊人
CREATURE:SINGULAR,giant wombat,巨型袋熊
CREATURE:PLURAL,giant wombats,巨型袋熊
CREATURE:ADJECTIVE,giant wombat,巨型袋熊
CREATURE:CASTE:SINGULAR,giant wombat,巨型袋熊
CREATURE:CASTE:PLURAL,giant wombats,巨型袋熊
CREATURE:CASTE:ADJECTIVE,giant wombat,巨型袋熊
CREATURE:SINGULAR,dingo,野狗
CREATURE:PLURAL,dingoes,野狗
CREATURE:ADJECTIVE,dingo,野狗
CREATURE:CASTE:SINGULAR,dingo,野狗
CREATURE:CASTE:PLURAL,dingoes,野狗
CREATURE:CASTE:ADJECTIVE,dingo,野狗
CREATURE:SINGULAR,dingo man,野狗人
CREATURE:PLURAL,dingo men,野狗人
CREATURE:ADJECTIVE,dingo man,野狗人
CREATURE:CASTE:SINGULAR,dingo woman,雌野狗人
CREATURE:CASTE:SINGULAR,dingo man,雄野狗人
CREATURE:CASTE:PLURAL,dingo women,雌野狗人
CREATURE:CASTE:PLURAL,dingo men,雄野狗人
CREATURE:CASTE:ADJECTIVE,dingo woman,雌野狗人
CREATURE:CASTE:ADJECTIVE,dingo man,雄野狗人
CREATURE:SINGULAR,giant dingo,巨型野狗
CREATURE:PLURAL,giant dingoes,巨型野狗
CREATURE:ADJECTIVE,giant dingo,巨型野狗
CREATURE:CASTE:SINGULAR,giant dingo,巨型野狗
CREATURE:CASTE:PLURAL,giant dingoes,巨型野狗
CREATURE:CASTE:ADJECTIVE,giant dingo,巨型野狗
CREATURE:SINGULAR,coati,长鼻浣熊
CREATURE:PLURAL,coatis,长鼻浣熊
CREATURE:ADJECTIVE,coati,长鼻浣熊
CREATURE:CASTE:SINGULAR,coati,长鼻浣熊
CREATURE:CASTE:PLURAL,coatis,长鼻浣熊
CREATURE:CASTE:ADJECTIVE,coati,长鼻浣熊
CREATURE:SINGULAR,coati man,长鼻浣熊人
CREATURE:PLURAL,coati men,长鼻浣熊人
CREATURE:ADJECTIVE,coati man,长鼻浣熊人
CREATURE:CASTE:SINGULAR,coati woman,雌长鼻浣熊人
CREATURE:CASTE:SINGULAR,coati man,雄长鼻浣熊人
CREATURE:CASTE:PLURAL,coati women,雌长鼻浣熊人
CREATURE:CASTE:PLURAL,coati men,雄长鼻浣熊人
CREATURE:CASTE:ADJECTIVE,coati woman,雌长鼻浣熊人
CREATURE:CASTE:ADJECTIVE,coati man,雄长鼻浣熊人
CREATURE:SINGULAR,giant coati,巨型长鼻浣熊
CREATURE:PLURAL,giant coatis,巨型长鼻浣熊
CREATURE:ADJECTIVE,giant coati,巨型长鼻浣熊
CREATURE:CASTE:SINGULAR,giant coati,巨型长鼻浣熊
CREATURE:CASTE:PLURAL,giant coatis,巨型长鼻浣熊
CREATURE:CASTE:ADJECTIVE,giant coati,巨型长鼻浣熊
CREATURE:SINGULAR,opossum,负鼠
CREATURE:PLURAL,opossums,负鼠
CREATURE:ADJECTIVE,opossum,负鼠
CREATURE:CASTE:SINGULAR,opossum,负鼠
CREATURE:CASTE:PLURAL,opossums,负鼠
CREATURE:CASTE:ADJECTIVE,opossum,负鼠
CREATURE:SINGULAR,opossum man,负鼠人
CREATURE:PLURAL,opossum men,负鼠人
CREATURE:ADJECTIVE,opossum man,负鼠人
CREATURE:CASTE:SINGULAR,opossum woman,雌负鼠人
CREATURE:CASTE:SINGULAR,opossum man,雄负鼠人
CREATURE:CASTE:PLURAL,opossum women,雌负鼠人
CREATURE:CASTE:PLURAL,opossum men,雄负鼠人
CREATURE:CASTE:ADJECTIVE,opossum woman,雌负鼠人
CREATURE:CASTE:ADJECTIVE,opossum man,雄负鼠人
CREATURE:SINGULAR,giant opossum,巨型负鼠
CREATURE:PLURAL,giant opossums,巨型负鼠
CREATURE:ADJECTIVE,giant opossum,巨型负鼠
CREATURE:CASTE:SINGULAR,giant opossum,巨型负鼠
CREATURE:CASTE:PLURAL,giant opossums,巨型负鼠
CREATURE:CASTE:ADJECTIVE,giant opossum,巨型负鼠
CREATURE:SINGULAR,mongoose,獴
CREATURE:PLURAL,mongooses,獴
CREATURE:ADJECTIVE,mongoose,獴
CREATURE:CASTE:SINGULAR,mongoose,獴
CREATURE:CASTE:PLURAL,mongooses,獴
CREATURE:CASTE:ADJECTIVE,mongoose,獴
CREATURE:SINGULAR,mongoose man,獴人
CREATURE:PLURAL,mongoose men,獴人
CREATURE:ADJECTIVE,mongoose man,獴人
CREATURE:CASTE:SINGULAR,mongoose woman,雌獴人
CREATURE:CASTE:SINGULAR,mongoose man,雄獴人
CREATURE:CASTE:PLURAL,mongoose women,雌獴人
CREATURE:CASTE:PLURAL,mongoose men,雄獴人
CREATURE:CASTE:ADJECTIVE,mongoose woman,雌獴人
CREATURE:CASTE:ADJECTIVE,mongoose man,雄獴人
CREATURE:SINGULAR,giant mongoose,巨型獴
CREATURE:PLURAL,giant mongooses,巨型獴
CREATURE:ADJECTIVE,giant mongoose,巨型獴
CREATURE:CASTE:SINGULAR,giant mongoose,巨型獴
CREATURE:CASTE:PLURAL,giant mongooses,巨型獴
CREATURE:CASTE:ADJECTIVE,giant mongoose,巨型獴
CREATURE:SINGULAR,hyena,鬣狗
CREATURE:PLURAL,hyenas,鬣狗
CREATURE:ADJECTIVE,hyena,鬣狗
CREATURE:CASTE:SINGULAR,hyena,鬣狗
CREATURE:CASTE:PLURAL,hyenas,鬣狗
CREATURE:CASTE:ADJECTIVE,hyena,鬣狗
CREATURE:SINGULAR,hyena man,鬣狗人
CREATURE:PLURAL,hyena men,鬣狗人
CREATURE:ADJECTIVE,hyena man,鬣狗人
CREATURE:CASTE:SINGULAR,hyena woman,雌鬣狗人
CREATURE:CASTE:SINGULAR,hyena man,雄鬣狗人
CREATURE:CASTE:PLURAL,hyena women,雌鬣狗人
CREATURE:CASTE:PLURAL,hyena men,雄鬣狗人
CREATURE:CASTE:ADJECTIVE,hyena woman,雌鬣狗人
CREATURE:CASTE:ADJECTIVE,hyena man,雄鬣狗人
CREATURE:SINGULAR,giant hyena,巨型鬣狗
CREATURE:PLURAL,giant hyenas,巨型鬣狗
CREATURE:ADJECTIVE,giant hyena,巨型鬣狗
CREATURE:CASTE:SINGULAR,giant hyena,巨型鬣狗
CREATURE:CASTE:PLURAL,giant hyenas,巨型鬣狗
CREATURE:CASTE:ADJECTIVE,giant hyena,巨型鬣狗
CREATURE:SINGULAR,anaconda,水蟒
CREATURE:PLURAL,anacondas,水蟒
CREATURE:ADJECTIVE,anaconda,水蟒
CREATURE:CASTE:SINGULAR,anaconda,水蟒
CREATURE:CASTE:PLURAL,anacondas,水蟒
CREATURE:CASTE:ADJECTIVE,anaconda,水蟒
CREATURE:SINGULAR,anaconda man,水蟒人
CREATURE:PLURAL,anaconda men,水蟒人
CREATURE:ADJECTIVE,anaconda man,水蟒人
CREATURE:CASTE:SINGULAR,anaconda woman,雌水蟒人
CREATURE:CASTE:SINGULAR,anaconda man,雄水蟒人
CREATURE:CASTE:PLURAL,anaconda women,雌水蟒人
CREATURE:CASTE:PLURAL,anaconda men,雄水蟒人
CREATURE:CASTE:ADJECTIVE,anaconda woman,雌水蟒人
CREATURE:CASTE:ADJECTIVE,anaconda man,雄水蟒人
CREATURE:SINGULAR,giant anaconda,巨型水蟒
CREATURE:PLURAL,giant anacondas,巨型水蟒
CREATURE:ADJECTIVE,giant anaconda,巨型水蟒
CREATURE:CASTE:SINGULAR,giant anaconda,巨型水蟒
CREATURE:CASTE:PLURAL,giant anacondas,巨型水蟒
CREATURE:CASTE:ADJECTIVE,giant anaconda,巨型水蟒
CREATURE:SINGULAR,monitor lizard,巨蜥
CREATURE:PLURAL,monitor lizards,巨蜥
CREATURE:ADJECTIVE,monitor lizard,巨蜥
CREATURE:CASTE:SINGULAR,monitor lizard,巨蜥
CREATURE:CASTE:PLURAL,monitor lizards,巨蜥
CREATURE:CASTE:ADJECTIVE,monitor lizard,巨蜥
CREATURE:SINGULAR,monitor lizard man,巨蜥人
CREATURE:PLURAL,monitor lizard men,巨蜥人
CREATURE:ADJECTIVE,monitor lizard man,巨蜥人
CREATURE:CASTE:SINGULAR,monitor lizard woman,雌巨蜥人
CREATURE:CASTE:SINGULAR,monitor lizard man,雄巨蜥人
CREATURE:CASTE:PLURAL,monitor lizard women,雌巨蜥人
CREATURE:CASTE:PLURAL,monitor lizard men,雄巨蜥人
CREATURE:CASTE:ADJECTIVE,monitor lizard woman,雌巨蜥人
CREATURE:CASTE:ADJECTIVE,monitor lizard man,雄巨蜥人
CREATURE:SINGULAR,giant monitor lizard,巨型巨蜥
CREATURE:PLURAL,giant monitor lizards,巨型巨蜥
CREATURE:ADJECTIVE,giant monitor lizard,巨型巨蜥
CREATURE:CASTE:SINGULAR,giant monitor lizard,眼镜王蛇
CREATURE:CASTE:PLURAL,giant monitor lizards,眼镜王蛇
CREATURE:CASTE:ADJECTIVE,giant monitor lizard,眼镜王蛇
CREATURE:SINGULAR,king cobra,眼镜王蛇
CREATURE:PLURAL,king cobras,眼镜王蛇
CREATURE:ADJECTIVE,king cobra,眼镜王蛇
CREATURE:CASTE:SINGULAR,king cobra,眼镜王蛇
CREATURE:CASTE:PLURAL,king cobras,眼镜王蛇
CREATURE:CASTE:ADJECTIVE,king cobra,眼镜王蛇
CREATURE:SINGULAR,king cobra man,眼镜王蛇人
CREATURE:PLURAL,king cobra men,眼镜王蛇人
CREATURE:ADJECTIVE,king cobra man,眼镜王蛇人
CREATURE:CASTE:SINGULAR,king cobra woman,雌眼镜王蛇人
CREATURE:CASTE:SINGULAR,king cobra man,雄眼镜王蛇人
CREATURE:CASTE:PLURAL,king cobra women,雌眼镜王蛇人
CREATURE:CASTE:PLURAL,king cobra men,雄眼镜王蛇人
CREATURE:CASTE:ADJECTIVE,king cobra woman,雌眼镜王蛇人
CREATURE:CASTE:ADJECTIVE,king cobra man,雄眼镜王蛇人
CREATURE:SINGULAR,giant king cobra,巨型眼镜王蛇
CREATURE:PLURAL,giant king cobras,巨型眼镜王蛇
CREATURE:ADJECTIVE,giant king cobra,巨型眼镜王蛇
CREATURE:CASTE:SINGULAR,giant king cobra,巨型眼镜王蛇
CREATURE:CASTE:PLURAL,giant king cobras,巨型眼镜王蛇
CREATURE:CASTE:ADJECTIVE,giant king cobra,巨型眼镜王蛇
CREATURE:SINGULAR,ocelot,豹猫
CREATURE:PLURAL,ocelots,豹猫
CREATURE:ADJECTIVE,ocelot,豹猫
CREATURE:CASTE:SINGULAR,ocelot,豹猫
CREATURE:CASTE:PLURAL,ocelots,豹猫
CREATURE:CASTE:ADJECTIVE,ocelot,豹猫
CREATURE:SINGULAR,ocelot man,豹猫人
CREATURE:PLURAL,ocelot men,豹猫人
CREATURE:ADJECTIVE,ocelot man,豹猫人
CREATURE:CASTE:SINGULAR,ocelot woman,雌豹猫人
CREATURE:CASTE:SINGULAR,ocelot man,雄豹猫人
CREATURE:CASTE:PLURAL,ocelot women,雌豹猫人
CREATURE:CASTE:PLURAL,ocelot men,雄豹猫人
CREATURE:CASTE:ADJECTIVE,ocelot woman,雌豹猫人
CREATURE:CASTE:ADJECTIVE,ocelot man,雄豹猫人
CREATURE:SINGULAR,giant ocelot,巨型豹猫
CREATURE:PLURAL,giant ocelots,巨型豹猫
CREATURE:ADJECTIVE,giant ocelot,巨型豹猫
CREATURE:CASTE:SINGULAR,giant ocelot,巨型豹猫
CREATURE:CASTE:PLURAL,giant ocelots,巨型豹猫
CREATURE:CASTE:ADJECTIVE,giant ocelot,巨型豹猫
CREATURE:SINGULAR,jackal,豺
CREATURE:PLURAL,jackals,豺
CREATURE:ADJECTIVE,jackal,豺
CREATURE:CASTE:SINGULAR,jackal,豺
CREATURE:CASTE:PLURAL,jackals,豺
CREATURE:CASTE:ADJECTIVE,jackal,豺
CREATURE:SINGULAR,jackal man,豺人
CREATURE:PLURAL,jackal men,豺人
CREATURE:ADJECTIVE,jackal man,豺人
CREATURE:CASTE:SINGULAR,jackal woman,雌豺人
CREATURE:CASTE:SINGULAR,jackal man,雄豺人
CREATURE:CASTE:PLURAL,jackal women,雌豺人
CREATURE:CASTE:PLURAL,jackal men,雄豺人
CREATURE:CASTE:ADJECTIVE,jackal woman,雌豺人
CREATURE:CASTE:ADJECTIVE,jackal man,雄豺人
CREATURE:SINGULAR,giant jackal,巨型豺
CREATURE:PLURAL,giant jackals,巨型豺
CREATURE:ADJECTIVE,giant jackal,巨型豺
CREATURE:CASTE:SINGULAR,giant jackal,巨型豺
CREATURE:CASTE:PLURAL,giant jackals,巨型豺
CREATURE:CASTE:ADJECTIVE,giant jackal,巨型豺
CREATURE:SINGULAR,capuchin,卷尾猴
CREATURE:PLURAL,capuchins,卷尾猴
CREATURE:ADJECTIVE,capuchin,卷尾猴
CREATURE:CASTE:SINGULAR,capuchin,卷尾猴
CREATURE:CASTE:PLURAL,capuchins,卷尾猴
CREATURE:CASTE:ADJECTIVE,capuchin,卷尾猴
CREATURE:SINGULAR,capuchin man,卷尾猴人
CREATURE:PLURAL,capuchin men,卷尾猴人
CREATURE:ADJECTIVE,capuchin man,卷尾猴人
CREATURE:CASTE:SINGULAR,capuchin woman,雌卷尾猴人
CREATURE:CASTE:SINGULAR,capuchin man,雄卷尾猴人
CREATURE:CASTE:PLURAL,capuchin women,雌卷尾猴人
CREATURE:CASTE:PLURAL,capuchin men,雄卷尾猴人
CREATURE:CASTE:ADJECTIVE,capuchin woman,雌卷尾猴人
CREATURE:CASTE:ADJECTIVE,capuchin man,雄卷尾猴人
CREATURE:SINGULAR,giant capuchin,巨型卷尾猴
CREATURE:PLURAL,giant capuchins,巨型卷尾猴
CREATURE:ADJECTIVE,giant capuchin,巨型卷尾猴
CREATURE:CASTE:SINGULAR,giant capuchin,巨型卷尾猴
CREATURE:CASTE:PLURAL,giant capuchins,巨型卷尾猴
CREATURE:CASTE:ADJECTIVE,giant capuchin,巨型卷尾猴
CREATURE:SINGULAR,sloth,树懒
CREATURE:PLURAL,sloths,树懒
CREATURE:ADJECTIVE,sloth,树懒
CREATURE:CASTE:SINGULAR,sloth,树懒
CREATURE:CASTE:PLURAL,sloths,树懒
CREATURE:CASTE:ADJECTIVE,sloth,树懒
CREATURE:SINGULAR,sloth man,树懒人
CREATURE:PLURAL,sloth men,树懒人
CREATURE:ADJECTIVE,sloth man,树懒人
CREATURE:CASTE:SINGULAR,sloth woman,雌树懒人
CREATURE:CASTE:SINGULAR,sloth man,雄树懒人
CREATURE:CASTE:PLURAL,sloth women,雌树懒人
CREATURE:CASTE:PLURAL,sloth men,雄树懒人
CREATURE:CASTE:ADJECTIVE,sloth woman,雌树懒人
CREATURE:CASTE:ADJECTIVE,sloth man,雄树懒人
CREATURE:SINGULAR,giant sloth,巨型树懒
CREATURE:PLURAL,giant sloths,巨型树懒
CREATURE:ADJECTIVE,giant sloth,巨型树懒
CREATURE:CASTE:SINGULAR,giant sloth,巨型树懒
CREATURE:CASTE:PLURAL,giant sloths,巨型树懒
CREATURE:CASTE:ADJECTIVE,giant sloth,巨型树懒
CREATURE:SINGULAR,spider monkey,蜘蛛猴
CREATURE:PLURAL,spider monkeys,蜘蛛猴
CREATURE:ADJECTIVE,spider monkey,蜘蛛猴
CREATURE:CASTE:SINGULAR,spider monkey,蜘蛛猴
CREATURE:CASTE:PLURAL,spider monkeys,蜘蛛猴
CREATURE:CASTE:ADJECTIVE,spider monkey,蜘蛛猴
CREATURE:SINGULAR,spider monkey man,蜘蛛猴人
CREATURE:PLURAL,spider monkey men,蜘蛛猴人
CREATURE:ADJECTIVE,spider monkey man,蜘蛛猴人
CREATURE:CASTE:SINGULAR,spider monkey woman,雌蜘蛛猴人
CREATURE:CASTE:SINGULAR,spider monkey man,雄蜘蛛猴人
CREATURE:CASTE:PLURAL,spider monkey women,雌蜘蛛猴人
CREATURE:CASTE:PLURAL,spider monkey men,雄蜘蛛猴人
CREATURE:CASTE:ADJECTIVE,spider monkey woman,雌蜘蛛猴人
CREATURE:CASTE:ADJECTIVE,spider monkey man,雄蜘蛛猴人
CREATURE:SINGULAR,giant spider monkey,巨型蜘蛛猴
CREATURE:PLURAL,giant spider monkeys,巨型蜘蛛猴
CREATURE:ADJECTIVE,giant spider monkey,巨型蜘蛛猴
CREATURE:CASTE:SINGULAR,giant spider monkey,巨型蜘蛛猴
CREATURE:CASTE:PLURAL,giant spider monkeys,巨型蜘蛛猴
CREATURE:CASTE:ADJECTIVE,giant spider monkey,巨型蜘蛛猴
CREATURE:SINGULAR,pangolin,穿山甲
CREATURE:PLURAL,pangolins,穿山甲
CREATURE:ADJECTIVE,pangolin,穿山甲
CREATURE:CASTE:SINGULAR,pangolin,穿山甲
CREATURE:CASTE:PLURAL,pangolins,穿山甲
CREATURE:CASTE:ADJECTIVE,pangolin,穿山甲
CREATURE:SINGULAR,pangolin man,穿山甲人
CREATURE:PLURAL,pangolin men,穿山甲人
CREATURE:ADJECTIVE,pangolin man,穿山甲人
CREATURE:CASTE:SINGULAR,pangolin woman,雌穿山甲人
CREATURE:CASTE:SINGULAR,pangolin man,雄穿山甲人
CREATURE:CASTE:PLURAL,pangolin women,雌穿山甲人
CREATURE:CASTE:PLURAL,pangolin men,雄穿山甲人
CREATURE:CASTE:ADJECTIVE,pangolin woman,雌穿山甲人
CREATURE:CASTE:ADJECTIVE,pangolin man,雄穿山甲人
CREATURE:SINGULAR,giant pangolin,巨型穿山甲
CREATURE:PLURAL,giant pangolins,巨型穿山甲
CREATURE:ADJECTIVE,giant pangolin,巨型穿山甲
CREATURE:CASTE:SINGULAR,giant pangolin,巨型穿山甲
CREATURE:CASTE:PLURAL,giant pangolins,巨型穿山甲
CREATURE:CASTE:ADJECTIVE,giant pangolin,巨型穿山甲
CREATURE:SINGULAR,black mamba,黑曼巴蛇
CREATURE:PLURAL,black mambas,黑曼巴蛇
CREATURE:ADJECTIVE,black mamba,黑曼巴蛇
CREATURE:CASTE:SINGULAR,black mamba,黑曼巴蛇
CREATURE:CASTE:PLURAL,black mambas,黑曼巴蛇
CREATURE:CASTE:ADJECTIVE,black mamba,黑曼巴蛇
CREATURE:SINGULAR,black mamba man,黑曼巴蛇人
CREATURE:PLURAL,black mamba men,黑曼巴蛇人
CREATURE:ADJECTIVE,black mamba man,黑曼巴蛇人
CREATURE:CASTE:SINGULAR,black mamba woman,雌黑曼巴蛇人
CREATURE:CASTE:SINGULAR,black mamba man,雄黑曼巴蛇人
CREATURE:CASTE:PLURAL,black mamba women,雌黑曼巴蛇人
CREATURE:CASTE:PLURAL,black mamba men,雄黑曼巴蛇人
CREATURE:CASTE:ADJECTIVE,black mamba woman,雌黑曼巴蛇人
CREATURE:CASTE:ADJECTIVE,black mamba man,雄黑曼巴蛇人
CREATURE:SINGULAR,giant black mamba,巨型黑曼巴蛇
CREATURE:PLURAL,giant black mambas,巨型黑曼巴蛇
CREATURE:ADJECTIVE,giant black mamba,巨型黑曼巴蛇
CREATURE:CASTE:SINGULAR,giant black mamba,巨型黑曼巴蛇
CREATURE:CASTE:PLURAL,giant black mambas,巨型黑曼巴蛇
CREATURE:CASTE:ADJECTIVE,giant black mamba,巨型黑曼巴蛇
CREATURE:SINGULAR,sloth bear,懒熊
CREATURE:PLURAL,sloth bears,懒熊
CREATURE:ADJECTIVE,sloth bear,懒熊
CREATURE:CASTE:SINGULAR,sloth bear,懒熊
CREATURE:CASTE:PLURAL,sloth bears,懒熊
CREATURE:CASTE:ADJECTIVE,sloth bear,懒熊
CREATURE:SINGULAR,sloth bear man,懒熊人
CREATURE:PLURAL,sloth bear men,懒熊人
CREATURE:ADJECTIVE,sloth bear man,懒熊人
CREATURE:CASTE:SINGULAR,sloth bear woman,雌懒熊人
CREATURE:CASTE:SINGULAR,sloth bear man,雄懒熊人
CREATURE:CASTE:PLURAL,sloth bear women,雌懒熊人
CREATURE:CASTE:PLURAL,sloth bear men,雄懒熊人
CREATURE:CASTE:ADJECTIVE,sloth bear woman,雌懒熊人
CREATURE:CASTE:ADJECTIVE,sloth bear man,雄懒熊人
CREATURE:SINGULAR,giant sloth bear,巨型懒熊
CREATURE:PLURAL,giant sloth bears,巨型懒熊
CREATURE:ADJECTIVE,giant sloth bear,巨型懒熊
CREATURE:CASTE:SINGULAR,giant sloth bear,巨型懒熊
CREATURE:CASTE:PLURAL,giant sloth bears,巨型懒熊
CREATURE:CASTE:ADJECTIVE,giant sloth bear,巨型懒熊
CREATURE:SINGULAR,aye-aye,指猴
CREATURE:PLURAL,aye-ayes,指猴
CREATURE:ADJECTIVE,aye-aye,指猴
CREATURE:CASTE:SINGULAR,aye-aye,指猴
CREATURE:CASTE:PLURAL,aye-ayes,指猴
CREATURE:CASTE:ADJECTIVE,aye-aye,指猴
CREATURE:SINGULAR,aye-aye man,指猴人
CREATURE:PLURAL,aye-aye men,指猴人
CREATURE:ADJECTIVE,aye-aye man,指猴人
CREATURE:CASTE:SINGULAR,aye-aye woman,雌指猴人
CREATURE:CASTE:SINGULAR,aye-aye man,雄指猴人
CREATURE:CASTE:PLURAL,aye-aye women,雌指猴人
CREATURE:CASTE:PLURAL,aye-aye men,雄指猴人
CREATURE:CASTE:ADJECTIVE,aye-aye woman,雌指猴人
CREATURE:CASTE:ADJECTIVE,aye-aye man,雄指猴人
CREATURE:SINGULAR,giant aye-aye,巨型指猴
CREATURE:PLURAL,giant aye-ayes,巨型指猴
CREATURE:ADJECTIVE,giant aye-aye,巨型指猴
CREATURE:CASTE:SINGULAR,giant aye-aye,巨型指猴
CREATURE:CASTE:PLURAL,giant aye-ayes,巨型指猴
CREATURE:CASTE:ADJECTIVE,giant aye-aye,巨型指猴
CREATURE:SINGULAR,bushmaster,巨蝮
CREATURE:PLURAL,bushmasters,巨蝮
CREATURE:ADJECTIVE,bushmaster,巨蝮
CREATURE:CASTE:SINGULAR,bushmaster,巨蝮
CREATURE:CASTE:PLURAL,bushmasters,巨蝮
CREATURE:CASTE:ADJECTIVE,bushmaster,巨蝮
CREATURE:SINGULAR,bushmaster man,巨蝮人
CREATURE:PLURAL,bushmaster men,巨蝮人
CREATURE:ADJECTIVE,bushmaster man,巨蝮人
CREATURE:CASTE:SINGULAR,bushmaster woman,雌巨蝮人
CREATURE:CASTE:SINGULAR,bushmaster man,雄巨蝮人
CREATURE:CASTE:PLURAL,bushmaster women,雌巨蝮人
CREATURE:CASTE:PLURAL,bushmaster men,雄巨蝮人
CREATURE:CASTE:ADJECTIVE,bushmaster woman,雌巨蝮人
CREATURE:CASTE:ADJECTIVE,bushmaster man,雄巨蝮人
CREATURE:SINGULAR,giant bushmaster,巨型巨蝮
CREATURE:PLURAL,giant bushmasters,巨型巨蝮
CREATURE:ADJECTIVE,giant bushmaster,巨型巨蝮
CREATURE:CASTE:SINGULAR,giant bushmaster,巨型巨蝮
CREATURE:CASTE:PLURAL,giant bushmasters,巨型巨蝮
CREATURE:CASTE:ADJECTIVE,giant bushmaster,巨型巨蝮
CREATURE:SINGULAR,python,巨蟒
CREATURE:PLURAL,pythons,巨蟒
CREATURE:ADJECTIVE,python,巨蟒
CREATURE:CASTE:SINGULAR,python,巨蟒
CREATURE:CASTE:PLURAL,pythons,巨蟒
CREATURE:CASTE:ADJECTIVE,python,巨蟒
CREATURE:SINGULAR,python man,巨蟒人
CREATURE:PLURAL,python men,巨蟒人
CREATURE:ADJECTIVE,python man,巨蟒人
CREATURE:CASTE:SINGULAR,python woman,雌巨蟒人
CREATURE:CASTE:SINGULAR,python man,雄巨蟒人
CREATURE:CASTE:PLURAL,python women,雌巨蟒人
CREATURE:CASTE:PLURAL,python men,雄巨蟒人
CREATURE:CASTE:ADJECTIVE,python woman,雌巨蟒人
CREATURE:CASTE:ADJECTIVE,python man,雄巨蟒人
CREATURE:SINGULAR,giant python,巨型巨蟒
CREATURE:PLURAL,giant pythons,巨型巨蟒
CREATURE:ADJECTIVE,giant python,巨型巨蟒
CREATURE:CASTE:SINGULAR,giant python,巨型巨蟒
CREATURE:CASTE:PLURAL,giant pythons,巨型巨蟒
CREATURE:CASTE:ADJECTIVE,giant python,巨型巨蟒
CREATURE:SINGULAR,tapir,貘
CREATURE:PLURAL,tapirs,貘
CREATURE:ADJECTIVE,tapir,貘
CREATURE:CASTE:SINGULAR,tapir,貘
CREATURE:CASTE:PLURAL,tapirs,貘
CREATURE:CASTE:ADJECTIVE,tapir,貘
CREATURE:SINGULAR,tapir man,貘人
CREATURE:PLURAL,tapir men,貘人
CREATURE:ADJECTIVE,tapir man,貘人
CREATURE:CASTE:SINGULAR,tapir woman,雌貘人
CREATURE:CASTE:SINGULAR,tapir man,雄貘人
CREATURE:CASTE:PLURAL,tapir women,雌貘人
CREATURE:CASTE:PLURAL,tapir men,雄貘人
CREATURE:CASTE:ADJECTIVE,tapir woman,雌貘人
CREATURE:CASTE:ADJECTIVE,tapir man,雄貘人
CREATURE:SINGULAR,giant tapir,巨型貘
CREATURE:PLURAL,giant tapirs,巨型貘
CREATURE:ADJECTIVE,giant tapir,巨型貘
CREATURE:CASTE:SINGULAR,giant tapir,巨型貘
CREATURE:CASTE:PLURAL,giant tapirs,巨型貘
CREATURE:CASTE:ADJECTIVE,giant tapir,巨型貘
CREATURE:SINGULAR,impala,高角羚
CREATURE:PLURAL,impalas,高角羚
CREATURE:ADJECTIVE,impala,高角羚
CREATURE:CASTE:SINGULAR,impala,高角羚
CREATURE:CASTE:PLURAL,impalas,高角羚
CREATURE:CASTE:ADJECTIVE,impala,高角羚
CREATURE:SINGULAR,impala man,高角羚人
CREATURE:PLURAL,impala men,高角羚人
CREATURE:ADJECTIVE,impala man,高角羚人
CREATURE:CASTE:SINGULAR,impala woman,雌高角羚人
CREATURE:CASTE:SINGULAR,impala man,雄高角羚人
CREATURE:CASTE:PLURAL,impala women,雌高角羚人
CREATURE:CASTE:PLURAL,impala men,雄高角羚人
CREATURE:CASTE:ADJECTIVE,impala woman,雌高角羚人
CREATURE:CASTE:ADJECTIVE,impala man,雄高角羚人
CREATURE:SINGULAR,giant impala,巨型高角羚
CREATURE:PLURAL,giant impalas,巨型高角羚
CREATURE:ADJECTIVE,giant impala,巨型高角羚
CREATURE:CASTE:SINGULAR,giant impala,巨型高角羚
CREATURE:CASTE:PLURAL,giant impalas,巨型高角羚
CREATURE:CASTE:ADJECTIVE,giant impala,巨型高角羚
CREATURE:SINGULAR,aardvark,土豚
CREATURE:PLURAL,aardvarks,土豚
CREATURE:ADJECTIVE,aardvark,土豚
CREATURE:CASTE:SINGULAR,aardvark,土豚
CREATURE:CASTE:PLURAL,aardvarks,土豚
CREATURE:CASTE:ADJECTIVE,aardvark,土豚
CREATURE:SINGULAR,aardvark man,土豚人
CREATURE:PLURAL,aardvark men,土豚人
CREATURE:ADJECTIVE,aardvark man,土豚人
CREATURE:CASTE:SINGULAR,aardvark woman,雌土豚人
CREATURE:CASTE:SINGULAR,aardvark man,雄土豚人
CREATURE:CASTE:PLURAL,aardvark women,雌土豚人
CREATURE:CASTE:PLURAL,aardvark men,雄土豚人
CREATURE:CASTE:ADJECTIVE,aardvark woman,雌土豚人
CREATURE:CASTE:ADJECTIVE,aardvark man,雄土豚人
CREATURE:SINGULAR,giant aardvark,巨型土豚
CREATURE:PLURAL,giant aardvarks,巨型土豚
CREATURE:ADJECTIVE,giant aardvark,巨型土豚
CREATURE:CASTE:SINGULAR,giant aardvark,巨型土豚
CREATURE:CASTE:PLURAL,giant aardvarks,巨型土豚
CREATURE:CASTE:ADJECTIVE,giant aardvark,巨型土豚
CREATURE:SINGULAR,lion tamarin,狮狨猴
CREATURE:PLURAL,lion tamarins,狮狨猴
CREATURE:ADJECTIVE,lion tamarin,狮狨猴
CREATURE:CASTE:SINGULAR,lion tamarin,狮狨猴
CREATURE:CASTE:PLURAL,lion tamarins,狮狨猴
CREATURE:CASTE:ADJECTIVE,lion tamarin,狮狨猴
CREATURE:SINGULAR,lion tamarin man,狮狨猴人
CREATURE:PLURAL,lion tamarin men,狮狨猴人
CREATURE:ADJECTIVE,lion tamarin man,狮狨猴人
CREATURE:CASTE:SINGULAR,lion tamarin woman,雌狮狨猴人
CREATURE:CASTE:SINGULAR,lion tamarin man,雄狮狨猴人
CREATURE:CASTE:PLURAL,lion tamarin women,雌狮狨猴人
CREATURE:CASTE:PLURAL,lion tamarin men,雄狮狨猴人
CREATURE:CASTE:ADJECTIVE,lion tamarin woman,雌狮狨猴人
CREATURE:CASTE:ADJECTIVE,lion tamarin man,雄狮狨猴人
CREATURE:SINGULAR,giant lion tamarin,巨型狮狨猴
CREATURE:PLURAL,giant lion tamarins,巨型狮狨猴
CREATURE:ADJECTIVE,giant lion tamarin,巨型狮狨猴
CREATURE:CASTE:SINGULAR,giant lion tamarin,巨型狮狨猴
CREATURE:CASTE:PLURAL,giant lion tamarins,巨型狮狨猴
CREATURE:CASTE:ADJECTIVE,giant lion tamarin,巨型狮狨猴
CREATURE:SINGULAR,stoat,白鼬
CREATURE:PLURAL,stoats,白鼬
CREATURE:ADJECTIVE,stoat,白鼬
CREATURE:CASTE:SINGULAR,stoat jill,雌鼬鼠
CREATURE:CASTE:SINGULAR,stoat jack,雄鼬鼠
CREATURE:CASTE:PLURAL,stoat jills,雌鼬鼠
CREATURE:CASTE:PLURAL,stoat jacks,雄鼬鼠
CREATURE:CASTE:ADJECTIVE,stoat jill,雌鼬鼠
CREATURE:CASTE:ADJECTIVE,stoat jack,雄鼬鼠
CREATURE:SINGULAR,stoat man,白鼬人
CREATURE:PLURAL,stoat men,白鼬人
CREATURE:ADJECTIVE,stoat man,白鼬人
CREATURE:CASTE:SINGULAR,stoat woman,雌白鼬人
CREATURE:CASTE:SINGULAR,stoat man,雄白鼬人
CREATURE:CASTE:PLURAL,stoat women,雌白鼬人
CREATURE:CASTE:PLURAL,stoat men,雄白鼬人
CREATURE:CASTE:ADJECTIVE,stoat woman,雌白鼬人
CREATURE:CASTE:ADJECTIVE,stoat man,雄白鼬人
CREATURE:SINGULAR,giant stoat,巨型白鼬
CREATURE:PLURAL,giant stoats,巨型白鼬
CREATURE:ADJECTIVE,giant stoat,巨型白鼬
CREATURE:CASTE:SINGULAR,giant stoat,巨型白鼬
CREATURE:CASTE:PLURAL,giant stoats,巨型白鼬
CREATURE:CASTE:ADJECTIVE,giant stoat,巨型白鼬
CREATURE:SINGULAR,lynx,猞猁
CREATURE:PLURAL,lynx,猞猁
CREATURE:ADJECTIVE,lynx,猞猁
CREATURE:CASTE:SINGULAR,lynx,猞猁
CREATURE:CASTE:PLURAL,lynx,猞猁
CREATURE:CASTE:ADJECTIVE,lynx,猞猁
CREATURE:SINGULAR,lynx man,猞猁人
CREATURE:PLURAL,lynx men,猞猁人
CREATURE:ADJECTIVE,lynx man,猞猁人
CREATURE:CASTE:SINGULAR,lynx woman,雌猞猁人
CREATURE:CASTE:SINGULAR,lynx man,雄猞猁人
CREATURE:CASTE:PLURAL,lynx women,雌猞猁人
CREATURE:CASTE:PLURAL,lynx men,雄猞猁人
CREATURE:CASTE:ADJECTIVE,lynx woman,雌猞猁人
CREATURE:CASTE:ADJECTIVE,lynx man,雄猞猁人
CREATURE:SINGULAR,giant lynx,巨型猞猁
CREATURE:PLURAL,giant lynx,巨型猞猁
CREATURE:ADJECTIVE,giant lynx,巨型猞猁
CREATURE:CASTE:SINGULAR,giant lynx,巨型猞猁
CREATURE:CASTE:PLURAL,giant lynx,巨型猞猁
CREATURE:CASTE:ADJECTIVE,giant lynx,巨型猞猁
